Sample in Buffer,Sample in Window,TRIGGER,i_app/dcs_even/i_trace_sys/traceOut_event_data[63:0],i_app/dcs_even/i_trace_sys/traceOut_event_size[4:0],i_app/dcs_even/i_trace_sys/traceOut_event_vc[4:0],i_app/dcs_even/i_trace_sys/traceOut_src[2:0],i_app/dcs_even/i_trace_sys/traceOut_ts[63:0],i_app/dcs_even/i_trace_sys/dump_1,i_app/dcs_even/i_trace_sys/sampleLost
Radix - UNSIGNED,UNSIGNED,UNSIGNED,HEX,HEX,HEX,HEX,HEX,HEX,HEX
0,0,0,0000000000000000,00,00,0,0000000000000000,0,0
1,1,0,0000000000000000,00,00,0,0000000000000000,0,0
2,2,0,0000000000000000,00,00,0,0000000000000000,0,0
3,3,0,0000000000000000,00,00,0,0000000000000000,0,0
4,4,0,0000000000000000,00,00,0,0000000000000000,0,0
5,5,0,0000000000000000,00,00,0,0000000000000000,0,0
6,6,0,0000000000000000,00,00,0,0000000000000000,0,0
7,7,0,0000000000000000,00,00,0,0000000000000000,0,0
8,8,0,0000000000000000,00,00,0,0000000000000000,0,0
9,9,0,0000000000000000,00,00,0,0000000000000000,0,0
10,10,0,0000000000000000,00,00,0,0000000000000000,0,0
11,11,0,0000000000000000,00,00,0,0000000000000000,0,0
12,12,0,0000000000000000,00,00,0,0000000000000000,0,0
13,13,0,0000000000000000,00,00,0,0000000000000000,0,0
14,14,0,0000000000000000,00,00,0,0000000000000000,0,0
15,15,0,0000000000000000,00,00,0,0000000000000000,0,0
16,16,1,0000000000000000,00,00,0,0000000000000000,1,0
17,17,0,2840300000008580,01,06,0,0000009928079374,1,0
18,18,0,2847f00000008680,01,06,0,0000009928079377,1,0
19,19,0,5003c00000008180,11,04,4,0000009928079426,1,0
20,20,0,5003c00000008280,11,04,4,000000992807944a,1,0
21,21,0,5003c00000008380,11,04,4,000000992807946d,1,0
22,22,0,0007e00000008180,11,04,2,0000009928079476,1,0
23,23,0,5043c00000008480,11,04,4,0000009928079491,1,0
24,24,0,0007e00000008280,11,04,2,000000992807949a,1,0
25,25,0,5043c00000008580,11,04,4,00000099280794b4,1,0
26,26,0,0007e00000008380,11,04,2,00000099280794ba,1,0
27,27,0,5047c00000008680,11,04,4,00000099280794d8,1,0
28,28,0,0007e00000008480,11,04,2,00000099280794e0,1,0
29,29,0,0007e00000008580,11,04,2,0000009928079504,1,0
30,30,0,0007e00000008080,01,06,0,0000009928079528,1,0
31,31,0,0007e00000008680,11,04,2,000000992807952a,1,0
32,32,0,4807c00000008080,11,04,4,0000009928079771,1,0
33,33,0,3803e00000008080,01,06,0,0000009928079a00,1,0
34,34,0,2800300000008180,01,06,0,0000009928079a17,1,0
35,35,0,2800300000008280,01,06,0,0000009928079a1a,1,0
36,36,0,2804300000008380,01,06,0,0000009928079a1d,1,0
37,37,0,2844300000008480,01,06,0,0000009928079a20,1,0
38,38,0,2844300000008580,01,06,0,0000009928079a23,1,0
39,39,0,2847f00000008680,01,06,0,0000009928079a26,1,0
40,40,0,5000000000008080,01,0a,3,0000009928079a52,1,0
41,41,0,5003c00000008180,11,04,4,0000009928079ad9,1,0
42,42,0,5003c00000008280,11,04,4,0000009928079afc,1,0
43,43,0,5007c00000008380,11,04,4,0000009928079b20,1,0
44,44,0,0007e00000008180,11,04,2,0000009928079b28,1,0
45,45,0,5047c00000008480,11,04,4,0000009928079b43,1,0
46,46,0,0007e00000008280,11,04,2,0000009928079b4c,1,0
47,47,0,5047c00000008580,11,04,4,0000009928079b67,1,0
48,48,0,0007e00000008380,11,04,2,0000009928079b70,1,0
49,49,0,5047c00000008680,11,04,4,0000009928079b8a,1,0
50,50,0,0007e00000008480,11,04,2,0000009928079b92,1,0
51,51,0,0007e00000008580,11,04,2,0000009928079bb4,1,0
52,52,0,0007e00000008680,11,04,2,0000009928079bdb,1,0
53,53,0,5807e40000008080,01,08,5,0000009928079c6f,1,0
54,54,0,0003e00000008080,01,06,0,0000009928062df9,1,0
55,55,0,0007e00000008680,11,04,2,0000009928062dfb,1,0
56,56,0,4803c00000008080,11,04,4,0000009928063043,1,0
57,57,0,3803e00000008080,01,06,0,00000099280632b5,1,0
58,58,0,2800300000008180,01,06,0,00000099280632c9,1,0
59,59,0,2800300000008280,01,06,0,00000099280632cc,1,0
60,60,0,2800300000008380,01,06,0,00000099280632cf,1,0
61,61,0,2844300000008480,01,06,0,00000099280632d2,1,0
62,62,0,2840300000008580,01,06,0,00000099280632d5,1,0
63,63,0,2847f00000008680,01,06,0,00000099280632d8,1,0
64,64,0,5000000000008080,01,0a,3,0000009928063306,1,0
65,65,0,5003c00000008180,11,04,4,0000009928063387,1,0
66,66,0,5003c00000008280,11,04,4,00000099280633aa,1,0
67,67,0,5003c00000008380,11,04,4,00000099280633ce,1,0
68,68,0,0007e00000008180,11,04,2,00000099280633d6,1,0
69,69,0,5047c00000008480,11,04,4,00000099280633f1,1,0
70,70,0,0007e00000008280,11,04,2,00000099280633fa,1,0
71,71,0,5043c00000008580,11,04,4,0000009928063415,1,0
72,72,0,0007e00000008380,11,04,2,000000992806341d,1,0
73,73,0,5047c00000008680,11,04,4,0000009928063438,1,0
74,74,0,0007e00000008480,11,04,2,0000009928063440,1,0
75,75,0,0007e00000008580,11,04,2,0000009928063464,1,0
76,76,0,0007e00000008680,11,04,2,0000009928063489,1,0
77,77,0,5807e40000008080,01,08,5,000000992806351e,1,0
78,78,0,1807e00000008080,11,04,2,000000992806356c,1,0
79,79,0,2804300000008180,01,06,0,0000009928063952,1,0
80,80,0,2804300000008280,01,06,0,0000009928063955,1,0
81,81,0,2800300000008380,01,06,0,0000009928063958,1,0
82,82,0,2840300000008480,01,06,0,000000992806395b,1,0
83,83,0,2840300000008580,01,06,0,000000992806395e,1,0
84,84,0,2843f00000008680,01,06,0,0000009928063961,1,0
85,85,0,5007c00000008180,11,04,4,0000009928063a13,1,0
86,86,0,5007c00000008280,11,04,4,0000009928063a36,1,0
87,87,0,5003c00000008380,11,04,4,0000009928063a5a,1,0
88,88,0,0007e00000008180,11,04,2,0000009928063a60,1,0
89,89,0,5043c00000008480,11,04,4,0000009928063a7d,1,0
90,90,0,0007e00000008280,11,04,2,0000009928063a86,1,0
91,91,0,5043c00000008580,11,04,4,0000009928063aa1,1,0
92,92,0,0007e00000008380,11,04,2,0000009928063aaa,1,0
93,93,0,5043c00000008680,11,04,4,0000009928063ac4,1,0
94,94,0,0007e00000008480,11,04,2,0000009928063acc,1,0
95,95,0,0007e00000008580,11,04,2,0000009928063af0,1,0
96,96,0,0007e00000008680,11,04,2,0000009928063b13,1,0
97,97,0,0003e00000008080,01,06,0,0000009928063b15,1,0
98,98,0,4803c00000008080,11,04,4,0000009928063d5f,1,0
99,99,0,3807e00000008080,01,06,0,0000009928063fc5,1,0
100,100,0,2800300000008180,01,06,0,0000009928063fdb,1,0
101,101,0,2804300000008280,01,06,0,0000009928063fde,1,0
102,102,0,2804300000008380,01,06,0,0000009928063fe1,1,0
103,103,0,2840300000008480,01,06,0,0000009928063fe4,1,0
104,104,0,2840300000008580,01,06,0,0000009928063fe7,1,0
105,105,0,2843f00000008680,01,06,0,0000009928063fea,1,0
106,106,0,5004000000008080,01,0a,3,0000009928064016,1,0
107,107,0,5003c00000008180,11,04,4,000000992806409a,1,0
108,108,0,5007c00000008280,11,04,4,00000099280640bd,1,0
109,109,0,5007c00000008380,11,04,4,00000099280640e1,1,0
110,110,0,0007e00000008180,11,04,2,00000099280640ea,1,0
111,111,0,5043c00000008480,11,04,4,0000009928064104,1,0
112,112,0,0007e00000008280,11,04,2,000000992806410c,1,0
113,113,0,5043c00000008580,11,04,4,0000009928064128,1,0
114,114,0,0007e00000008380,11,04,2,000000992806412e,1,0
115,115,0,5043c00000008680,11,04,4,000000992806414b,1,0
116,116,0,0007e00000008480,11,04,2,0000009928064154,1,0
117,117,0,0007e00000008580,11,04,2,0000009928064178,1,0
118,118,0,0007e00000008680,11,04,2,000000992806419c,1,0
119,119,0,5807e40000008080,01,08,5,0000009928064230,1,0
120,120,0,1807e00000008080,11,04,2,000000992806427e,1,0
121,121,0,2800300000008180,01,06,0,0000009928064659,1,0
122,122,0,2804300000008280,01,06,0,000000992806465c,1,0
123,123,0,2800300000008380,01,06,0,000000992806465f,1,0
124,124,0,2844300000008480,01,06,0,0000009928064662,1,0
125,125,0,2840300000008580,01,06,0,0000009928064665,1,0
126,126,0,2843f00000008680,01,06,0,0000009928064668,1,0
127,127,0,5003c00000008180,11,04,4,0000009928064717,1,0
128,128,0,5007c00000008280,11,04,4,000000992806473a,1,0
129,129,0,5003c00000008380,11,04,4,000000992806475e,1,0
130,130,0,0007e00000008180,11,04,2,0000009928064766,1,0
131,131,0,5047c00000008480,11,04,4,0000009928064781,1,0
132,132,0,0007e00000008280,11,04,2,000000992806478a,1,0
133,133,0,5043c00000008580,11,04,4,00000099280647a5,1,0
134,134,0,0007e00000008380,11,04,2,00000099280647ae,1,0
135,135,0,5043c00000008680,11,04,4,00000099280647c8,1,0
136,136,0,0007e00000008480,11,04,2,00000099280647ce,1,0
137,137,0,0007e00000008580,11,04,2,00000099280647f4,1,0
138,138,0,0003e00000008080,01,06,0,0000009928064818,1,0
139,139,0,0007e00000008680,11,04,2,000000992806481a,1,0
140,140,0,4803c00000008080,11,04,4,0000009928064a62,1,0
141,141,0,7007e40000000080,01,08,5,000000992806c96f,1,0
142,142,0,2004200000000080,01,0a,1,000000992806c9b3,1,0
143,143,0,0007e00000000080,01,06,0,000000992806cc9e,1,0
144,144,0,4807c00000000080,11,04,4,000000992806ce6b,1,0
145,145,0,7007e40000000080,01,08,5,000000992806d15a,1,0
146,146,0,2004200000000080,01,0a,1,000000992806d19c,1,0
147,147,0,0007e00000000080,01,06,0,000000992806d459,1,0
148,148,0,4807c00000000080,11,04,4,000000992806d62c,1,0
149,149,0,7007e40000000080,01,08,5,000000992806d91a,1,0
150,150,0,2004200000000080,01,0a,1,000000992806d95e,1,0
151,151,0,0007e00000000080,01,06,0,000000992806dc28,1,0
152,152,0,4807c00000000080,11,04,4,000000992806dded,1,0
153,153,0,3803e00000008080,01,06,0,00000099280718b5,1,0
154,154,0,2800300000008180,01,06,0,00000099280718d1,1,0
155,155,0,2804300000008280,01,06,0,00000099280718d6,1,0
156,156,0,2800300000008380,01,06,0,00000099280718d9,1,0
157,157,0,2844300000008480,01,06,0,00000099280718dc,1,0
158,158,0,2840300000008580,01,06,0,00000099280718df,1,0
159,159,0,2843f00000008680,01,06,0,00000099280718e2,1,0
160,160,0,5000000000008080,01,0a,3,0000009928071906,1,0
161,161,0,5003c00000008180,11,04,4,0000009928071990,1,0
162,162,0,5007c00000008280,11,04,4,00000099280719b4,1,0
163,163,0,5003c00000008380,11,04,4,00000099280719d7,1,0
164,164,0,0007e00000008180,11,04,2,00000099280719de,1,0
165,165,0,5047c00000008480,11,04,4,00000099280719fb,1,0
166,166,0,0007e00000008280,11,04,2,0000009928071a04,1,0
167,167,0,5043c00000008580,11,04,4,0000009928071a1e,1,0
168,168,0,0007e00000008380,11,04,2,0000009928071a26,1,0
169,169,0,5043c00000008680,11,04,4,0000009928071a41,1,0
170,170,0,0007e00000008480,11,04,2,0000009928071a4a,1,0
171,171,0,0007e00000008580,11,04,2,0000009928071a6d,1,0
172,172,0,0007e00000008680,11,04,2,0000009928071a92,1,0
173,173,0,5807e40000008080,01,08,5,0000009928071b27,1,0
174,174,0,1807e00000008080,11,04,2,0000009928071b72,1,0
175,175,0,2800300000008180,01,06,0,0000009928072075,1,0
176,176,0,2804300000008280,01,06,0,0000009928072078,1,0
177,177,0,2800300000008380,01,06,0,000000992807207b,1,0
178,178,0,2840300000008480,01,06,0,000000992807207e,1,0
179,179,0,2840300000008580,01,06,0,0000009928072081,1,0
180,180,0,2843f00000008680,01,06,0,0000009928072084,1,0
181,181,0,5003c00000008180,11,04,4,0000009928072138,1,0
182,182,0,5007c00000008280,11,04,4,000000992807215b,1,0
183,183,0,5003c00000008380,11,04,4,000000992807217f,1,0
184,184,0,0007e00000008180,11,04,2,0000009928072188,1,0
185,185,0,5043c00000008480,11,04,4,00000099280721a2,1,0
186,186,0,0007e00000008280,11,04,2,00000099280721aa,1,0
187,187,0,5043c00000008580,11,04,4,00000099280721c5,1,0
188,188,0,0007e00000008380,11,04,2,00000099280721ce,1,0
189,189,0,5043c00000008680,11,04,4,00000099280721e9,1,0
190,190,0,0007e00000008480,11,04,2,00000099280721f2,1,0
191,191,0,0007e00000008580,11,04,2,0000009928072212,1,0
192,192,0,0007e00000008080,01,06,0,0000009928072238,1,0
193,193,0,0007e00000008680,11,04,2,000000992807223a,1,0
194,194,0,4807c00000008080,11,04,4,000000992807247f,1,0
195,195,0,3803e00000008080,01,06,0,000000992807270e,1,0
196,196,0,2800300000008180,01,06,0,0000009928072724,1,0
197,197,0,2804300000008280,01,06,0,0000009928072728,1,0
198,198,0,2800300000008380,01,06,0,000000992807272b,1,0
199,199,0,2840300000008480,01,06,0,000000992807272e,1,0
200,200,0,2840300000008580,01,06,0,0000009928072731,1,0
201,201,0,2843f00000008680,01,06,0,0000009928072734,1,0
202,202,0,5000000000008080,01,0a,3,0000009928072760,1,0
203,203,0,5003c00000008180,11,04,4,00000099280727e2,1,0
204,204,0,5007c00000008280,11,04,4,0000009928072805,1,0
205,205,0,5003c00000008380,11,04,4,0000009928072829,1,0
206,206,0,0007e00000008180,11,04,2,0000009928072830,1,0
207,207,0,5043c00000008480,11,04,4,000000992807284c,1,0
208,208,0,0007e00000008280,11,04,2,0000009928072854,1,0
209,209,0,5043c00000008580,11,04,4,0000009928072870,1,0
210,210,0,0007e00000008380,11,04,2,0000009928072878,1,0
211,211,0,5043c00000008680,11,04,4,0000009928072893,1,0
212,212,0,0007e00000008480,11,04,2,000000992807289c,1,0
213,213,0,0007e00000008580,11,04,2,00000099280728c0,1,0
214,214,0,0007e00000008680,11,04,2,00000099280728e2,1,0
215,215,0,5807e40000008080,01,08,5,0000009928072979,1,0
216,216,0,1807e00000008080,11,04,2,00000099280729c6,1,0
217,217,0,2800300000008180,01,06,0,0000009928072dc8,1,0
218,218,0,2800300000008280,01,06,0,0000009928072dcb,1,0
219,219,0,2804300000008380,01,06,0,0000009928072dce,1,0
220,220,0,2840300000008480,01,06,0,0000009928072dd1,1,0
221,221,0,2844300000008580,01,06,0,0000009928072dd4,1,0
222,222,0,2847f00000008680,01,06,0,0000009928072dd7,1,0
223,223,0,5003c00000008180,11,04,4,0000009928072e86,1,0
224,224,0,5003c00000008280,11,04,4,0000009928072ea9,1,0
225,225,0,5007c00000008380,11,04,4,0000009928072ecd,1,0
226,226,0,0007e00000008180,11,04,2,0000009928072ed4,1,0
227,227,0,5043c00000008480,11,04,4,0000009928072ef0,1,0
228,228,0,0007e00000008280,11,04,2,0000009928072ef8,1,0
229,229,0,5047c00000008580,11,04,4,0000009928072f14,1,0
230,230,0,0007e00000008380,11,04,2,0000009928072f1c,1,0
231,231,0,5047c00000008680,11,04,4,0000009928072f37,1,0
232,232,0,0007e00000008480,11,04,2,0000009928072f40,1,0
233,233,0,0007e00000008580,11,04,2,0000009928072f64,1,0
234,234,0,0007e00000008080,01,06,0,0000009928072f86,1,0
235,235,0,0007e00000008680,11,04,2,0000009928072f86,1,0
236,236,0,4807c00000008080,11,04,4,00000099280731d1,1,0
237,237,0,3803e00000008080,01,06,0,0000009928073449,1,0
238,238,0,2804300000008180,01,06,0,000000992807345e,1,0
239,239,0,2800300000008280,01,06,0,0000009928073461,1,0
240,240,0,2800300000008380,01,06,0,0000009928073464,1,0
241,241,0,2840300000008480,01,06,0,0000009928073467,1,0
242,242,0,2840300000008580,01,06,0,000000992807346a,1,0
243,243,0,2847f00000008680,01,06,0,000000992807346d,1,0
244,244,0,5000000000008080,01,0a,3,000000992807349b,1,0
245,245,0,5007c00000008180,11,04,4,0000009928073520,1,0
246,246,0,5003c00000008280,11,04,4,0000009928073544,1,0
247,247,0,5003c00000008380,11,04,4,0000009928073567,1,0
248,248,0,0007e00000008180,11,04,2,0000009928073570,1,0
249,249,0,5043c00000008480,11,04,4,000000992807358b,1,0
250,250,0,0007e00000008280,11,04,2,0000009928073595,1,0
251,251,0,5043c00000008580,11,04,4,00000099280735ae,1,0
252,252,0,0007e00000008380,11,04,2,00000099280735b7,1,0
253,253,0,5047c00000008680,11,04,4,00000099280735d1,1,0
254,254,0,0007e00000008480,11,04,2,00000099280735db,1,0
255,255,0,0007e00000008580,11,04,2,00000099280735fd,1,0
256,256,0,0007e00000008680,11,04,2,0000009928073622,1,0
257,257,0,5807e40000008080,01,08,5,00000099280736b7,1,0
258,258,0,1807e00000008080,11,04,2,0000009928073702,1,0
259,259,0,2804300000008180,01,06,0,0000009928073b00,1,0
260,260,0,2804300000008280,01,06,0,0000009928073b03,1,0
261,261,0,2804300000008380,01,06,0,0000009928073b06,1,0
262,262,0,2840300000008480,01,06,0,0000009928073b09,1,0
263,263,0,2840300000008580,01,06,0,0000009928073b0c,1,0
264,264,0,2843f00000008680,01,06,0,0000009928073b0f,1,0
265,265,0,5007c00000008180,11,04,4,0000009928073bc1,1,0
266,266,0,5007c00000008280,11,04,4,0000009928073be4,1,0
267,267,0,5007c00000008380,11,04,4,0000009928073c08,1,0
268,268,0,0007e00000008180,11,04,2,0000009928073c10,1,0
269,269,0,5043c00000008480,11,04,4,0000009928073c2b,1,0
270,270,0,0007e00000008280,11,04,2,0000009928073c34,1,0
271,271,0,5043c00000008580,11,04,4,0000009928073c4f,1,0
272,272,0,0007e00000008380,11,04,2,0000009928073c58,1,0
273,273,0,5043c00000008680,11,04,4,0000009928073c72,1,0
274,274,0,0007e00000008480,11,04,2,0000009928073c7a,1,0
275,275,0,0007e00000008580,11,04,2,0000009928073c9c,1,0
276,276,0,0007e00000008080,01,06,0,0000009928073cc1,1,0
277,277,0,0007e00000008680,11,04,2,0000009928073cc3,1,0
278,278,0,4807c00000008080,11,04,4,0000009928073f08,1,0
279,279,0,3803e00000008080,01,06,0,0000009928074191,1,0
280,280,0,2800300000008180,01,06,0,00000099280741a8,1,0
281,281,0,2800300000008280,01,06,0,00000099280741ab,1,0
282,282,0,2804300000008380,01,06,0,00000099280741ae,1,0
283,283,0,2844300000008480,01,06,0,00000099280741b1,1,0
284,284,0,2840300000008580,01,06,0,00000099280741b4,1,0
285,285,0,2843f00000008680,01,06,0,00000099280741b7,1,0
286,286,0,5000000000008080,01,0a,3,00000099280741e3,1,0
287,287,0,5003c00000008180,11,04,4,0000009928074268,1,0
288,288,0,5003c00000008280,11,04,4,000000992807428c,1,0
289,289,0,5007c00000008380,11,04,4,00000099280742af,1,0
290,290,0,0007e00000008180,11,04,2,00000099280742b6,1,0
291,291,0,5047c00000008480,11,04,4,00000099280742d2,1,0
292,292,0,0007e00000008280,11,04,2,00000099280742dc,1,0
293,293,0,5043c00000008580,11,04,4,00000099280742f6,1,0
294,294,0,0007e00000008380,11,04,2,00000099280742fe,1,0
295,295,0,5043c00000008680,11,04,4,0000009928074319,1,0
296,296,0,0007e00000008480,11,04,2,0000009928074322,1,0
297,297,0,0007e00000008580,11,04,2,0000009928074346,1,0
298,298,0,0007e00000008680,11,04,2,0000009928074367,1,0
299,299,0,5807e40000008080,01,08,5,00000099280743fb,1,0
300,300,0,1807e00000008080,11,04,2,0000009928074446,1,0
301,301,0,2800300000008180,01,06,0,000000992807484f,1,0
302,302,0,2800300000008280,01,06,0,0000009928074852,1,0
303,303,0,2800300000008380,01,06,0,0000009928074855,1,0
304,304,0,2844300000008480,01,06,0,0000009928074858,1,0
305,305,0,2844300000008580,01,06,0,000000992807485b,1,0
306,306,0,2847f00000008680,01,06,0,000000992807485e,1,0
307,307,0,5003c00000008180,11,04,4,000000992807490e,1,0
308,308,0,5003c00000008280,11,04,4,0000009928074931,1,0
309,309,0,5003c00000008380,11,04,4,0000009928074955,1,0
310,310,0,0007e00000008180,11,04,2,000000992807495e,1,0
311,311,0,5047c00000008480,11,04,4,0000009928074978,1,0
312,312,0,0007e00000008280,11,04,2,0000009928074980,1,0
313,313,0,5047c00000008580,11,04,4,000000992807499b,1,0
314,314,0,0007e00000008380,11,04,2,00000099280749a4,1,0
315,315,0,5047c00000008680,11,04,4,00000099280749bf,1,0
316,316,0,0007e00000008480,11,04,2,00000099280749c8,1,0
317,317,0,0007e00000008580,11,04,2,00000099280749ea,1,0
318,318,0,0003e00000008080,01,06,0,0000009928074a0e,1,0
319,319,0,0007e00000008680,11,04,2,0000009928074a10,1,0
320,320,0,4803c00000008080,11,04,4,0000009928074c58,1,0
321,321,0,3803e00000008080,01,06,0,0000009928074f00,1,0
322,322,0,2804300000008180,01,06,0,0000009928074f14,1,0
323,323,0,2804300000008280,01,06,0,0000009928074f19,1,0
324,324,0,2804300000008380,01,06,0,0000009928074f1c,1,0
325,325,0,2844300000008480,01,06,0,0000009928074f1f,1,0
326,326,0,2840300000008580,01,06,0,0000009928074f22,1,0
327,327,0,2843f00000008680,01,06,0,0000009928074f25,1,0
328,328,0,5000000000008080,01,0a,3,0000009928074f51,1,0
329,329,0,5007c00000008180,11,04,4,0000009928074fd3,1,0
330,330,0,5007c00000008280,11,04,4,0000009928074ff7,1,0
331,331,0,5007c00000008380,11,04,4,000000992807501a,1,0
332,332,0,0007e00000008180,11,04,2,0000009928075022,1,0
333,333,0,5047c00000008480,11,04,4,000000992807503e,1,0
334,334,0,0007e00000008280,11,04,2,0000009928075046,1,0
335,335,0,5043c00000008580,11,04,4,0000009928075061,1,0
336,336,0,0007e00000008380,11,04,2,000000992807506a,1,0
337,337,0,5043c00000008680,11,04,4,0000009928075085,1,0
338,338,0,0007e00000008480,11,04,2,000000992807508e,1,0
339,339,0,0007e00000008580,11,04,2,00000099280750ae,1,0
340,340,0,0007e00000008680,11,04,2,00000099280750d6,1,0
341,341,0,5807e40000008080,01,08,5,000000992807516a,1,0
342,342,0,1807e00000008080,11,04,2,00000099280751b6,1,0
343,343,0,2800300000008180,01,06,0,00000099280755dd,1,0
344,344,0,2804300000008280,01,06,0,00000099280755e0,1,0
345,345,0,2804300000008380,01,06,0,00000099280755e3,1,0
346,346,0,2840300000008480,01,06,0,00000099280755e7,1,0
347,347,0,2840300000008580,01,06,0,00000099280755ea,1,0
348,348,0,2843f00000008680,01,06,0,00000099280755ed,1,0
349,349,0,5003c00000008180,11,04,4,000000992807568b,1,0
350,350,0,5007c00000008280,11,04,4,00000099280756ae,1,0
351,351,0,5007c00000008380,11,04,4,00000099280756d2,1,0
352,352,0,0007e00000008180,11,04,2,00000099280756da,1,0
353,353,0,5043c00000008480,11,04,4,00000099280756f5,1,0
354,354,0,0007e00000008280,11,04,2,00000099280756fe,1,0
355,355,0,5043c00000008580,11,04,4,0000009928075719,1,0
356,356,0,0007e00000008380,11,04,2,0000009928075720,1,0
357,357,0,5043c00000008680,11,04,4,000000992807573c,1,0
358,358,0,0007e00000008480,11,04,2,0000009928075744,1,0
359,359,0,0007e00000008580,11,04,2,0000009928075768,1,0
360,360,0,0007e00000008680,11,04,2,000000992807578d,1,0
361,361,0,0007e00000008080,01,06,0,000000992807579a,1,0
362,362,0,4807c00000008080,11,04,4,00000099280759e2,1,0
363,363,0,7007e40000000080,01,08,5,0000009928075af2,1,0
364,364,0,2004200000000080,01,0a,1,0000009928075b36,1,0
365,365,0,3803e00000008080,01,06,0,0000009928075d7d,1,0
366,366,0,2800300000008180,01,06,0,0000009928075d94,1,0
367,367,0,2804300000008280,01,06,0,0000009928075d97,1,0
368,368,0,2800300000008380,01,06,0,0000009928075d9a,1,0
369,369,0,2840300000008480,01,06,0,0000009928075d9d,1,0
370,370,0,2844300000008580,01,06,0,0000009928075da0,1,0
371,371,0,2843f00000008680,01,06,0,0000009928075da3,1,0
372,372,0,5000000000008080,01,0a,3,0000009928075dcf,1,0
373,373,0,5003c00000008180,11,04,4,0000009928075e54,1,0
374,374,0,5007c00000008280,11,04,4,0000009928075e77,1,0
375,375,0,5003c00000008380,11,04,4,0000009928075e9b,1,0
376,376,0,0007e00000008180,11,04,2,0000009928075ea2,1,0
377,377,0,5043c00000008480,11,04,4,0000009928075ebe,1,0
378,378,0,0007e00000008280,11,04,2,0000009928075ec6,1,0
379,379,0,5047c00000008580,11,04,4,0000009928075ee2,1,0
380,380,0,0007e00000008380,11,04,2,0000009928075eea,1,0
381,381,0,5043c00000008680,11,04,4,0000009928075f05,1,0
382,382,0,0007e00000008480,11,04,2,0000009928075f0e,1,0
383,383,0,0007e00000008580,11,04,2,0000009928075f32,1,0
384,384,0,0007e00000008680,11,04,2,0000009928075f53,1,0
385,385,0,5807e40000008080,01,08,5,0000009928075fef,1,0
386,386,0,1807e00000008080,11,04,2,000000992807603c,1,0
387,387,0,0003e00000000080,01,06,0,0000009928076219,1,0
388,388,0,4803c00000000080,11,04,4,00000099280763e9,1,0
389,389,0,2804300000008180,01,06,0,000000992807659b,1,0
390,390,0,2804300000008280,01,06,0,000000992807659e,1,0
391,391,0,2800300000008380,01,06,0,00000099280765a1,1,0
392,392,0,2844300000008480,01,06,0,00000099280765a4,1,0
393,393,0,2844300000008580,01,06,0,00000099280765a7,1,0
394,394,0,2843f00000008680,01,06,0,00000099280765aa,1,0
395,395,0,5007c00000008180,11,04,4,000000992807665e,1,0
396,396,0,5007c00000008280,11,04,4,0000009928076681,1,0
397,397,0,5003c00000008380,11,04,4,00000099280766a5,1,0
398,398,0,0007e00000008180,11,04,2,00000099280766ae,1,0
399,399,0,5047c00000008480,11,04,4,00000099280766c8,1,0
400,400,0,0007e00000008280,11,04,2,00000099280766d0,1,0
401,401,0,5047c00000008580,11,04,4,00000099280766eb,1,0
402,402,0,0007e00000008380,11,04,2,00000099280766f4,1,0
403,403,0,5043c00000008680,11,04,4,000000992807670f,1,0
404,404,0,0007e00000008480,11,04,2,0000009928076718,1,0
405,405,0,0007e00000008580,11,04,2,000000992807673a,1,0
406,406,0,0007e00000008680,11,04,2,000000992807675f,1,0
407,407,0,0007e00000008080,01,06,0,0000009928076764,1,0
408,408,0,4807c00000008080,11,04,4,00000099280769af,1,0
409,409,0,7007e40000000080,01,08,5,0000009928076b02,1,0
410,410,0,2004200000000080,01,0a,1,0000009928076b46,1,0
411,411,0,3807e00000008080,01,06,0,0000009928076d8d,1,0
412,412,0,2800300000008180,01,06,0,0000009928076da3,1,0
413,413,0,2804300000008280,01,06,0,0000009928076da6,1,0
414,414,0,2804300000008380,01,06,0,0000009928076da9,1,0
415,415,0,2840300000008480,01,06,0,0000009928076dac,1,0
416,416,0,2840300000008580,01,06,0,0000009928076daf,1,0
417,417,0,2843f00000008680,01,06,0,0000009928076db2,1,0
418,418,0,5004000000008080,01,0a,3,0000009928076ddf,1,0
419,419,0,5003c00000008180,11,04,4,0000009928076e62,1,0
420,420,0,5007c00000008280,11,04,4,0000009928076e86,1,0
421,421,0,5007c00000008380,11,04,4,0000009928076ea9,1,0
422,422,0,0007e00000008180,11,04,2,0000009928076eb0,1,0
423,423,0,5043c00000008480,11,04,4,0000009928076ecd,1,0
424,424,0,0007e00000008280,11,04,2,0000009928076ed6,1,0
425,425,0,5043c00000008580,11,04,4,0000009928076ef0,1,0
426,426,0,0007e00000008380,11,04,2,0000009928076ef8,1,0
427,427,0,5043c00000008680,11,04,4,0000009928076f14,1,0
428,428,0,0007e00000008480,11,04,2,0000009928076f1c,1,0
429,429,0,0007e00000008580,11,04,2,0000009928076f40,1,0
430,430,0,0007e00000008680,11,04,2,0000009928076f63,1,0
431,431,0,5807e40000008080,01,08,5,0000009928077000,1,0
432,432,0,1807e00000008080,11,04,2,000000992807704e,1,0
433,433,0,0003e00000000080,01,06,0,000000992807722f,1,0
434,434,0,4803c00000000080,11,04,4,00000099280773f5,1,0
435,435,0,2800300000008180,01,06,0,000000992807758e,1,0
436,436,0,2800300000008280,01,06,0,0000009928077591,1,0
437,437,0,2804300000008380,01,06,0,0000009928077594,1,0
438,438,0,2840300000008480,01,06,0,0000009928077597,1,0
439,439,0,2840300000008580,01,06,0,000000992807759a,1,0
440,440,0,2847f00000008680,01,06,0,000000992807759d,1,0
441,441,0,5003c00000008180,11,04,4,000000992807764c,1,0
442,442,0,5003c00000008280,11,04,4,000000992807766f,1,0
443,443,0,5007c00000008380,11,04,4,0000009928077693,1,0
444,444,0,0007e00000008180,11,04,2,000000992807769c,1,0
445,445,0,5043c00000008480,11,04,4,00000099280776b6,1,0
446,446,0,0007e00000008280,11,04,2,00000099280776bf,1,0
447,447,0,5043c00000008580,11,04,4,00000099280776da,1,0
448,448,0,0007e00000008380,11,04,2,00000099280776e0,1,0
449,449,0,5047c00000008680,11,04,4,00000099280776fd,1,0
450,450,0,0007e00000008480,11,04,2,0000009928077706,1,0
451,451,0,0007e00000008580,11,04,2,000000992807772a,1,0
452,452,0,0007e00000008080,01,06,0,000000992807774c,1,0
453,453,0,0007e00000008680,11,04,2,000000992807774e,1,0
454,454,0,4807c00000008080,11,04,4,0000009928077997,1,0
455,455,0,3803e00000008080,01,06,0,0000009928077c1d,1,0
456,456,0,2800300000008180,01,06,0,0000009928077c32,1,0
457,457,0,2804300000008280,01,06,0,0000009928077c35,1,0
458,458,0,2800300000008380,01,06,0,0000009928077c38,1,0
459,459,0,2840300000008480,01,06,0,0000009928077c3b,1,0
460,460,0,2840300000008580,01,06,0,0000009928077c3e,1,0
461,461,0,2843f00000008680,01,06,0,0000009928077c41,1,0
462,462,0,5000000000008080,01,0a,3,0000009928077c6e,1,0
463,463,0,5003c00000008180,11,04,4,0000009928077cf0,1,0
464,464,0,5007c00000008280,11,04,4,0000009928077d13,1,0
465,465,0,5003c00000008380,11,04,4,0000009928077d37,1,0
466,466,0,0007e00000008180,11,04,2,0000009928077d40,1,0
467,467,0,5043c00000008480,11,04,4,0000009928077d5a,1,0
468,468,0,0007e00000008280,11,04,2,0000009928077d62,1,0
469,469,0,5043c00000008580,11,04,4,0000009928077d7e,1,0
470,470,0,0007e00000008380,11,04,2,0000009928077d84,1,0
471,471,0,5043c00000008680,11,04,4,0000009928077da1,1,0
472,472,0,0007e00000008480,11,04,2,0000009928077daa,1,0
473,473,0,0007e00000008580,11,04,2,0000009928077dce,1,0
474,474,0,0007e00000008680,11,04,2,0000009928077df2,1,0
475,475,0,5807e40000008080,01,08,5,0000009928077e86,1,0
476,476,0,1807e00000008080,11,04,2,0000009928077ed4,1,0
477,477,0,7007e40000000080,01,08,5,000000992807814a,1,0
478,478,0,2004200000000080,01,0a,1,000000992807818c,1,0
479,479,0,2804300000008180,01,06,0,00000099280783ed,1,0
480,480,0,2800300000008280,01,06,0,00000099280783f0,1,0
481,481,0,2800300000008380,01,06,0,00000099280783f3,1,0
482,482,0,2840300000008480,01,06,0,00000099280783f6,1,0
483,483,0,2844300000008580,01,06,0,00000099280783f9,1,0
484,484,0,2847f00000008680,01,06,0,00000099280783fc,1,0
485,485,0,5007c00000008180,11,04,4,00000099280784ac,1,0
486,486,0,5003c00000008280,11,04,4,00000099280784d0,1,0
487,487,0,5003c00000008380,11,04,4,00000099280784f3,1,0
488,488,0,0007e00000008180,11,04,2,00000099280784fc,1,0
489,489,0,5043c00000008480,11,04,4,0000009928078517,1,0
490,490,0,0007e00000008280,11,04,2,0000009928078520,1,0
491,491,0,5047c00000008580,11,04,4,000000992807853a,1,0
492,492,0,0007e00000008380,11,04,2,0000009928078542,1,0
493,493,0,5047c00000008680,11,04,4,000000992807855d,1,0
494,494,0,0007e00000008480,11,04,2,0000009928078566,1,0
495,495,0,0007e00000008580,11,04,2,0000009928078588,1,0
496,496,0,0007e00000008680,11,04,2,00000099280785ae,1,0
497,497,0,0003e00000008080,01,06,0,00000099280785b4,1,0
498,498,0,4803c00000008080,11,04,4,00000099280787ff,1,0
499,499,0,0003e00000000080,01,06,0,0000009928078878,1,0
500,500,0,4803c00000000080,11,04,4,0000009928078a3d,1,0
501,501,0,3807e00000008080,01,06,0,0000009928078bbf,1,0
502,502,0,2800300000008180,01,06,0,0000009928078bd6,1,0
503,503,0,2804300000008280,01,06,0,0000009928078bd9,1,0
504,504,0,2800300000008380,01,06,0,0000009928078bdc,1,0
505,505,0,2840300000008480,01,06,0,0000009928078bdf,1,0
506,506,0,2840300000008580,01,06,0,0000009928078be2,1,0
507,507,0,2843f00000008680,01,06,0,0000009928078be5,1,0
508,508,0,5004000000008080,01,0a,3,0000009928078c10,1,0
509,509,0,5003c00000008180,11,04,4,0000009928078c94,1,0
510,510,0,5007c00000008280,11,04,4,0000009928078cb7,1,0
511,511,0,5003c00000008380,11,04,4,0000009928078cdb,1,0
512,512,0,0007e00000008180,11,04,2,0000009928078ce4,1,0
513,513,0,5043c00000008480,11,04,4,0000009928078cfe,1,0
514,514,0,0007e00000008280,11,04,2,0000009928078d06,1,0
515,515,0,5043c00000008580,11,04,4,0000009928078d22,1,0
516,516,0,0007e00000008380,11,04,2,0000009928078d2a,1,0
517,517,0,5043c00000008680,11,04,4,0000009928078d45,1,0
518,518,0,0007e00000008480,11,04,2,0000009928078d4e,1,0
519,519,0,0007e00000008580,11,04,2,0000009928078d72,1,0
520,520,0,0007e00000008680,11,04,2,0000009928078d95,1,0
521,521,0,5807e40000008080,01,08,5,0000009928078e2b,1,0
522,522,0,1807e00000008080,11,04,2,0000009928078e7a,1,0
523,523,0,7007e40000000080,01,08,5,00000099280790ec,1,0
524,524,0,2004200000000080,01,0a,1,000000992807912d,1,0
525,525,0,2800300000008180,01,06,0,0000009928079368,1,0
526,526,0,2800300000008280,01,06,0,000000992807936b,1,0
527,527,0,2800300000008380,01,06,0,000000992807936e,1,0
528,528,0,2840300000008480,01,06,0,0000009928079371,1,0
529,529,0,0000000000000000,00,00,0,0000000000000000,1,0
530,530,0,0000000000000000,00,00,0,0000000000000000,1,0
531,531,0,0000000000000000,00,00,0,0000000000000000,1,0
532,532,0,0000000000000000,00,00,0,0000000000000000,1,0
533,533,0,0000000000000000,00,00,0,0000000000000000,1,0
534,534,0,0000000000000000,00,00,0,0000000000000000,1,0
535,535,0,0000000000000000,00,00,0,0000000000000000,1,0
536,536,0,0000000000000000,00,00,0,0000000000000000,1,0
537,537,0,0000000000000000,00,00,0,0000000000000000,1,0
538,538,0,0000000000000000,00,00,0,0000000000000000,1,0
539,539,0,0000000000000000,00,00,0,0000000000000000,1,0
540,540,0,0000000000000000,00,00,0,0000000000000000,1,0
541,541,0,0000000000000000,00,00,0,0000000000000000,1,0
542,542,0,0000000000000000,00,00,0,0000000000000000,1,0
543,543,0,0000000000000000,00,00,0,0000000000000000,1,0
544,544,0,0000000000000000,00,00,0,0000000000000000,1,0
545,545,0,0000000000000000,00,00,0,0000000000000000,1,0
546,546,0,0000000000000000,00,00,0,0000000000000000,1,0
547,547,0,0000000000000000,00,00,0,0000000000000000,1,0
548,548,0,0000000000000000,00,00,0,0000000000000000,1,0
549,549,0,0000000000000000,00,00,0,0000000000000000,1,0
550,550,0,0000000000000000,00,00,0,0000000000000000,1,0
551,551,0,0000000000000000,00,00,0,0000000000000000,1,0
552,552,0,0000000000000000,00,00,0,0000000000000000,1,0
553,553,0,0000000000000000,00,00,0,0000000000000000,1,0
554,554,0,0000000000000000,00,00,0,0000000000000000,1,0
555,555,0,0000000000000000,00,00,0,0000000000000000,1,0
556,556,0,0000000000000000,00,00,0,0000000000000000,1,0
557,557,0,0000000000000000,00,00,0,0000000000000000,1,0
558,558,0,0000000000000000,00,00,0,0000000000000000,1,0
559,559,0,0000000000000000,00,00,0,0000000000000000,1,0
560,560,0,0000000000000000,00,00,0,0000000000000000,1,0
561,561,0,0000000000000000,00,00,0,0000000000000000,1,0
562,562,0,0000000000000000,00,00,0,0000000000000000,1,0
563,563,0,0000000000000000,00,00,0,0000000000000000,1,0
564,564,0,0000000000000000,00,00,0,0000000000000000,1,0
565,565,0,0000000000000000,00,00,0,0000000000000000,1,0
566,566,0,0000000000000000,00,00,0,0000000000000000,1,0
567,567,0,0000000000000000,00,00,0,0000000000000000,1,0
568,568,0,0000000000000000,00,00,0,0000000000000000,1,0
569,569,0,0000000000000000,00,00,0,0000000000000000,1,0
570,570,0,0000000000000000,00,00,0,0000000000000000,1,0
571,571,0,0000000000000000,00,00,0,0000000000000000,1,0
572,572,0,0000000000000000,00,00,0,0000000000000000,1,0
573,573,0,0000000000000000,00,00,0,0000000000000000,1,0
574,574,0,0000000000000000,00,00,0,0000000000000000,1,0
575,575,0,0000000000000000,00,00,0,0000000000000000,1,0
576,576,0,0000000000000000,00,00,0,0000000000000000,1,0
577,577,0,0000000000000000,00,00,0,0000000000000000,1,0
578,578,0,0000000000000000,00,00,0,0000000000000000,1,0
579,579,0,0000000000000000,00,00,0,0000000000000000,1,0
580,580,0,0000000000000000,00,00,0,0000000000000000,1,0
581,581,0,0000000000000000,00,00,0,0000000000000000,1,0
582,582,0,0000000000000000,00,00,0,0000000000000000,1,0
583,583,0,0000000000000000,00,00,0,0000000000000000,1,0
584,584,0,0000000000000000,00,00,0,0000000000000000,1,0
585,585,0,0000000000000000,00,00,0,0000000000000000,1,0
586,586,0,0000000000000000,00,00,0,0000000000000000,1,0
587,587,0,0000000000000000,00,00,0,0000000000000000,1,0
588,588,0,0000000000000000,00,00,0,0000000000000000,1,0
589,589,0,0000000000000000,00,00,0,0000000000000000,1,0
590,590,0,0000000000000000,00,00,0,0000000000000000,1,0
591,591,0,0000000000000000,00,00,0,0000000000000000,1,0
592,592,0,0000000000000000,00,00,0,0000000000000000,1,0
593,593,0,0000000000000000,00,00,0,0000000000000000,1,0
594,594,0,0000000000000000,00,00,0,0000000000000000,1,0
595,595,0,0000000000000000,00,00,0,0000000000000000,1,0
596,596,0,0000000000000000,00,00,0,0000000000000000,1,0
597,597,0,0000000000000000,00,00,0,0000000000000000,1,0
598,598,0,0000000000000000,00,00,0,0000000000000000,1,0
599,599,0,0000000000000000,00,00,0,0000000000000000,1,0
600,600,0,0000000000000000,00,00,0,0000000000000000,1,0
601,601,0,0000000000000000,00,00,0,0000000000000000,1,0
602,602,0,0000000000000000,00,00,0,0000000000000000,1,0
603,603,0,0000000000000000,00,00,0,0000000000000000,1,0
604,604,0,0000000000000000,00,00,0,0000000000000000,1,0
605,605,0,0000000000000000,00,00,0,0000000000000000,1,0
606,606,0,0000000000000000,00,00,0,0000000000000000,1,0
607,607,0,0000000000000000,00,00,0,0000000000000000,1,0
608,608,0,0000000000000000,00,00,0,0000000000000000,1,0
609,609,0,0000000000000000,00,00,0,0000000000000000,1,0
610,610,0,0000000000000000,00,00,0,0000000000000000,1,0
611,611,0,0000000000000000,00,00,0,0000000000000000,1,0
612,612,0,0000000000000000,00,00,0,0000000000000000,1,0
613,613,0,0000000000000000,00,00,0,0000000000000000,1,0
614,614,0,0000000000000000,00,00,0,0000000000000000,1,0
615,615,0,0000000000000000,00,00,0,0000000000000000,1,0
616,616,0,0000000000000000,00,00,0,0000000000000000,1,0
617,617,0,0000000000000000,00,00,0,0000000000000000,1,0
618,618,0,0000000000000000,00,00,0,0000000000000000,1,0
619,619,0,0000000000000000,00,00,0,0000000000000000,1,0
620,620,0,0000000000000000,00,00,0,0000000000000000,1,0
621,621,0,0000000000000000,00,00,0,0000000000000000,1,0
622,622,0,0000000000000000,00,00,0,0000000000000000,1,0
623,623,0,0000000000000000,00,00,0,0000000000000000,1,0
624,624,0,0000000000000000,00,00,0,0000000000000000,1,0
625,625,0,0000000000000000,00,00,0,0000000000000000,1,0
626,626,0,0000000000000000,00,00,0,0000000000000000,1,0
627,627,0,0000000000000000,00,00,0,0000000000000000,1,0
628,628,0,0000000000000000,00,00,0,0000000000000000,1,0
629,629,0,0000000000000000,00,00,0,0000000000000000,1,0
630,630,0,0000000000000000,00,00,0,0000000000000000,1,0
631,631,0,0000000000000000,00,00,0,0000000000000000,1,0
632,632,0,0000000000000000,00,00,0,0000000000000000,1,0
633,633,0,0000000000000000,00,00,0,0000000000000000,1,0
634,634,0,0000000000000000,00,00,0,0000000000000000,1,0
635,635,0,0000000000000000,00,00,0,0000000000000000,1,0
636,636,0,0000000000000000,00,00,0,0000000000000000,1,0
637,637,0,0000000000000000,00,00,0,0000000000000000,1,0
638,638,0,0000000000000000,00,00,0,0000000000000000,1,0
639,639,0,0000000000000000,00,00,0,0000000000000000,1,0
640,640,0,0000000000000000,00,00,0,0000000000000000,1,0
641,641,0,0000000000000000,00,00,0,0000000000000000,1,0
642,642,0,0000000000000000,00,00,0,0000000000000000,1,0
643,643,0,0000000000000000,00,00,0,0000000000000000,1,0
644,644,0,0000000000000000,00,00,0,0000000000000000,1,0
645,645,0,0000000000000000,00,00,0,0000000000000000,1,0
646,646,0,0000000000000000,00,00,0,0000000000000000,1,0
647,647,0,0000000000000000,00,00,0,0000000000000000,1,0
648,648,0,0000000000000000,00,00,0,0000000000000000,1,0
649,649,0,0000000000000000,00,00,0,0000000000000000,1,0
650,650,0,0000000000000000,00,00,0,0000000000000000,1,0
651,651,0,0000000000000000,00,00,0,0000000000000000,1,0
652,652,0,0000000000000000,00,00,0,0000000000000000,1,0
653,653,0,0000000000000000,00,00,0,0000000000000000,1,0
654,654,0,0000000000000000,00,00,0,0000000000000000,1,0
655,655,0,0000000000000000,00,00,0,0000000000000000,1,0
656,656,0,0000000000000000,00,00,0,0000000000000000,1,0
657,657,0,0000000000000000,00,00,0,0000000000000000,1,0
658,658,0,0000000000000000,00,00,0,0000000000000000,1,0
659,659,0,0000000000000000,00,00,0,0000000000000000,1,0
660,660,0,0000000000000000,00,00,0,0000000000000000,1,0
661,661,0,0000000000000000,00,00,0,0000000000000000,1,0
662,662,0,0000000000000000,00,00,0,0000000000000000,1,0
663,663,0,0000000000000000,00,00,0,0000000000000000,1,0
664,664,0,0000000000000000,00,00,0,0000000000000000,1,0
665,665,0,0000000000000000,00,00,0,0000000000000000,1,0
666,666,0,0000000000000000,00,00,0,0000000000000000,1,0
667,667,0,0000000000000000,00,00,0,0000000000000000,1,0
668,668,0,0000000000000000,00,00,0,0000000000000000,1,0
669,669,0,0000000000000000,00,00,0,0000000000000000,1,0
670,670,0,0000000000000000,00,00,0,0000000000000000,1,0
671,671,0,0000000000000000,00,00,0,0000000000000000,1,0
672,672,0,0000000000000000,00,00,0,0000000000000000,1,0
673,673,0,0000000000000000,00,00,0,0000000000000000,1,0
674,674,0,0000000000000000,00,00,0,0000000000000000,1,0
675,675,0,0000000000000000,00,00,0,0000000000000000,1,0
676,676,0,0000000000000000,00,00,0,0000000000000000,1,0
677,677,0,0000000000000000,00,00,0,0000000000000000,1,0
678,678,0,0000000000000000,00,00,0,0000000000000000,1,0
679,679,0,0000000000000000,00,00,0,0000000000000000,1,0
680,680,0,0000000000000000,00,00,0,0000000000000000,1,0
681,681,0,0000000000000000,00,00,0,0000000000000000,1,0
682,682,0,0000000000000000,00,00,0,0000000000000000,1,0
683,683,0,0000000000000000,00,00,0,0000000000000000,1,0
684,684,0,0000000000000000,00,00,0,0000000000000000,1,0
685,685,0,0000000000000000,00,00,0,0000000000000000,1,0
686,686,0,0000000000000000,00,00,0,0000000000000000,1,0
687,687,0,0000000000000000,00,00,0,0000000000000000,1,0
688,688,0,0000000000000000,00,00,0,0000000000000000,1,0
689,689,0,0000000000000000,00,00,0,0000000000000000,1,0
690,690,0,0000000000000000,00,00,0,0000000000000000,1,0
691,691,0,0000000000000000,00,00,0,0000000000000000,1,0
692,692,0,0000000000000000,00,00,0,0000000000000000,1,0
693,693,0,0000000000000000,00,00,0,0000000000000000,1,0
694,694,0,0000000000000000,00,00,0,0000000000000000,1,0
695,695,0,0000000000000000,00,00,0,0000000000000000,1,0
696,696,0,0000000000000000,00,00,0,0000000000000000,1,0
697,697,0,0000000000000000,00,00,0,0000000000000000,1,0
698,698,0,0000000000000000,00,00,0,0000000000000000,1,0
699,699,0,0000000000000000,00,00,0,0000000000000000,1,0
700,700,0,0000000000000000,00,00,0,0000000000000000,1,0
701,701,0,0000000000000000,00,00,0,0000000000000000,1,0
702,702,0,0000000000000000,00,00,0,0000000000000000,1,0
703,703,0,0000000000000000,00,00,0,0000000000000000,1,0
704,704,0,0000000000000000,00,00,0,0000000000000000,1,0
705,705,0,0000000000000000,00,00,0,0000000000000000,1,0
706,706,0,0000000000000000,00,00,0,0000000000000000,1,0
707,707,0,0000000000000000,00,00,0,0000000000000000,1,0
708,708,0,0000000000000000,00,00,0,0000000000000000,1,0
709,709,0,0000000000000000,00,00,0,0000000000000000,1,0
710,710,0,0000000000000000,00,00,0,0000000000000000,1,0
711,711,0,0000000000000000,00,00,0,0000000000000000,1,0
712,712,0,0000000000000000,00,00,0,0000000000000000,1,0
713,713,0,0000000000000000,00,00,0,0000000000000000,1,0
714,714,0,0000000000000000,00,00,0,0000000000000000,1,0
715,715,0,0000000000000000,00,00,0,0000000000000000,1,0
716,716,0,0000000000000000,00,00,0,0000000000000000,1,0
717,717,0,0000000000000000,00,00,0,0000000000000000,1,0
718,718,0,0000000000000000,00,00,0,0000000000000000,1,0
719,719,0,0000000000000000,00,00,0,0000000000000000,1,0
720,720,0,0000000000000000,00,00,0,0000000000000000,1,0
721,721,0,0000000000000000,00,00,0,0000000000000000,1,0
722,722,0,0000000000000000,00,00,0,0000000000000000,1,0
723,723,0,0000000000000000,00,00,0,0000000000000000,1,0
724,724,0,0000000000000000,00,00,0,0000000000000000,1,0
725,725,0,0000000000000000,00,00,0,0000000000000000,1,0
726,726,0,0000000000000000,00,00,0,0000000000000000,1,0
727,727,0,0000000000000000,00,00,0,0000000000000000,1,0
728,728,0,0000000000000000,00,00,0,0000000000000000,1,0
729,729,0,0000000000000000,00,00,0,0000000000000000,1,0
730,730,0,0000000000000000,00,00,0,0000000000000000,1,0
731,731,0,0000000000000000,00,00,0,0000000000000000,1,0
732,732,0,0000000000000000,00,00,0,0000000000000000,1,0
733,733,0,0000000000000000,00,00,0,0000000000000000,1,0
734,734,0,0000000000000000,00,00,0,0000000000000000,1,0
735,735,0,0000000000000000,00,00,0,0000000000000000,1,0
736,736,0,0000000000000000,00,00,0,0000000000000000,1,0
737,737,0,0000000000000000,00,00,0,0000000000000000,1,0
738,738,0,0000000000000000,00,00,0,0000000000000000,1,0
739,739,0,0000000000000000,00,00,0,0000000000000000,1,0
740,740,0,0000000000000000,00,00,0,0000000000000000,1,0
741,741,0,0000000000000000,00,00,0,0000000000000000,1,0
742,742,0,0000000000000000,00,00,0,0000000000000000,1,0
743,743,0,0000000000000000,00,00,0,0000000000000000,1,0
744,744,0,0000000000000000,00,00,0,0000000000000000,1,0
745,745,0,0000000000000000,00,00,0,0000000000000000,1,0
746,746,0,0000000000000000,00,00,0,0000000000000000,1,0
747,747,0,0000000000000000,00,00,0,0000000000000000,1,0
748,748,0,0000000000000000,00,00,0,0000000000000000,1,0
749,749,0,0000000000000000,00,00,0,0000000000000000,1,0
750,750,0,0000000000000000,00,00,0,0000000000000000,1,0
751,751,0,0000000000000000,00,00,0,0000000000000000,1,0
752,752,0,0000000000000000,00,00,0,0000000000000000,1,0
753,753,0,0000000000000000,00,00,0,0000000000000000,1,0
754,754,0,0000000000000000,00,00,0,0000000000000000,1,0
755,755,0,0000000000000000,00,00,0,0000000000000000,1,0
756,756,0,0000000000000000,00,00,0,0000000000000000,1,0
757,757,0,0000000000000000,00,00,0,0000000000000000,1,0
758,758,0,0000000000000000,00,00,0,0000000000000000,1,0
759,759,0,0000000000000000,00,00,0,0000000000000000,1,0
760,760,0,0000000000000000,00,00,0,0000000000000000,1,0
761,761,0,0000000000000000,00,00,0,0000000000000000,1,0
762,762,0,0000000000000000,00,00,0,0000000000000000,1,0
763,763,0,0000000000000000,00,00,0,0000000000000000,1,0
764,764,0,0000000000000000,00,00,0,0000000000000000,1,0
765,765,0,0000000000000000,00,00,0,0000000000000000,1,0
766,766,0,0000000000000000,00,00,0,0000000000000000,1,0
767,767,0,0000000000000000,00,00,0,0000000000000000,1,0
768,768,0,0000000000000000,00,00,0,0000000000000000,1,0
769,769,0,0000000000000000,00,00,0,0000000000000000,1,0
770,770,0,0000000000000000,00,00,0,0000000000000000,1,0
771,771,0,0000000000000000,00,00,0,0000000000000000,1,0
772,772,0,0000000000000000,00,00,0,0000000000000000,1,0
773,773,0,0000000000000000,00,00,0,0000000000000000,1,0
774,774,0,0000000000000000,00,00,0,0000000000000000,1,0
775,775,0,0000000000000000,00,00,0,0000000000000000,1,0
776,776,0,0000000000000000,00,00,0,0000000000000000,1,0
777,777,0,0000000000000000,00,00,0,0000000000000000,1,0
778,778,0,0000000000000000,00,00,0,0000000000000000,1,0
779,779,0,0000000000000000,00,00,0,0000000000000000,1,0
780,780,0,0000000000000000,00,00,0,0000000000000000,1,0
781,781,0,0000000000000000,00,00,0,0000000000000000,1,0
782,782,0,0000000000000000,00,00,0,0000000000000000,1,0
783,783,0,0000000000000000,00,00,0,0000000000000000,1,0
784,784,0,0000000000000000,00,00,0,0000000000000000,1,0
785,785,0,0000000000000000,00,00,0,0000000000000000,1,0
786,786,0,0000000000000000,00,00,0,0000000000000000,1,0
787,787,0,0000000000000000,00,00,0,0000000000000000,1,0
788,788,0,0000000000000000,00,00,0,0000000000000000,1,0
789,789,0,0000000000000000,00,00,0,0000000000000000,1,0
790,790,0,0000000000000000,00,00,0,0000000000000000,1,0
791,791,0,0000000000000000,00,00,0,0000000000000000,1,0
792,792,0,0000000000000000,00,00,0,0000000000000000,1,0
793,793,0,0000000000000000,00,00,0,0000000000000000,1,0
794,794,0,0000000000000000,00,00,0,0000000000000000,1,0
795,795,0,0000000000000000,00,00,0,0000000000000000,1,0
796,796,0,0000000000000000,00,00,0,0000000000000000,1,0
797,797,0,0000000000000000,00,00,0,0000000000000000,1,0
798,798,0,0000000000000000,00,00,0,0000000000000000,1,0
799,799,0,0000000000000000,00,00,0,0000000000000000,1,0
800,800,0,0000000000000000,00,00,0,0000000000000000,1,0
801,801,0,0000000000000000,00,00,0,0000000000000000,1,0
802,802,0,0000000000000000,00,00,0,0000000000000000,1,0
803,803,0,0000000000000000,00,00,0,0000000000000000,1,0
804,804,0,0000000000000000,00,00,0,0000000000000000,1,0
805,805,0,0000000000000000,00,00,0,0000000000000000,1,0
806,806,0,0000000000000000,00,00,0,0000000000000000,1,0
807,807,0,0000000000000000,00,00,0,0000000000000000,1,0
808,808,0,0000000000000000,00,00,0,0000000000000000,1,0
809,809,0,0000000000000000,00,00,0,0000000000000000,1,0
810,810,0,0000000000000000,00,00,0,0000000000000000,1,0
811,811,0,0000000000000000,00,00,0,0000000000000000,1,0
812,812,0,0000000000000000,00,00,0,0000000000000000,1,0
813,813,0,0000000000000000,00,00,0,0000000000000000,1,0
814,814,0,0000000000000000,00,00,0,0000000000000000,1,0
815,815,0,0000000000000000,00,00,0,0000000000000000,1,0
816,816,0,0000000000000000,00,00,0,0000000000000000,1,0
817,817,0,0000000000000000,00,00,0,0000000000000000,1,0
818,818,0,0000000000000000,00,00,0,0000000000000000,1,0
819,819,0,0000000000000000,00,00,0,0000000000000000,1,0
820,820,0,0000000000000000,00,00,0,0000000000000000,1,0
821,821,0,0000000000000000,00,00,0,0000000000000000,1,0
822,822,0,0000000000000000,00,00,0,0000000000000000,1,0
823,823,0,0000000000000000,00,00,0,0000000000000000,1,0
824,824,0,0000000000000000,00,00,0,0000000000000000,1,0
825,825,0,0000000000000000,00,00,0,0000000000000000,1,0
826,826,0,0000000000000000,00,00,0,0000000000000000,1,0
827,827,0,0000000000000000,00,00,0,0000000000000000,1,0
828,828,0,0000000000000000,00,00,0,0000000000000000,1,0
829,829,0,0000000000000000,00,00,0,0000000000000000,1,0
830,830,0,0000000000000000,00,00,0,0000000000000000,1,0
831,831,0,0000000000000000,00,00,0,0000000000000000,1,0
832,832,0,0000000000000000,00,00,0,0000000000000000,1,0
833,833,0,0000000000000000,00,00,0,0000000000000000,1,0
834,834,0,0000000000000000,00,00,0,0000000000000000,1,0
835,835,0,0000000000000000,00,00,0,0000000000000000,1,0
836,836,0,0000000000000000,00,00,0,0000000000000000,1,0
837,837,0,0000000000000000,00,00,0,0000000000000000,1,0
838,838,0,0000000000000000,00,00,0,0000000000000000,1,0
839,839,0,0000000000000000,00,00,0,0000000000000000,1,0
840,840,0,0000000000000000,00,00,0,0000000000000000,1,0
841,841,0,0000000000000000,00,00,0,0000000000000000,1,0
842,842,0,0000000000000000,00,00,0,0000000000000000,1,0
843,843,0,0000000000000000,00,00,0,0000000000000000,1,0
844,844,0,0000000000000000,00,00,0,0000000000000000,1,0
845,845,0,0000000000000000,00,00,0,0000000000000000,1,0
846,846,0,0000000000000000,00,00,0,0000000000000000,1,0
847,847,0,0000000000000000,00,00,0,0000000000000000,1,0
848,848,0,0000000000000000,00,00,0,0000000000000000,1,0
849,849,0,0000000000000000,00,00,0,0000000000000000,1,0
850,850,0,0000000000000000,00,00,0,0000000000000000,1,0
851,851,0,0000000000000000,00,00,0,0000000000000000,1,0
852,852,0,0000000000000000,00,00,0,0000000000000000,1,0
853,853,0,0000000000000000,00,00,0,0000000000000000,1,0
854,854,0,0000000000000000,00,00,0,0000000000000000,1,0
855,855,0,0000000000000000,00,00,0,0000000000000000,1,0
856,856,0,0000000000000000,00,00,0,0000000000000000,1,0
857,857,0,0000000000000000,00,00,0,0000000000000000,1,0
858,858,0,0000000000000000,00,00,0,0000000000000000,1,0
859,859,0,0000000000000000,00,00,0,0000000000000000,1,0
860,860,0,0000000000000000,00,00,0,0000000000000000,1,0
861,861,0,0000000000000000,00,00,0,0000000000000000,1,0
862,862,0,0000000000000000,00,00,0,0000000000000000,1,0
863,863,0,0000000000000000,00,00,0,0000000000000000,1,0
864,864,0,0000000000000000,00,00,0,0000000000000000,1,0
865,865,0,0000000000000000,00,00,0,0000000000000000,1,0
866,866,0,0000000000000000,00,00,0,0000000000000000,1,0
867,867,0,0000000000000000,00,00,0,0000000000000000,1,0
868,868,0,0000000000000000,00,00,0,0000000000000000,1,0
869,869,0,0000000000000000,00,00,0,0000000000000000,1,0
870,870,0,0000000000000000,00,00,0,0000000000000000,1,0
871,871,0,0000000000000000,00,00,0,0000000000000000,1,0
872,872,0,0000000000000000,00,00,0,0000000000000000,1,0
873,873,0,0000000000000000,00,00,0,0000000000000000,1,0
874,874,0,0000000000000000,00,00,0,0000000000000000,1,0
875,875,0,0000000000000000,00,00,0,0000000000000000,1,0
876,876,0,0000000000000000,00,00,0,0000000000000000,1,0
877,877,0,0000000000000000,00,00,0,0000000000000000,1,0
878,878,0,0000000000000000,00,00,0,0000000000000000,1,0
879,879,0,0000000000000000,00,00,0,0000000000000000,1,0
880,880,0,0000000000000000,00,00,0,0000000000000000,1,0
881,881,0,0000000000000000,00,00,0,0000000000000000,1,0
882,882,0,0000000000000000,00,00,0,0000000000000000,1,0
883,883,0,0000000000000000,00,00,0,0000000000000000,1,0
884,884,0,0000000000000000,00,00,0,0000000000000000,1,0
885,885,0,0000000000000000,00,00,0,0000000000000000,1,0
886,886,0,0000000000000000,00,00,0,0000000000000000,1,0
887,887,0,0000000000000000,00,00,0,0000000000000000,1,0
888,888,0,0000000000000000,00,00,0,0000000000000000,1,0
889,889,0,0000000000000000,00,00,0,0000000000000000,1,0
890,890,0,0000000000000000,00,00,0,0000000000000000,1,0
891,891,0,0000000000000000,00,00,0,0000000000000000,1,0
892,892,0,0000000000000000,00,00,0,0000000000000000,1,0
893,893,0,0000000000000000,00,00,0,0000000000000000,1,0
894,894,0,0000000000000000,00,00,0,0000000000000000,1,0
895,895,0,0000000000000000,00,00,0,0000000000000000,1,0
896,896,0,0000000000000000,00,00,0,0000000000000000,1,0
897,897,0,0000000000000000,00,00,0,0000000000000000,1,0
898,898,0,0000000000000000,00,00,0,0000000000000000,1,0
899,899,0,0000000000000000,00,00,0,0000000000000000,1,0
900,900,0,0000000000000000,00,00,0,0000000000000000,1,0
901,901,0,0000000000000000,00,00,0,0000000000000000,1,0
902,902,0,0000000000000000,00,00,0,0000000000000000,1,0
903,903,0,0000000000000000,00,00,0,0000000000000000,1,0
904,904,0,0000000000000000,00,00,0,0000000000000000,1,0
905,905,0,0000000000000000,00,00,0,0000000000000000,1,0
906,906,0,0000000000000000,00,00,0,0000000000000000,1,0
907,907,0,0000000000000000,00,00,0,0000000000000000,1,0
908,908,0,0000000000000000,00,00,0,0000000000000000,1,0
909,909,0,0000000000000000,00,00,0,0000000000000000,1,0
910,910,0,0000000000000000,00,00,0,0000000000000000,1,0
911,911,0,0000000000000000,00,00,0,0000000000000000,1,0
912,912,0,0000000000000000,00,00,0,0000000000000000,1,0
913,913,0,0000000000000000,00,00,0,0000000000000000,1,0
914,914,0,0000000000000000,00,00,0,0000000000000000,1,0
915,915,0,0000000000000000,00,00,0,0000000000000000,1,0
916,916,0,0000000000000000,00,00,0,0000000000000000,1,0
917,917,0,0000000000000000,00,00,0,0000000000000000,1,0
918,918,0,0000000000000000,00,00,0,0000000000000000,1,0
919,919,0,0000000000000000,00,00,0,0000000000000000,1,0
920,920,0,0000000000000000,00,00,0,0000000000000000,1,0
921,921,0,0000000000000000,00,00,0,0000000000000000,1,0
922,922,0,0000000000000000,00,00,0,0000000000000000,1,0
923,923,0,0000000000000000,00,00,0,0000000000000000,1,0
924,924,0,0000000000000000,00,00,0,0000000000000000,1,0
925,925,0,0000000000000000,00,00,0,0000000000000000,1,0
926,926,0,0000000000000000,00,00,0,0000000000000000,1,0
927,927,0,0000000000000000,00,00,0,0000000000000000,1,0
928,928,0,0000000000000000,00,00,0,0000000000000000,1,0
929,929,0,0000000000000000,00,00,0,0000000000000000,1,0
930,930,0,0000000000000000,00,00,0,0000000000000000,1,0
931,931,0,0000000000000000,00,00,0,0000000000000000,1,0
932,932,0,0000000000000000,00,00,0,0000000000000000,1,0
933,933,0,0000000000000000,00,00,0,0000000000000000,1,0
934,934,0,0000000000000000,00,00,0,0000000000000000,1,0
935,935,0,0000000000000000,00,00,0,0000000000000000,1,0
936,936,0,0000000000000000,00,00,0,0000000000000000,1,0
937,937,0,0000000000000000,00,00,0,0000000000000000,1,0
938,938,0,0000000000000000,00,00,0,0000000000000000,1,0
939,939,0,0000000000000000,00,00,0,0000000000000000,1,0
940,940,0,0000000000000000,00,00,0,0000000000000000,1,0
941,941,0,0000000000000000,00,00,0,0000000000000000,1,0
942,942,0,0000000000000000,00,00,0,0000000000000000,1,0
943,943,0,0000000000000000,00,00,0,0000000000000000,1,0
944,944,0,0000000000000000,00,00,0,0000000000000000,1,0
945,945,0,0000000000000000,00,00,0,0000000000000000,1,0
946,946,0,0000000000000000,00,00,0,0000000000000000,1,0
947,947,0,0000000000000000,00,00,0,0000000000000000,1,0
948,948,0,0000000000000000,00,00,0,0000000000000000,1,0
949,949,0,0000000000000000,00,00,0,0000000000000000,1,0
950,950,0,0000000000000000,00,00,0,0000000000000000,1,0
951,951,0,0000000000000000,00,00,0,0000000000000000,1,0
952,952,0,0000000000000000,00,00,0,0000000000000000,1,0
953,953,0,0000000000000000,00,00,0,0000000000000000,1,0
954,954,0,0000000000000000,00,00,0,0000000000000000,1,0
955,955,0,0000000000000000,00,00,0,0000000000000000,1,0
956,956,0,0000000000000000,00,00,0,0000000000000000,1,0
957,957,0,0000000000000000,00,00,0,0000000000000000,1,0
958,958,0,0000000000000000,00,00,0,0000000000000000,1,0
959,959,0,0000000000000000,00,00,0,0000000000000000,1,0
960,960,0,0000000000000000,00,00,0,0000000000000000,1,0
961,961,0,0000000000000000,00,00,0,0000000000000000,1,0
962,962,0,0000000000000000,00,00,0,0000000000000000,1,0
963,963,0,0000000000000000,00,00,0,0000000000000000,1,0
964,964,0,0000000000000000,00,00,0,0000000000000000,1,0
965,965,0,0000000000000000,00,00,0,0000000000000000,1,0
966,966,0,0000000000000000,00,00,0,0000000000000000,1,0
967,967,0,0000000000000000,00,00,0,0000000000000000,1,0
968,968,0,0000000000000000,00,00,0,0000000000000000,1,0
969,969,0,0000000000000000,00,00,0,0000000000000000,1,0
970,970,0,0000000000000000,00,00,0,0000000000000000,1,0
971,971,0,0000000000000000,00,00,0,0000000000000000,1,0
972,972,0,0000000000000000,00,00,0,0000000000000000,1,0
973,973,0,0000000000000000,00,00,0,0000000000000000,1,0
974,974,0,0000000000000000,00,00,0,0000000000000000,1,0
975,975,0,0000000000000000,00,00,0,0000000000000000,1,0
976,976,0,0000000000000000,00,00,0,0000000000000000,1,0
977,977,0,0000000000000000,00,00,0,0000000000000000,1,0
978,978,0,0000000000000000,00,00,0,0000000000000000,1,0
979,979,0,0000000000000000,00,00,0,0000000000000000,1,0
980,980,0,0000000000000000,00,00,0,0000000000000000,1,0
981,981,0,0000000000000000,00,00,0,0000000000000000,1,0
982,982,0,0000000000000000,00,00,0,0000000000000000,1,0
983,983,0,0000000000000000,00,00,0,0000000000000000,1,0
984,984,0,0000000000000000,00,00,0,0000000000000000,1,0
985,985,0,0000000000000000,00,00,0,0000000000000000,1,0
986,986,0,0000000000000000,00,00,0,0000000000000000,1,0
987,987,0,0000000000000000,00,00,0,0000000000000000,1,0
988,988,0,0000000000000000,00,00,0,0000000000000000,1,0
989,989,0,0000000000000000,00,00,0,0000000000000000,1,0
990,990,0,0000000000000000,00,00,0,0000000000000000,1,0
991,991,0,0000000000000000,00,00,0,0000000000000000,1,0
992,992,0,0000000000000000,00,00,0,0000000000000000,1,0
993,993,0,0000000000000000,00,00,0,0000000000000000,1,0
994,994,0,0000000000000000,00,00,0,0000000000000000,1,0
995,995,0,0000000000000000,00,00,0,0000000000000000,1,0
996,996,0,0000000000000000,00,00,0,0000000000000000,1,0
997,997,0,0000000000000000,00,00,0,0000000000000000,1,0
998,998,0,0000000000000000,00,00,0,0000000000000000,1,0
999,999,0,0000000000000000,00,00,0,0000000000000000,1,0
1000,1000,0,0000000000000000,00,00,0,0000000000000000,1,0
1001,1001,0,0000000000000000,00,00,0,0000000000000000,1,0
1002,1002,0,0000000000000000,00,00,0,0000000000000000,1,0
1003,1003,0,0000000000000000,00,00,0,0000000000000000,1,0
1004,1004,0,0000000000000000,00,00,0,0000000000000000,1,0
1005,1005,0,0000000000000000,00,00,0,0000000000000000,1,0
1006,1006,0,0000000000000000,00,00,0,0000000000000000,1,0
1007,1007,0,0000000000000000,00,00,0,0000000000000000,1,0
1008,1008,0,0000000000000000,00,00,0,0000000000000000,1,0
1009,1009,0,0000000000000000,00,00,0,0000000000000000,1,0
1010,1010,0,0000000000000000,00,00,0,0000000000000000,1,0
1011,1011,0,0000000000000000,00,00,0,0000000000000000,1,0
1012,1012,0,0000000000000000,00,00,0,0000000000000000,1,0
1013,1013,0,0000000000000000,00,00,0,0000000000000000,1,0
1014,1014,0,0000000000000000,00,00,0,0000000000000000,1,0
1015,1015,0,0000000000000000,00,00,0,0000000000000000,1,0
1016,1016,0,0000000000000000,00,00,0,0000000000000000,1,0
1017,1017,0,0000000000000000,00,00,0,0000000000000000,1,0
1018,1018,0,0000000000000000,00,00,0,0000000000000000,1,0
1019,1019,0,0000000000000000,00,00,0,0000000000000000,1,0
1020,1020,0,0000000000000000,00,00,0,0000000000000000,1,0
1021,1021,0,0000000000000000,00,00,0,0000000000000000,1,0
1022,1022,0,0000000000000000,00,00,0,0000000000000000,1,0
1023,1023,0,0000000000000000,00,00,0,0000000000000000,1,0
