index,raw,opcode,message,timestamp,aliased_addr,dirty,dmask,fillo,hreq_id,ns,nxm,rnode,rreq_id,src,unaliased_addr,vc,xb1,xb10,xb1_2,xb2,xb3,xb4,xb5
423,0x5807e40000008080,11,ECI_CMD_MFWD_FEVX_EH,126070006864,8080,,15,,1,1,,1,,5,8080,8,0,,,0,0,,
424,0x1807e00000008080,3,ECI_CMD_MRSP_VICDHI,126070006942,8080,,15,,1,1,,,,2,8080,4,,,,,0,,0
425,0x2804300000008180,5,ECI_CMD_MREQ_RLDX,126070007556,8180,,0,,,1,,,1,0,8180,6,,,,0,4,0,
426,0x2800300000008280,5,ECI_CMD_MREQ_RLDX,126070007558,8280,,0,,,1,,,0,0,8280,6,,,,0,4,0,
427,0x2804300000008380,5,ECI_CMD_MREQ_RLDX,126070007560,8380,,0,,,1,,,1,0,8380,6,,,,0,4,0,
428,0x2844300000008480,5,ECI_CMD_MREQ_RLDX,126070007562,8480,,0,,,1,,,17,0,8480,6,,,,0,4,0,
429,0x2840300000008580,5,ECI_CMD_MREQ_RLDX,126070007564,8580,,0,,,1,,,16,0,8580,6,,,,0,4,0,
430,0x2843f00000008680,5,ECI_CMD_MREQ_RLDX,126070007566,8680,,15,,,1,,,16,0,8680,6,,,,0,4,0,
431,0x5007c00000008180,10,ECI_CMD_MRSP_PEMD,126070007636,8180,0,15,0,,,0,,1,4,8180,4,0,,0,,0,,0
432,0x5003c00000008280,10,ECI_CMD_MRSP_PEMD,126070007658,8280,0,15,0,,,0,,0,4,8280,4,0,,0,,0,,0
433,0x5007c00000008380,10,ECI_CMD_MRSP_PEMD,126070007680,8380,0,15,0,,,0,,1,4,8380,4,0,,0,,0,,0
434,0x5047c00000008480,10,ECI_CMD_MRSP_PEMD,126070007702,8480,0,15,0,,,0,,17,4,8480,4,0,,0,,0,,0
435,0x0007e00000008180,0,ECI_CMD_MRSP_VICD,126070007718,8180,,15,,,1,,,,2,8180,4,,1,,,,,0
436,0x5043c00000008580,10,ECI_CMD_MRSP_PEMD,126070007724,8580,0,15,0,,,0,,16,4,8580,4,0,,0,,0,,0
437,0x0007e00000008280,0,ECI_CMD_MRSP_VICD,126070007740,8280,,15,,,1,,,,2,8280,4,,1,,,,,0
438,0x5043c00000008680,10,ECI_CMD_MRSP_PEMD,126070007746,8680,0,15,0,,,0,,16,4,8680,4,0,,0,,0,,0
439,0x0007e00000008380,0,ECI_CMD_MRSP_VICD,126070007761,8380,,15,,,1,,,,2,8380,4,,1,,,,,0
440,0x0007e00000008480,0,ECI_CMD_MRSP_VICD,126070007785,8480,,15,,,1,,,,2,8480,4,,1,,,,,0
441,0x0007e00000008580,0,ECI_CMD_MRSP_VICD,126070007806,8580,,15,,,1,,,,2,8580,4,,1,,,,,0
442,0x0007e00000008680,0,ECI_CMD_MRSP_VICD,126070007829,8680,,15,,,1,,,,2,8680,4,,1,,,,,0
443,0x0003e00000008080,0,ECI_CMD_MREQ_RLDD,126070007831,8080,,15,,,1,,,0,0,8080,6,,,,0,0,0,
444,0x4803c00000008080,9,ECI_CMD_MRSP_PSHA,126070008174,8080,0,15,0,,,0,,0,4,8080,4,0,,0,,0,,0
445,0x3803e00000008080,7,ECI_CMD_MREQ_RC2D_S,126070008582,8080,,15,,,1,,,0,0,8080,6,,,,0,0,0,
446,0x2804300000008180,5,ECI_CMD_MREQ_RLDX,126070008598,8180,,0,,,1,,,1,0,8180,6,,,,0,4,0,
447,0x2800300000008280,5,ECI_CMD_MREQ_RLDX,126070008600,8280,,0,,,1,,,0,0,8280,6,,,,0,4,0,
448,0x2804300000008380,5,ECI_CMD_MREQ_RLDX,126070008602,8380,,0,,,1,,,1,0,8380,6,,,,0,4,0,
449,0x2844300000008480,5,ECI_CMD_MREQ_RLDX,126070008604,8480,,0,,,1,,,17,0,8480,6,,,,0,4,0,
450,0x2844300000008580,5,ECI_CMD_MREQ_RLDX,126070008606,8580,,0,,,1,,,17,0,8580,6,,,,0,4,0,
451,0x5000000000008080,10,ECI_CMD_MRSP_PEMD,126070008608,8080,0,0,0,,,0,,0,3,8080,10,0,,0,,0,,0
452,0x2847f00000008680,5,ECI_CMD_MREQ_RLDX,126070008610,8680,,15,,,1,,,17,0,8680,6,,,,0,4,0,
453,0x5007c00000008180,10,ECI_CMD_MRSP_PEMD,126070008690,8180,0,15,0,,,0,,1,4,8180,4,0,,0,,0,,0
454,0x5003c00000008280,10,ECI_CMD_MRSP_PEMD,126070008712,8280,0,15,0,,,0,,0,4,8280,4,0,,0,,0,,0
455,0x5007c00000008380,10,ECI_CMD_MRSP_PEMD,126070008734,8380,0,15,0,,,0,,1,4,8380,4,0,,0,,0,,0
456,0x5047c00000008480,10,ECI_CMD_MRSP_PEMD,126070008756,8480,0,15,0,,,0,,17,4,8480,4,0,,0,,0,,0
457,0x0007e00000008180,0,ECI_CMD_MRSP_VICD,126070008773,8180,,15,,,1,,,,2,8180,4,,1,,,,,0
458,0x5047c00000008580,10,ECI_CMD_MRSP_PEMD,126070008778,8580,0,15,0,,,0,,17,4,8580,4,0,,0,,0,,0
459,0x0007e00000008280,0,ECI_CMD_MRSP_VICD,126070008794,8280,,15,,,1,,,,2,8280,4,,1,,,,,0
460,0x5047c00000008680,10,ECI_CMD_MRSP_PEMD,126070008800,8680,0,15,0,,,0,,17,4,8680,4,0,,0,,0,,0
461,0x0007e00000008380,0,ECI_CMD_MRSP_VICD,126070008815,8380,,15,,,1,,,,2,8380,4,,1,,,,,0
462,0x0007e00000008480,0,ECI_CMD_MRSP_VICD,126070008838,8480,,15,,,1,,,,2,8480,4,,1,,,,,0
463,0x0007e00000008580,0,ECI_CMD_MRSP_VICD,126070008861,8580,,15,,,1,,,,2,8580,4,,1,,,,,0
464,0x0007e00000008680,0,ECI_CMD_MRSP_VICD,126070008882,8680,,15,,,1,,,,2,8680,4,,1,,,,,0
465,0x5807e40000008080,11,ECI_CMD_MFWD_FEVX_EH,126070008948,8080,,15,,1,1,,1,,5,8080,8,0,,,0,0,,
466,0x1807e00000008080,3,ECI_CMD_MRSP_VICDHI,126070009026,8080,,15,,1,1,,,,2,8080,4,,,,,0,,0
467,0x2800300000008180,5,ECI_CMD_MREQ_RLDX,126070009661,8180,,0,,,1,,,0,0,8180,6,,,,0,4,0,
468,0x2804300000008280,5,ECI_CMD_MREQ_RLDX,126070009663,8280,,0,,,1,,,1,0,8280,6,,,,0,4,0,
469,0x2804300000008380,5,ECI_CMD_MREQ_RLDX,126070009665,8380,,0,,,1,,,1,0,8380,6,,,,0,4,0,
470,0x2844300000008480,5,ECI_CMD_MREQ_RLDX,126070009667,8480,,0,,,1,,,17,0,8480,6,,,,0,4,0,
471,0x2844300000008580,5,ECI_CMD_MREQ_RLDX,126070009669,8580,,0,,,1,,,17,0,8580,6,,,,0,4,0,
472,0x2843f00000008680,5,ECI_CMD_MREQ_RLDX,126070009671,8680,,15,,,1,,,16,0,8680,6,,,,0,4,0,
473,0x5003c00000008180,10,ECI_CMD_MRSP_PEMD,126070009741,8180,0,15,0,,,0,,0,4,8180,4,0,,0,,0,,0
474,0x5007c00000008280,10,ECI_CMD_MRSP_PEMD,126070009763,8280,0,15,0,,,0,,1,4,8280,4,0,,0,,0,,0
475,0x5007c00000008380,10,ECI_CMD_MRSP_PEMD,126070009785,8380,0,15,0,,,0,,1,4,8380,4,0,,0,,0,,0
476,0x5047c00000008480,10,ECI_CMD_MRSP_PEMD,126070009807,8480,0,15,0,,,0,,17,4,8480,4,0,,0,,0,,0
477,0x0007e00000008180,0,ECI_CMD_MRSP_VICD,126070009823,8180,,15,,,1,,,,2,8180,4,,1,,,,,0
478,0x5047c00000008580,10,ECI_CMD_MRSP_PEMD,126070009829,8580,0,15,0,,,0,,17,4,8580,4,0,,0,,0,,0
479,0x0007e00000008280,0,ECI_CMD_MRSP_VICD,126070009845,8280,,15,,,1,,,,2,8280,4,,1,,,,,0
480,0x5043c00000008680,10,ECI_CMD_MRSP_PEMD,126070009851,8680,0,15,0,,,0,,16,4,8680,4,0,,0,,0,,0
481,0x0007e00000008380,0,ECI_CMD_MRSP_VICD,126070009866,8380,,15,,,1,,,,2,8380,4,,1,,,,,0
482,0x0007e00000008480,0,ECI_CMD_MRSP_VICD,126070009890,8480,,15,,,1,,,,2,8480,4,,1,,,,,0
483,0x0007e00000008580,0,ECI_CMD_MRSP_VICD,126070009911,8580,,15,,,1,,,,2,8580,4,,1,,,,,0
484,0x0007e00000008680,0,ECI_CMD_MRSP_VICD,126070009934,8680,,15,,,1,,,,2,8680,4,,1,,,,,0
485,0x0007e00000008080,0,ECI_CMD_MREQ_RLDD,126070009937,8080,,15,,,1,,,1,0,8080,6,,,,0,0,0,
486,0x4807c00000008080,9,ECI_CMD_MRSP_PSHA,126070010280,8080,0,15,0,,,0,,1,4,8080,4,0,,0,,0,,0
487,0x3807e00000008080,7,ECI_CMD_MREQ_RC2D_S,126070010718,8080,,15,,,1,,,1,0,8080,6,,,,0,0,0,
488,0x2800300000008180,5,ECI_CMD_MREQ_RLDX,126070010732,8180,,0,,,1,,,0,0,8180,6,,,,0,4,0,
489,0x2804300000008280,5,ECI_CMD_MREQ_RLDX,126070010734,8280,,0,,,1,,,1,0,8280,6,,,,0,4,0,
490,0x2804300000008380,5,ECI_CMD_MREQ_RLDX,126070010736,8380,,0,,,1,,,1,0,8380,6,,,,0,4,0,
491,0x2840300000008480,5,ECI_CMD_MREQ_RLDX,126070010738,8480,,0,,,1,,,16,0,8480,6,,,,0,4,0,
492,0x2844300000008580,5,ECI_CMD_MREQ_RLDX,126070010740,8580,,0,,,1,,,17,0,8580,6,,,,0,4,0,
493,0x2843f00000008680,5,ECI_CMD_MREQ_RLDX,126070010742,8680,,15,,,1,,,16,0,8680,6,,,,0,4,0,
494,0x5004000000008080,10,ECI_CMD_MRSP_PEMD,126070010744,8080,0,0,0,,,0,,1,3,8080,10,0,,0,,0,,0
495,0x5003c00000008180,10,ECI_CMD_MRSP_PEMD,126070010823,8180,0,15,0,,,0,,0,4,8180,4,0,,0,,0,,0
496,0x5007c00000008280,10,ECI_CMD_MRSP_PEMD,126070010845,8280,0,15,0,,,0,,1,4,8280,4,0,,0,,0,,0
497,0x5007c00000008380,10,ECI_CMD_MRSP_PEMD,126070010867,8380,0,15,0,,,0,,1,4,8380,4,0,,0,,0,,0
498,0x5043c00000008480,10,ECI_CMD_MRSP_PEMD,126070010889,8480,0,15,0,,,0,,16,4,8480,4,0,,0,,0,,0
499,0x0007e00000008180,0,ECI_CMD_MRSP_VICD,126070010906,8180,,15,,,1,,,,2,8180,4,,1,,,,,0
500,0x5047c00000008580,10,ECI_CMD_MRSP_PEMD,126070010911,8580,0,15,0,,,0,,17,4,8580,4,0,,0,,0,,0
501,0x0007e00000008280,0,ECI_CMD_MRSP_VICD,126070010927,8280,,15,,,1,,,,2,8280,4,,1,,,,,0
502,0x5043c00000008680,10,ECI_CMD_MRSP_PEMD,126070010933,8680,0,15,0,,,0,,16,4,8680,4,0,,0,,0,,0
503,0x0007e00000008380,0,ECI_CMD_MRSP_VICD,126070010949,8380,,15,,,1,,,,2,8380,4,,1,,,,,0
504,0x0007e00000008480,0,ECI_CMD_MRSP_VICD,126070010971,8480,,15,,,1,,,,2,8480,4,,1,,,,,0
505,0x0007e00000008580,0,ECI_CMD_MRSP_VICD,126070010994,8580,,15,,,1,,,,2,8580,4,,1,,,,,0
506,0x0007e00000008680,0,ECI_CMD_MRSP_VICD,126070011016,8680,,15,,,1,,,,2,8680,4,,1,,,,,0
507,0x5807e40000008080,11,ECI_CMD_MFWD_FEVX_EH,126070011081,8080,,15,,1,1,,1,,5,8080,8,0,,,0,0,,
508,0x1807e00000008080,3,ECI_CMD_MRSP_VICDHI,126070011159,8080,,15,,1,1,,,,2,8080,4,,,,,0,,0
509,0x2800300000008180,5,ECI_CMD_MREQ_RLDX,126070011806,8180,,0,,,1,,,0,0,8180,6,,,,0,4,0,
510,0x2800300000008280,5,ECI_CMD_MREQ_RLDX,126070011808,8280,,0,,,1,,,0,0,8280,6,,,,0,4,0,
511,0x2800300000008380,5,ECI_CMD_MREQ_RLDX,126070011810,8380,,0,,,1,,,0,0,8380,6,,,,0,4,0,
512,0x2840300000008480,5,ECI_CMD_MREQ_RLDX,126070011812,8480,,0,,,1,,,16,0,8480,6,,,,0,4,0,
513,0x2844300000008580,5,ECI_CMD_MREQ_RLDX,126070011814,8580,,0,,,1,,,17,0,8580,6,,,,0,4,0,
514,0x2847f00000008680,5,ECI_CMD_MREQ_RLDX,126070011816,8680,,15,,,1,,,17,0,8680,6,,,,0,4,0,
515,0x5003c00000008180,10,ECI_CMD_MRSP_PEMD,126070011896,8180,0,15,0,,,0,,0,4,8180,4,0,,0,,0,,0
516,0x5003c00000008280,10,ECI_CMD_MRSP_PEMD,126070011918,8280,0,15,0,,,0,,0,4,8280,4,0,,0,,0,,0
517,0x5003c00000008380,10,ECI_CMD_MRSP_PEMD,126070011940,8380,0,15,0,,,0,,0,4,8380,4,0,,0,,0,,0
518,0x5043c00000008480,10,ECI_CMD_MRSP_PEMD,126070011962,8480,0,15,0,,,0,,16,4,8480,4,0,,0,,0,,0
519,0x0007e00000008180,0,ECI_CMD_MRSP_VICD,126070011978,8180,,15,,,1,,,,2,8180,4,,1,,,,,0
520,0x5047c00000008580,10,ECI_CMD_MRSP_PEMD,126070011984,8580,0,15,0,,,0,,17,4,8580,4,0,,0,,0,,0
521,0x0007e00000008280,0,ECI_CMD_MRSP_VICD,126070011999,8280,,15,,,1,,,,2,8280,4,,1,,,,,0
522,0x5047c00000008680,10,ECI_CMD_MRSP_PEMD,126070012006,8680,0,15,0,,,0,,17,4,8680,4,0,,0,,0,,0
523,0x0007e00000008380,0,ECI_CMD_MRSP_VICD,126070012023,8380,,15,,,1,,,,2,8380,4,,1,,,,,0
524,0x0007e00000008480,0,ECI_CMD_MRSP_VICD,126070012044,8480,,15,,,1,,,,2,8480,4,,1,,,,,0
525,0x0007e00000008580,0,ECI_CMD_MRSP_VICD,126070012066,8580,,15,,,1,,,,2,8580,4,,1,,,,,0
526,0x0003e00000008080,0,ECI_CMD_MREQ_RLDD,126070012083,8080,,15,,,1,,,0,0,8080,6,,,,0,0,0,
527,0x0007e00000008680,0,ECI_CMD_MRSP_VICD,126070012088,8680,,15,,,1,,,,2,8680,4,,1,,,,,0
528,0x4803c00000008080,9,ECI_CMD_MRSP_PSHA,126070012428,8080,0,15,0,,,0,,0,4,8080,4,0,,0,,0,,0
17,0x3807e00000008080,7,ECI_CMD_MREQ_RC2D_S,126070012840,8080,,15,,,1,,,1,0,8080,6,,,,0,0,0,
18,0x2800300000008180,5,ECI_CMD_MREQ_RLDX,126070012852,8180,,0,,,1,,,0,0,8180,6,,,,0,4,0,
19,0x2804300000008280,5,ECI_CMD_MREQ_RLDX,126070012854,8280,,0,,,1,,,1,0,8280,6,,,,0,4,0,
20,0x2800300000008380,5,ECI_CMD_MREQ_RLDX,126070012858,8380,,0,,,1,,,0,0,8380,6,,,,0,4,0,
21,0x2844300000008480,5,ECI_CMD_MREQ_RLDX,126070012860,8480,,0,,,1,,,17,0,8480,6,,,,0,4,0,
22,0x2844300000008580,5,ECI_CMD_MREQ_RLDX,126070012862,8580,,0,,,1,,,17,0,8580,6,,,,0,4,0,
23,0x2843f00000008680,5,ECI_CMD_MREQ_RLDX,126070012864,8680,,15,,,1,,,16,0,8680,6,,,,0,4,0,
24,0x5004000000008080,10,ECI_CMD_MRSP_PEMD,126070012866,8080,0,0,0,,,0,,1,3,8080,10,0,,0,,0,,0
25,0x5003c00000008180,10,ECI_CMD_MRSP_PEMD,126070012943,8180,0,15,0,,,0,,0,4,8180,4,0,,0,,0,,0
26,0x5007c00000008280,10,ECI_CMD_MRSP_PEMD,126070012965,8280,0,15,0,,,0,,1,4,8280,4,0,,0,,0,,0
27,0x5003c00000008380,10,ECI_CMD_MRSP_PEMD,126070012987,8380,0,15,0,,,0,,0,4,8380,4,0,,0,,0,,0
28,0x5047c00000008480,10,ECI_CMD_MRSP_PEMD,126070013009,8480,0,15,0,,,0,,17,4,8480,4,0,,0,,0,,0
29,0x0007e00000008180,0,ECI_CMD_MRSP_VICD,126070013024,8180,,15,,,1,,,,2,8180,4,,1,,,,,0
30,0x5047c00000008580,10,ECI_CMD_MRSP_PEMD,126070013031,8580,0,15,0,,,0,,17,4,8580,4,0,,0,,0,,0
31,0x0007e00000008280,0,ECI_CMD_MRSP_VICD,126070013047,8280,,15,,,1,,,,2,8280,4,,1,,,,,0
32,0x5043c00000008680,10,ECI_CMD_MRSP_PEMD,126070013053,8680,0,15,0,,,0,,16,4,8680,4,0,,0,,0,,0
33,0x0007e00000008380,0,ECI_CMD_MRSP_VICD,126070013070,8380,,15,,,1,,,,2,8380,4,,1,,,,,0
34,0x0007e00000008480,0,ECI_CMD_MRSP_VICD,126070013091,8480,,15,,,1,,,,2,8480,4,,1,,,,,0
35,0x0007e00000008580,0,ECI_CMD_MRSP_VICD,126070013112,8580,,15,,,1,,,,2,8580,4,,1,,,,,0
36,0x0007e00000008680,0,ECI_CMD_MRSP_VICD,126070013135,8680,,15,,,1,,,,2,8680,4,,1,,,,,0
37,0x5807e40000008080,11,ECI_CMD_MFWD_FEVX_EH,126070013201,8080,,15,,1,1,,1,,5,8080,8,0,,,0,0,,
38,0x1807e00000008080,3,ECI_CMD_MRSP_VICDHI,126070013278,8080,,15,,1,1,,,,2,8080,4,,,,,0,,0
39,0x2800300000008180,5,ECI_CMD_MREQ_RLDX,126070013897,8180,,0,,,1,,,0,0,8180,6,,,,0,4,0,
40,0x2804300000008280,5,ECI_CMD_MREQ_RLDX,126070013899,8280,,0,,,1,,,1,0,8280,6,,,,0,4,0,
41,0x2800300000008380,5,ECI_CMD_MREQ_RLDX,126070013901,8380,,0,,,1,,,0,0,8380,6,,,,0,4,0,
42,0x2840300000008480,5,ECI_CMD_MREQ_RLDX,126070013903,8480,,0,,,1,,,16,0,8480,6,,,,0,4,0,
43,0x2840300000008580,5,ECI_CMD_MREQ_RLDX,126070013905,8580,,0,,,1,,,16,0,8580,6,,,,0,4,0,
44,0x2843f00000008680,5,ECI_CMD_MREQ_RLDX,126070013907,8680,,15,,,1,,,16,0,8680,6,,,,0,4,0,
45,0x5003c00000008180,10,ECI_CMD_MRSP_PEMD,126070013977,8180,0,15,0,,,0,,0,4,8180,4,0,,0,,0,,0
46,0x5007c00000008280,10,ECI_CMD_MRSP_PEMD,126070013999,8280,0,15,0,,,0,,1,4,8280,4,0,,0,,0,,0
47,0x5003c00000008380,10,ECI_CMD_MRSP_PEMD,126070014021,8380,0,15,0,,,0,,0,4,8380,4,0,,0,,0,,0
48,0x5043c00000008480,10,ECI_CMD_MRSP_PEMD,126070014043,8480,0,15,0,,,0,,16,4,8480,4,0,,0,,0,,0
49,0x0007e00000008180,0,ECI_CMD_MRSP_VICD,126070014059,8180,,15,,,1,,,,2,8180,4,,1,,,,,0
50,0x5043c00000008580,10,ECI_CMD_MRSP_PEMD,126070014065,8580,0,15,0,,,0,,16,4,8580,4,0,,0,,0,,0
51,0x0007e00000008280,0,ECI_CMD_MRSP_VICD,126070014081,8280,,15,,,1,,,,2,8280,4,,1,,,,,0
52,0x5043c00000008680,10,ECI_CMD_MRSP_PEMD,126070014087,8680,0,15,0,,,0,,16,4,8680,4,0,,0,,0,,0
53,0x0007e00000008380,0,ECI_CMD_MRSP_VICD,126070014104,8380,,15,,,1,,,,2,8380,4,,1,,,,,0
54,0x0007e00000008480,0,ECI_CMD_MRSP_VICD,126070014125,8480,,15,,,1,,,,2,8480,4,,1,,,,,0
55,0x0007e00000008580,0,ECI_CMD_MRSP_VICD,126070014148,8580,,15,,,1,,,,2,8580,4,,1,,,,,0
56,0x0007e00000008680,0,ECI_CMD_MRSP_VICD,126070014170,8680,,15,,,1,,,,2,8680,4,,1,,,,,0
57,0x0003e00000008080,0,ECI_CMD_MREQ_RLDD,126070014172,8080,,15,,,1,,,0,0,8080,6,,,,0,0,0,
58,0x4803c00000008080,9,ECI_CMD_MRSP_PSHA,126070014517,8080,0,15,0,,,0,,0,4,8080,4,0,,0,,0,,0
59,0x3803e00000008080,7,ECI_CMD_MREQ_RC2D_S,126070014939,8080,,15,,,1,,,0,0,8080,6,,,,0,0,0,
60,0x2800300000008180,5,ECI_CMD_MREQ_RLDX,126070014952,8180,,0,,,1,,,0,0,8180,6,,,,0,4,0,
61,0x2800300000008280,5,ECI_CMD_MREQ_RLDX,126070014954,8280,,0,,,1,,,0,0,8280,6,,,,0,4,0,
62,0x2804300000008380,5,ECI_CMD_MREQ_RLDX,126070014956,8380,,0,,,1,,,1,0,8380,6,,,,0,4,0,
63,0x2844300000008480,5,ECI_CMD_MREQ_RLDX,126070014958,8480,,0,,,1,,,17,0,8480,6,,,,0,4,0,
64,0x2844300000008580,5,ECI_CMD_MREQ_RLDX,126070014960,8580,,0,,,1,,,17,0,8580,6,,,,0,4,0,
65,0x2847f00000008680,5,ECI_CMD_MREQ_RLDX,126070014962,8680,,15,,,1,,,17,0,8680,6,,,,0,4,0,
66,0x5000000000008080,10,ECI_CMD_MRSP_PEMD,126070014964,8080,0,0,0,,,0,,0,3,8080,10,0,,0,,0,,0
67,0x5003c00000008180,10,ECI_CMD_MRSP_PEMD,126070015043,8180,0,15,0,,,0,,0,4,8180,4,0,,0,,0,,0
68,0x5003c00000008280,10,ECI_CMD_MRSP_PEMD,126070015065,8280,0,15,0,,,0,,0,4,8280,4,0,,0,,0,,0
69,0x5007c00000008380,10,ECI_CMD_MRSP_PEMD,126070015087,8380,0,15,0,,,0,,1,4,8380,4,0,,0,,0,,0
70,0x5047c00000008480,10,ECI_CMD_MRSP_PEMD,126070015109,8480,0,15,0,,,0,,17,4,8480,4,0,,0,,0,,0
71,0x0007e00000008180,0,ECI_CMD_MRSP_VICD,126070015126,8180,,15,,,1,,,,2,8180,4,,1,,,,,0
72,0x5047c00000008580,10,ECI_CMD_MRSP_PEMD,126070015131,8580,0,15,0,,,0,,17,4,8580,4,0,,0,,0,,0
73,0x0007e00000008280,0,ECI_CMD_MRSP_VICD,126070015147,8280,,15,,,1,,,,2,8280,4,,1,,,,,0
74,0x5047c00000008680,10,ECI_CMD_MRSP_PEMD,126070015153,8680,0,15,0,,,0,,17,4,8680,4,0,,0,,0,,0
75,0x0007e00000008380,0,ECI_CMD_MRSP_VICD,126070015169,8380,,15,,,1,,,,2,8380,4,,1,,,,,0
76,0x0007e00000008480,0,ECI_CMD_MRSP_VICD,126070015190,8480,,15,,,1,,,,2,8480,4,,1,,,,,0
77,0x0007e00000008580,0,ECI_CMD_MRSP_VICD,126070015214,8580,,15,,,1,,,,2,8580,4,,1,,,,,0
78,0x0007e00000008680,0,ECI_CMD_MRSP_VICD,126070015236,8680,,15,,,1,,,,2,8680,4,,1,,,,,0
79,0x5807e40000008080,11,ECI_CMD_MFWD_FEVX_EH,126070015301,8080,,15,,1,1,,1,,5,8080,8,0,,,0,0,,
80,0x1807e00000008080,3,ECI_CMD_MRSP_VICDHI,126070015378,8080,,15,,1,1,,,,2,8080,4,,,,,0,,0
81,0x2804300000008180,5,ECI_CMD_MREQ_RLDX,126070016000,8180,,0,,,1,,,1,0,8180,6,,,,0,4,0,
82,0x2804300000008280,5,ECI_CMD_MREQ_RLDX,126070016002,8280,,0,,,1,,,1,0,8280,6,,,,0,4,0,
83,0x2804300000008380,5,ECI_CMD_MREQ_RLDX,126070016004,8380,,0,,,1,,,1,0,8380,6,,,,0,4,0,
84,0x2844300000008480,5,ECI_CMD_MREQ_RLDX,126070016006,8480,,0,,,1,,,17,0,8480,6,,,,0,4,0,
85,0x2840300000008580,5,ECI_CMD_MREQ_RLDX,126070016008,8580,,0,,,1,,,16,0,8580,6,,,,0,4,0,
86,0x2843f00000008680,5,ECI_CMD_MREQ_RLDX,126070016010,8680,,15,,,1,,,16,0,8680,6,,,,0,4,0,
87,0x5007c00000008180,10,ECI_CMD_MRSP_PEMD,126070016080,8180,0,15,0,,,0,,1,4,8180,4,0,,0,,0,,0
88,0x5007c00000008280,10,ECI_CMD_MRSP_PEMD,126070016102,8280,0,15,0,,,0,,1,4,8280,4,0,,0,,0,,0
89,0x5007c00000008380,10,ECI_CMD_MRSP_PEMD,126070016124,8380,0,15,0,,,0,,1,4,8380,4,0,,0,,0,,0
90,0x5047c00000008480,10,ECI_CMD_MRSP_PEMD,126070016146,8480,0,15,0,,,0,,17,4,8480,4,0,,0,,0,,0
91,0x0007e00000008180,0,ECI_CMD_MRSP_VICD,126070016161,8180,,15,,,1,,,,2,8180,4,,1,,,,,0
92,0x5043c00000008580,10,ECI_CMD_MRSP_PEMD,126070016168,8580,0,15,0,,,0,,16,4,8580,4,0,,0,,0,,0
93,0x0007e00000008280,0,ECI_CMD_MRSP_VICD,126070016184,8280,,15,,,1,,,,2,8280,4,,1,,,,,0
94,0x5043c00000008680,10,ECI_CMD_MRSP_PEMD,126070016190,8680,0,15,0,,,0,,16,4,8680,4,0,,0,,0,,0
95,0x0007e00000008380,0,ECI_CMD_MRSP_VICD,126070016207,8380,,15,,,1,,,,2,8380,4,,1,,,,,0
96,0x0007e00000008480,0,ECI_CMD_MRSP_VICD,126070016229,8480,,15,,,1,,,,2,8480,4,,1,,,,,0
97,0x0007e00000008580,0,ECI_CMD_MRSP_VICD,126070016250,8580,,15,,,1,,,,2,8580,4,,1,,,,,0
98,0x0007e00000008680,0,ECI_CMD_MRSP_VICD,126070016272,8680,,15,,,1,,,,2,8680,4,,1,,,,,0
99,0x0003e00000008080,0,ECI_CMD_MREQ_RLDD,126070016275,8080,,15,,,1,,,0,0,8080,6,,,,0,0,0,
100,0x4803c00000008080,9,ECI_CMD_MRSP_PSHA,126070016619,8080,0,15,0,,,0,,0,4,8080,4,0,,0,,0,,0
101,0x3803e00000008080,7,ECI_CMD_MREQ_RC2D_S,126070017033,8080,,15,,,1,,,0,0,8080,6,,,,0,0,0,
102,0x2804300000008180,5,ECI_CMD_MREQ_RLDX,126070017047,8180,,0,,,1,,,1,0,8180,6,,,,0,4,0,
103,0x2800300000008280,5,ECI_CMD_MREQ_RLDX,126070017049,8280,,0,,,1,,,0,0,8280,6,,,,0,4,0,
104,0x2800300000008380,5,ECI_CMD_MREQ_RLDX,126070017051,8380,,0,,,1,,,0,0,8380,6,,,,0,4,0,
105,0x2844300000008480,5,ECI_CMD_MREQ_RLDX,126070017053,8480,,0,,,1,,,17,0,8480,6,,,,0,4,0,
106,0x2840300000008580,5,ECI_CMD_MREQ_RLDX,126070017055,8580,,0,,,1,,,16,0,8580,6,,,,0,4,0,
107,0x2847f00000008680,5,ECI_CMD_MREQ_RLDX,126070017057,8680,,15,,,1,,,17,0,8680,6,,,,0,4,0,
108,0x5000000000008080,10,ECI_CMD_MRSP_PEMD,126070017057,8080,0,0,0,,,0,,0,3,8080,10,0,,0,,0,,0
109,0x5007c00000008180,10,ECI_CMD_MRSP_PEMD,126070017138,8180,0,15,0,,,0,,1,4,8180,4,0,,0,,0,,0
110,0x5003c00000008280,10,ECI_CMD_MRSP_PEMD,126070017160,8280,0,15,0,,,0,,0,4,8280,4,0,,0,,0,,0
111,0x5003c00000008380,10,ECI_CMD_MRSP_PEMD,126070017182,8380,0,15,0,,,0,,0,4,8380,4,0,,0,,0,,0
112,0x5047c00000008480,10,ECI_CMD_MRSP_PEMD,126070017204,8480,0,15,0,,,0,,17,4,8480,4,0,,0,,0,,0
113,0x0007e00000008180,0,ECI_CMD_MRSP_VICD,126070017221,8180,,15,,,1,,,,2,8180,4,,1,,,,,0
114,0x5043c00000008580,10,ECI_CMD_MRSP_PEMD,126070017226,8580,0,15,0,,,0,,16,4,8580,4,0,,0,,0,,0
115,0x0007e00000008280,0,ECI_CMD_MRSP_VICD,126070017241,8280,,15,,,1,,,,2,8280,4,,1,,,,,0
116,0x5047c00000008680,10,ECI_CMD_MRSP_PEMD,126070017248,8680,0,15,0,,,0,,17,4,8680,4,0,,0,,0,,0
117,0x0007e00000008380,0,ECI_CMD_MRSP_VICD,126070017264,8380,,15,,,1,,,,2,8380,4,,1,,,,,0
118,0x0007e00000008480,0,ECI_CMD_MRSP_VICD,126070017287,8480,,15,,,1,,,,2,8480,4,,1,,,,,0
119,0x0007e00000008580,0,ECI_CMD_MRSP_VICD,126070017309,8580,,15,,,1,,,,2,8580,4,,1,,,,,0
120,0x0007e00000008680,0,ECI_CMD_MRSP_VICD,126070017330,8680,,15,,,1,,,,2,8680,4,,1,,,,,0
121,0x5807e40000008080,11,ECI_CMD_MFWD_FEVX_EH,126070017396,8080,,15,,1,1,,1,,5,8080,8,0,,,0,0,,
122,0x1807e00000008080,3,ECI_CMD_MRSP_VICDHI,126070017474,8080,,15,,1,1,,,,2,8080,4,,,,,0,,0
123,0x2800300000008180,5,ECI_CMD_MREQ_RLDX,126070018102,8180,,0,,,1,,,0,0,8180,6,,,,0,4,0,
124,0x2800300000008280,5,ECI_CMD_MREQ_RLDX,126070018104,8280,,0,,,1,,,0,0,8280,6,,,,0,4,0,
125,0x2804300000008380,5,ECI_CMD_MREQ_RLDX,126070018106,8380,,0,,,1,,,1,0,8380,6,,,,0,4,0,
126,0x2840300000008480,5,ECI_CMD_MREQ_RLDX,126070018108,8480,,0,,,1,,,16,0,8480,6,,,,0,4,0,
127,0x2840300000008580,5,ECI_CMD_MREQ_RLDX,126070018110,8580,,0,,,1,,,16,0,8580,6,,,,0,4,0,
128,0x2847f00000008680,5,ECI_CMD_MREQ_RLDX,126070018112,8680,,15,,,1,,,17,0,8680,6,,,,0,4,0,
129,0x5003c00000008180,10,ECI_CMD_MRSP_PEMD,126070018192,8180,0,15,0,,,0,,0,4,8180,4,0,,0,,0,,0
130,0x5003c00000008280,10,ECI_CMD_MRSP_PEMD,126070018214,8280,0,15,0,,,0,,0,4,8280,4,0,,0,,0,,0
131,0x5007c00000008380,10,ECI_CMD_MRSP_PEMD,126070018236,8380,0,15,0,,,0,,1,4,8380,4,0,,0,,0,,0
132,0x5043c00000008480,10,ECI_CMD_MRSP_PEMD,126070018258,8480,0,15,0,,,0,,16,4,8480,4,0,,0,,0,,0
133,0x0007e00000008180,0,ECI_CMD_MRSP_VICD,126070018275,8180,,15,,,1,,,,2,8180,4,,1,,,,,0
134,0x5043c00000008580,10,ECI_CMD_MRSP_PEMD,126070018280,8580,0,15,0,,,0,,16,4,8580,4,0,,0,,0,,0
135,0x0007e00000008280,0,ECI_CMD_MRSP_VICD,126070018296,8280,,15,,,1,,,,2,8280,4,,1,,,,,0
136,0x5047c00000008680,10,ECI_CMD_MRSP_PEMD,126070018302,8680,0,15,0,,,0,,17,4,8680,4,0,,0,,0,,0
137,0x0007e00000008380,0,ECI_CMD_MRSP_VICD,126070018318,8380,,15,,,1,,,,2,8380,4,,1,,,,,0
138,0x0007e00000008480,0,ECI_CMD_MRSP_VICD,126070018340,8480,,15,,,1,,,,2,8480,4,,1,,,,,0
139,0x0007e00000008580,0,ECI_CMD_MRSP_VICD,126070018362,8580,,15,,,1,,,,2,8580,4,,1,,,,,0
140,0x0007e00000008080,0,ECI_CMD_MREQ_RLDD,126070018380,8080,,15,,,1,,,1,0,8080,6,,,,0,0,0,
141,0x0007e00000008680,0,ECI_CMD_MRSP_VICD,126070018386,8680,,15,,,1,,,,2,8680,4,,1,,,,,0
142,0x4807c00000008080,9,ECI_CMD_MRSP_PSHA,126070018724,8080,0,15,0,,,0,,1,4,8080,4,0,,0,,0,,0
143,0x3807e00000008080,7,ECI_CMD_MREQ_RC2D_S,126070019169,8080,,15,,,1,,,1,0,8080,6,,,,0,0,0,
144,0x2804300000008180,5,ECI_CMD_MREQ_RLDX,126070019183,8180,,0,,,1,,,1,0,8180,6,,,,0,4,0,
145,0x2800300000008280,5,ECI_CMD_MREQ_RLDX,126070019185,8280,,0,,,1,,,0,0,8280,6,,,,0,4,0,
146,0x2800300000008380,5,ECI_CMD_MREQ_RLDX,126070019187,8380,,0,,,1,,,0,0,8380,6,,,,0,4,0,
147,0x2840300000008480,5,ECI_CMD_MREQ_RLDX,126070019189,8480,,0,,,1,,,16,0,8480,6,,,,0,4,0,
148,0x2840300000008580,5,ECI_CMD_MREQ_RLDX,126070019191,8580,,0,,,1,,,16,0,8580,6,,,,0,4,0,
149,0x2847f00000008680,5,ECI_CMD_MREQ_RLDX,126070019193,8680,,15,,,1,,,17,0,8680,6,,,,0,4,0,
150,0x5004000000008080,10,ECI_CMD_MRSP_PEMD,126070019195,8080,0,0,0,,,0,,1,3,8080,10,0,,0,,0,,0
151,0x5007c00000008180,10,ECI_CMD_MRSP_PEMD,126070019274,8180,0,15,0,,,0,,1,4,8180,4,0,,0,,0,,0
152,0x5003c00000008280,10,ECI_CMD_MRSP_PEMD,126070019296,8280,0,15,0,,,0,,0,4,8280,4,0,,0,,0,,0
153,0x5003c00000008380,10,ECI_CMD_MRSP_PEMD,126070019318,8380,0,15,0,,,0,,0,4,8380,4,0,,0,,0,,0
154,0x5043c00000008480,10,ECI_CMD_MRSP_PEMD,126070019340,8480,0,15,0,,,0,,16,4,8480,4,0,,0,,0,,0
155,0x0007e00000008180,0,ECI_CMD_MRSP_VICD,126070019357,8180,,15,,,1,,,,2,8180,4,,1,,,,,0
156,0x5043c00000008580,10,ECI_CMD_MRSP_PEMD,126070019362,8580,0,15,0,,,0,,16,4,8580,4,0,,0,,0,,0
157,0x0007e00000008280,0,ECI_CMD_MRSP_VICD,126070019377,8280,,15,,,1,,,,2,8280,4,,1,,,,,0
158,0x5047c00000008680,10,ECI_CMD_MRSP_PEMD,126070019384,8680,0,15,0,,,0,,17,4,8680,4,0,,0,,0,,0
159,0x0007e00000008380,0,ECI_CMD_MRSP_VICD,126070019399,8380,,15,,,1,,,,2,8380,4,,1,,,,,0
160,0x0007e00000008480,0,ECI_CMD_MRSP_VICD,126070019422,8480,,15,,,1,,,,2,8480,4,,1,,,,,0
161,0x0007e00000008580,0,ECI_CMD_MRSP_VICD,126070019445,8580,,15,,,1,,,,2,8580,4,,1,,,,,0
162,0x0007e00000008680,0,ECI_CMD_MRSP_VICD,126070019467,8680,,15,,,1,,,,2,8680,4,,1,,,,,0
163,0x5807e40000008080,11,ECI_CMD_MFWD_FEVX_EH,126070019532,8080,,15,,1,1,,1,,5,8080,8,0,,,0,0,,
164,0x1807e00000008080,3,ECI_CMD_MRSP_VICDHI,126070019610,8080,,15,,1,1,,,,2,8080,4,,,,,0,,0
165,0x2800300000008180,5,ECI_CMD_MREQ_RLDX,126070020227,8180,,0,,,1,,,0,0,8180,6,,,,0,4,0,
166,0x2800300000008280,5,ECI_CMD_MREQ_RLDX,126070020229,8280,,0,,,1,,,0,0,8280,6,,,,0,4,0,
167,0x2804300000008380,5,ECI_CMD_MREQ_RLDX,126070020232,8380,,0,,,1,,,1,0,8380,6,,,,0,4,0,
168,0x2844300000008480,5,ECI_CMD_MREQ_RLDX,126070020234,8480,,0,,,1,,,17,0,8480,6,,,,0,4,0,
169,0x2844300000008580,5,ECI_CMD_MREQ_RLDX,126070020236,8580,,0,,,1,,,17,0,8580,6,,,,0,4,0,
170,0x2847f00000008680,5,ECI_CMD_MREQ_RLDX,126070020238,8680,,15,,,1,,,17,0,8680,6,,,,0,4,0,
171,0x5003c00000008180,10,ECI_CMD_MRSP_PEMD,126070020307,8180,0,15,0,,,0,,0,4,8180,4,0,,0,,0,,0
172,0x5003c00000008280,10,ECI_CMD_MRSP_PEMD,126070020329,8280,0,15,0,,,0,,0,4,8280,4,0,,0,,0,,0
173,0x5007c00000008380,10,ECI_CMD_MRSP_PEMD,126070020351,8380,0,15,0,,,0,,1,4,8380,4,0,,0,,0,,0
174,0x5047c00000008480,10,ECI_CMD_MRSP_PEMD,126070020373,8480,0,15,0,,,0,,17,4,8480,4,0,,0,,0,,0
175,0x0007e00000008180,0,ECI_CMD_MRSP_VICD,126070020390,8180,,15,,,1,,,,2,8180,4,,1,,,,,0
176,0x5047c00000008580,10,ECI_CMD_MRSP_PEMD,126070020395,8580,0,15,0,,,0,,17,4,8580,4,0,,0,,0,,0
177,0x0007e00000008280,0,ECI_CMD_MRSP_VICD,126070020412,8280,,15,,,1,,,,2,8280,4,,1,,,,,0
178,0x5047c00000008680,10,ECI_CMD_MRSP_PEMD,126070020417,8680,0,15,0,,,0,,17,4,8680,4,0,,0,,0,,0
179,0x0007e00000008380,0,ECI_CMD_MRSP_VICD,126070020432,8380,,15,,,1,,,,2,8380,4,,1,,,,,0
180,0x0007e00000008480,0,ECI_CMD_MRSP_VICD,126070020454,8480,,15,,,1,,,,2,8480,4,,1,,,,,0
181,0x0007e00000008580,0,ECI_CMD_MRSP_VICD,126070020477,8580,,15,,,1,,,,2,8580,4,,1,,,,,0
182,0x0007e00000008680,0,ECI_CMD_MRSP_VICD,126070020501,8680,,15,,,1,,,,2,8680,4,,1,,,,,0
183,0x0003e00000008080,0,ECI_CMD_MREQ_RLDD,126070020503,8080,,15,,,1,,,0,0,8080,6,,,,0,0,0,
184,0x4803c00000008080,9,ECI_CMD_MRSP_PSHA,126070020846,8080,0,15,0,,,0,,0,4,8080,4,0,,0,,0,,0
185,0x3807e00000008080,7,ECI_CMD_MREQ_RC2D_S,126070021257,8080,,15,,,1,,,1,0,8080,6,,,,0,0,0,
186,0x2804300000008180,5,ECI_CMD_MREQ_RLDX,126070021270,8180,,0,,,1,,,1,0,8180,6,,,,0,4,0,
187,0x2804300000008280,5,ECI_CMD_MREQ_RLDX,126070021272,8280,,0,,,1,,,1,0,8280,6,,,,0,4,0,
188,0x2800300000008380,5,ECI_CMD_MREQ_RLDX,126070021274,8380,,0,,,1,,,0,0,8380,6,,,,0,4,0,
189,0x2840300000008480,5,ECI_CMD_MREQ_RLDX,126070021276,8480,,0,,,1,,,16,0,8480,6,,,,0,4,0,
190,0x2840300000008580,5,ECI_CMD_MREQ_RLDX,126070021278,8580,,0,,,1,,,16,0,8580,6,,,,0,4,0,
191,0x2843f00000008680,5,ECI_CMD_MREQ_RLDX,126070021280,8680,,15,,,1,,,16,0,8680,6,,,,0,4,0,
192,0x5004000000008080,10,ECI_CMD_MRSP_PEMD,126070021282,8080,0,0,0,,,0,,1,3,8080,10,0,,0,,0,,0
193,0x5007c00000008180,10,ECI_CMD_MRSP_PEMD,126070021360,8180,0,15,0,,,0,,1,4,8180,4,0,,0,,0,,0
194,0x5007c00000008280,10,ECI_CMD_MRSP_PEMD,126070021382,8280,0,15,0,,,0,,1,4,8280,4,0,,0,,0,,0
195,0x5003c00000008380,10,ECI_CMD_MRSP_PEMD,126070021404,8380,0,15,0,,,0,,0,4,8380,4,0,,0,,0,,0
196,0x5043c00000008480,10,ECI_CMD_MRSP_PEMD,126070021426,8480,0,15,0,,,0,,16,4,8480,4,0,,0,,0,,0
197,0x0007e00000008180,0,ECI_CMD_MRSP_VICD,126070021442,8180,,15,,,1,,,,2,8180,4,,1,,,,,0
198,0x5043c00000008580,10,ECI_CMD_MRSP_PEMD,126070021448,8580,0,15,0,,,0,,16,4,8580,4,0,,0,,0,,0
199,0x0007e00000008280,0,ECI_CMD_MRSP_VICD,126070021465,8280,,15,,,1,,,,2,8280,4,,1,,,,,0
200,0x5043c00000008680,10,ECI_CMD_MRSP_PEMD,126070021470,8680,0,15,0,,,0,,16,4,8680,4,0,,0,,0,,0
201,0x0007e00000008380,0,ECI_CMD_MRSP_VICD,126070021485,8380,,15,,,1,,,,2,8380,4,,1,,,,,0
202,0x0007e00000008480,0,ECI_CMD_MRSP_VICD,126070021508,8480,,15,,,1,,,,2,8480,4,,1,,,,,0
203,0x0007e00000008580,0,ECI_CMD_MRSP_VICD,126070021530,8580,,15,,,1,,,,2,8580,4,,1,,,,,0
204,0x0007e00000008680,0,ECI_CMD_MRSP_VICD,126070021553,8680,,15,,,1,,,,2,8680,4,,1,,,,,0
205,0x5807e40000008080,11,ECI_CMD_MFWD_FEVX_EH,126070021618,8080,,15,,1,1,,1,,5,8080,8,0,,,0,0,,
206,0x1807e00000008080,3,ECI_CMD_MRSP_VICDHI,126070021695,8080,,15,,1,1,,,,2,8080,4,,,,,0,,0
207,0x2800300000008180,5,ECI_CMD_MREQ_RLDX,126070956284,8180,,0,,,1,,,0,0,8180,6,,,,0,4,0,
208,0x2804300000008280,5,ECI_CMD_MREQ_RLDX,126070956286,8280,,0,,,1,,,1,0,8280,6,,,,0,4,0,
209,0x2800300000008380,5,ECI_CMD_MREQ_RLDX,126070956288,8380,,0,,,1,,,0,0,8380,6,,,,0,4,0,
210,0x2844300000008480,5,ECI_CMD_MREQ_RLDX,126070956290,8480,,0,,,1,,,17,0,8480,6,,,,0,4,0,
211,0x2840300000008580,5,ECI_CMD_MREQ_RLDX,126070956292,8580,,0,,,1,,,16,0,8580,6,,,,0,4,0,
212,0x2843f00000008680,5,ECI_CMD_MREQ_RLDX,126070956294,8680,,15,,,1,,,16,0,8680,6,,,,0,4,0,
213,0x5003c00000008180,10,ECI_CMD_MRSP_PEMD,126070956374,8180,0,15,0,,,0,,0,4,8180,4,0,,0,,0,,0
214,0x5007c00000008280,10,ECI_CMD_MRSP_PEMD,126070956396,8280,0,15,0,,,0,,1,4,8280,4,0,,0,,0,,0
215,0x5003c00000008380,10,ECI_CMD_MRSP_PEMD,126070956418,8380,0,15,0,,,0,,0,4,8380,4,0,,0,,0,,0
216,0x5047c00000008480,10,ECI_CMD_MRSP_PEMD,126070956440,8480,0,15,0,,,0,,17,4,8480,4,0,,0,,0,,0
217,0x0007e00000008180,0,ECI_CMD_MRSP_VICD,126070956457,8180,,15,,,1,,,,2,8180,4,,1,,,,,0
218,0x5043c00000008580,10,ECI_CMD_MRSP_PEMD,126070956462,8580,0,15,0,,,0,,16,4,8580,4,0,,0,,0,,0
219,0x0007e00000008280,0,ECI_CMD_MRSP_VICD,126070956478,8280,,15,,,1,,,,2,8280,4,,1,,,,,0
220,0x5043c00000008680,10,ECI_CMD_MRSP_PEMD,126070956484,8680,0,15,0,,,0,,16,4,8680,4,0,,0,,0,,0
221,0x0007e00000008380,0,ECI_CMD_MRSP_VICD,126070956501,8380,,15,,,1,,,,2,8380,4,,1,,,,,0
222,0x0007e00000008480,0,ECI_CMD_MRSP_VICD,126070956521,8480,,15,,,1,,,,2,8480,4,,1,,,,,0
223,0x0007e00000008580,0,ECI_CMD_MRSP_VICD,126070956543,8580,,15,,,1,,,,2,8580,4,,1,,,,,0
224,0x0007e00000008080,0,ECI_CMD_MREQ_RLDD,126070956561,8080,,15,,,1,,,1,0,8080,6,,,,0,0,0,
225,0x0007e00000008680,0,ECI_CMD_MRSP_VICD,126070956567,8680,,15,,,1,,,,2,8680,4,,1,,,,,0
226,0x4807c00000008080,9,ECI_CMD_MRSP_PSHA,126070956904,8080,0,15,0,,,0,,1,4,8080,4,0,,0,,0,,0
227,0x3803e00000008080,7,ECI_CMD_MREQ_RC2D_S,126112757283,8080,,15,,,1,,,0,0,8080,6,,,,0,0,0,
228,0x2804300000008180,5,ECI_CMD_MREQ_RLDX,126112757304,8180,,0,,,1,,,1,0,8180,6,,,,0,4,0,
229,0x2804300000008280,5,ECI_CMD_MREQ_RLDX,126112757306,8280,,0,,,1,,,1,0,8280,6,,,,0,4,0,
230,0x5000000000008080,10,ECI_CMD_MRSP_PEMD,126112757308,8080,0,0,0,,,0,,0,3,8080,10,0,,0,,0,,0
231,0x2800300000008380,5,ECI_CMD_MREQ_RLDX,126112757310,8380,,0,,,1,,,0,0,8380,6,,,,0,4,0,
232,0x2840300000008480,5,ECI_CMD_MREQ_RLDX,126112757312,8480,,0,,,1,,,16,0,8480,6,,,,0,4,0,
233,0x2840300000008580,5,ECI_CMD_MREQ_RLDX,126112757314,8580,,0,,,1,,,16,0,8580,6,,,,0,4,0,
234,0x2843f00000008680,5,ECI_CMD_MREQ_RLDX,126112757316,8680,,15,,,1,,,16,0,8680,6,,,,0,4,0,
235,0x5007c00000008180,10,ECI_CMD_MRSP_PEMD,126112757396,8180,0,15,0,,,0,,1,4,8180,4,0,,0,,0,,0
236,0x5007c00000008280,10,ECI_CMD_MRSP_PEMD,126112757418,8280,0,15,0,,,0,,1,4,8280,4,0,,0,,0,,0
237,0x5003c00000008380,10,ECI_CMD_MRSP_PEMD,126112757440,8380,0,15,0,,,0,,0,4,8380,4,0,,0,,0,,0
238,0x5043c00000008480,10,ECI_CMD_MRSP_PEMD,126112757462,8480,0,15,0,,,0,,16,4,8480,4,0,,0,,0,,0
239,0x0007e00000008180,0,ECI_CMD_MRSP_VICD,126112757478,8180,,15,,,1,,,,2,8180,4,,1,,,,,0
240,0x5043c00000008580,10,ECI_CMD_MRSP_PEMD,126112757484,8580,0,15,0,,,0,,16,4,8580,4,0,,0,,0,,0
241,0x0007e00000008280,0,ECI_CMD_MRSP_VICD,126112757499,8280,,15,,,1,,,,2,8280,4,,1,,,,,0
242,0x5043c00000008680,10,ECI_CMD_MRSP_PEMD,126112757506,8680,0,15,0,,,0,,16,4,8680,4,0,,0,,0,,0
243,0x0007e00000008380,0,ECI_CMD_MRSP_VICD,126112757522,8380,,15,,,1,,,,2,8380,4,,1,,,,,0
244,0x0007e00000008480,0,ECI_CMD_MRSP_VICD,126112757544,8480,,15,,,1,,,,2,8480,4,,1,,,,,0
245,0x0007e00000008580,0,ECI_CMD_MRSP_VICD,126112757567,8580,,15,,,1,,,,2,8580,4,,1,,,,,0
246,0x0007e00000008680,0,ECI_CMD_MRSP_VICD,126112757587,8680,,15,,,1,,,,2,8680,4,,1,,,,,0
247,0x5807e40000008080,11,ECI_CMD_MFWD_FEVX_EH,126112757654,8080,,15,,1,1,,1,,5,8080,8,0,,,0,0,,
248,0x1807e00000008080,3,ECI_CMD_MRSP_VICDHI,126112757732,8080,,15,,1,1,,,,2,8080,4,,,,,0,,0
249,0x2804300000008180,5,ECI_CMD_MREQ_RLDX,126194356002,8180,,0,,,1,,,1,0,8180,6,,,,0,4,0,
250,0x2800300000008280,5,ECI_CMD_MREQ_RLDX,126194356004,8280,,0,,,1,,,0,0,8280,6,,,,0,4,0,
251,0x2800300000008380,5,ECI_CMD_MREQ_RLDX,126194356006,8380,,0,,,1,,,0,0,8380,6,,,,0,4,0,
252,0x2840300000008480,5,ECI_CMD_MREQ_RLDX,126194356008,8480,,0,,,1,,,16,0,8480,6,,,,0,4,0,
253,0x2844300000008580,5,ECI_CMD_MREQ_RLDX,126194356010,8580,,0,,,1,,,17,0,8580,6,,,,0,4,0,
254,0x2843f00000008680,5,ECI_CMD_MREQ_RLDX,126194356012,8680,,15,,,1,,,16,0,8680,6,,,,0,4,0,
255,0x5007c00000008180,10,ECI_CMD_MRSP_PEMD,126194356092,8180,0,15,0,,,0,,1,4,8180,4,0,,0,,0,,0
256,0x5003c00000008280,10,ECI_CMD_MRSP_PEMD,126194356114,8280,0,15,0,,,0,,0,4,8280,4,0,,0,,0,,0
257,0x5003c00000008380,10,ECI_CMD_MRSP_PEMD,126194356136,8380,0,15,0,,,0,,0,4,8380,4,0,,0,,0,,0
258,0x5043c00000008480,10,ECI_CMD_MRSP_PEMD,126194356158,8480,0,15,0,,,0,,16,4,8480,4,0,,0,,0,,0
259,0x0007e00000008180,0,ECI_CMD_MRSP_VICD,126194356174,8180,,15,,,1,,,,2,8180,4,,1,,,,,0
260,0x5047c00000008580,10,ECI_CMD_MRSP_PEMD,126194356180,8580,0,15,0,,,0,,17,4,8580,4,0,,0,,0,,0
261,0x0007e00000008280,0,ECI_CMD_MRSP_VICD,126194356195,8280,,15,,,1,,,,2,8280,4,,1,,,,,0
262,0x5043c00000008680,10,ECI_CMD_MRSP_PEMD,126194356202,8680,0,15,0,,,0,,16,4,8680,4,0,,0,,0,,0
263,0x0007e00000008380,0,ECI_CMD_MRSP_VICD,126194356219,8380,,15,,,1,,,,2,8380,4,,1,,,,,0
264,0x0007e00000008480,0,ECI_CMD_MRSP_VICD,126194356240,8480,,15,,,1,,,,2,8480,4,,1,,,,,0
265,0x0007e00000008580,0,ECI_CMD_MRSP_VICD,126194356263,8580,,15,,,1,,,,2,8580,4,,1,,,,,0
266,0x0007e00000008080,0,ECI_CMD_MREQ_RLDD,126194356279,8080,,15,,,1,,,1,0,8080,6,,,,0,0,0,
267,0x0007e00000008680,0,ECI_CMD_MRSP_VICD,126194356284,8680,,15,,,1,,,,2,8680,4,,1,,,,,0
268,0x4807c00000008080,9,ECI_CMD_MRSP_PSHA,126194356624,8080,0,15,0,,,0,,1,4,8080,4,0,,0,,0,,0
269,0x3803e00000008080,7,ECI_CMD_MREQ_RC2D_S,126363955266,8080,,15,,,1,,,0,0,8080,6,,,,0,0,0,
270,0x2804300000008180,5,ECI_CMD_MREQ_RLDX,126363955284,8180,,0,,,1,,,1,0,8180,6,,,,0,4,0,
271,0x2804300000008280,5,ECI_CMD_MREQ_RLDX,126363955286,8280,,0,,,1,,,1,0,8280,6,,,,0,4,0,
272,0x2804300000008380,5,ECI_CMD_MREQ_RLDX,126363955288,8380,,0,,,1,,,1,0,8380,6,,,,0,4,0,
273,0x2840300000008480,5,ECI_CMD_MREQ_RLDX,126363955290,8480,,0,,,1,,,16,0,8480,6,,,,0,4,0,
274,0x5000000000008080,10,ECI_CMD_MRSP_PEMD,126363955290,8080,0,0,0,,,0,,0,3,8080,10,0,,0,,0,,0
275,0x2840300000008580,5,ECI_CMD_MREQ_RLDX,126363955293,8580,,0,,,1,,,16,0,8580,6,,,,0,4,0,
276,0x2847f00000008680,5,ECI_CMD_MREQ_RLDX,126363955295,8680,,15,,,1,,,17,0,8680,6,,,,0,4,0,
277,0x5007c00000008180,10,ECI_CMD_MRSP_PEMD,126363955375,8180,0,15,0,,,0,,1,4,8180,4,0,,0,,0,,0
278,0x5007c00000008280,10,ECI_CMD_MRSP_PEMD,126363955397,8280,0,15,0,,,0,,1,4,8280,4,0,,0,,0,,0
279,0x5007c00000008380,10,ECI_CMD_MRSP_PEMD,126363955419,8380,0,15,0,,,0,,1,4,8380,4,0,,0,,0,,0
280,0x5043c00000008480,10,ECI_CMD_MRSP_PEMD,126363955441,8480,0,15,0,,,0,,16,4,8480,4,0,,0,,0,,0
281,0x0007e00000008180,0,ECI_CMD_MRSP_VICD,126363955457,8180,,15,,,1,,,,2,8180,4,,1,,,,,0
282,0x5043c00000008580,10,ECI_CMD_MRSP_PEMD,126363955463,8580,0,15,0,,,0,,16,4,8580,4,0,,0,,0,,0
283,0x0007e00000008280,0,ECI_CMD_MRSP_VICD,126363955479,8280,,15,,,1,,,,2,8280,4,,1,,,,,0
284,0x5047c00000008680,10,ECI_CMD_MRSP_PEMD,126363955485,8680,0,15,0,,,0,,17,4,8680,4,0,,0,,0,,0
285,0x0007e00000008380,0,ECI_CMD_MRSP_VICD,126363955501,8380,,15,,,1,,,,2,8380,4,,1,,,,,0
286,0x0007e00000008480,0,ECI_CMD_MRSP_VICD,126363955523,8480,,15,,,1,,,,2,8480,4,,1,,,,,0
287,0x0007e00000008580,0,ECI_CMD_MRSP_VICD,126363955546,8580,,15,,,1,,,,2,8580,4,,1,,,,,0
288,0x0007e00000008680,0,ECI_CMD_MRSP_VICD,126363955568,8680,,15,,,1,,,,2,8680,4,,1,,,,,0
289,0x5807e40000008080,11,ECI_CMD_MFWD_FEVX_EH,126363955633,8080,,15,,1,1,,1,,5,8080,8,0,,,0,0,,
290,0x1807e00000008080,3,ECI_CMD_MRSP_VICDHI,126363955712,8080,,15,,1,1,,,,2,8080,4,,,,,0,,0
291,0x0003e00000008080,0,ECI_CMD_MREQ_RLDD,126568754649,8080,,15,,,1,,,0,0,8080,6,,,,0,0,0,
292,0x4803c00000008080,9,ECI_CMD_MRSP_PSHA,126568754936,8080,0,15,0,,,0,,0,4,8080,4,0,,0,,0,,0
293,0x3803e00000008080,7,ECI_CMD_MREQ_RC2D_S,126696754387,8080,,15,,,1,,,0,0,8080,6,,,,0,0,0,
294,0x2800300000008180,5,ECI_CMD_MREQ_RLDX,126696754409,8180,,0,,,1,,,0,0,8180,6,,,,0,4,0,
295,0x2804300000008280,5,ECI_CMD_MREQ_RLDX,126696754411,8280,,0,,,1,,,1,0,8280,6,,,,0,4,0,
296,0x5000000000008080,10,ECI_CMD_MRSP_PEMD,126696754413,8080,0,0,0,,,0,,0,3,8080,10,0,,0,,0,,0
297,0x2804300000008380,5,ECI_CMD_MREQ_RLDX,126696754415,8380,,0,,,1,,,1,0,8380,6,,,,0,4,0,
298,0x2840300000008480,5,ECI_CMD_MREQ_RLDX,126696754417,8480,,0,,,1,,,16,0,8480,6,,,,0,4,0,
299,0x2844300000008580,5,ECI_CMD_MREQ_RLDX,126696754419,8580,,0,,,1,,,17,0,8580,6,,,,0,4,0,
300,0x2843f00000008680,5,ECI_CMD_MREQ_RLDX,126696754421,8680,,15,,,1,,,16,0,8680,6,,,,0,4,0,
301,0x5003c00000008180,10,ECI_CMD_MRSP_PEMD,126696754500,8180,0,15,0,,,0,,0,4,8180,4,0,,0,,0,,0
302,0x5007c00000008280,10,ECI_CMD_MRSP_PEMD,126696754522,8280,0,15,0,,,0,,1,4,8280,4,0,,0,,0,,0
303,0x5007c00000008380,10,ECI_CMD_MRSP_PEMD,126696754544,8380,0,15,0,,,0,,1,4,8380,4,0,,0,,0,,0
304,0x5043c00000008480,10,ECI_CMD_MRSP_PEMD,126696754566,8480,0,15,0,,,0,,16,4,8480,4,0,,0,,0,,0
305,0x0007e00000008180,0,ECI_CMD_MRSP_VICD,126696754583,8180,,15,,,1,,,,2,8180,4,,1,,,,,0
306,0x5047c00000008580,10,ECI_CMD_MRSP_PEMD,126696754588,8580,0,15,0,,,0,,17,4,8580,4,0,,0,,0,,0
307,0x0007e00000008280,0,ECI_CMD_MRSP_VICD,126696754604,8280,,15,,,1,,,,2,8280,4,,1,,,,,0
308,0x5043c00000008680,10,ECI_CMD_MRSP_PEMD,126696754610,8680,0,15,0,,,0,,16,4,8680,4,0,,0,,0,,0
309,0x0007e00000008380,0,ECI_CMD_MRSP_VICD,126696754627,8380,,15,,,1,,,,2,8380,4,,1,,,,,0
310,0x0007e00000008480,0,ECI_CMD_MRSP_VICD,126696754647,8480,,15,,,1,,,,2,8480,4,,1,,,,,0
311,0x0007e00000008580,0,ECI_CMD_MRSP_VICD,126696754671,8580,,15,,,1,,,,2,8580,4,,1,,,,,0
312,0x0007e00000008680,0,ECI_CMD_MRSP_VICD,126696754693,8680,,15,,,1,,,,2,8680,4,,1,,,,,0
313,0x5807e40000008080,11,ECI_CMD_MFWD_FEVX_EH,126696754758,8080,,15,,1,1,,1,,5,8080,8,0,,,0,0,,
314,0x1807e00000008080,3,ECI_CMD_MRSP_VICDHI,126696754836,8080,,15,,1,1,,,,2,8080,4,,,,,0,,0
315,0x2800300000008180,5,ECI_CMD_MREQ_RLDX,127349552545,8180,,0,,,1,,,0,0,8180,6,,,,0,4,0,
316,0x2800300000008280,5,ECI_CMD_MREQ_RLDX,127349552547,8280,,0,,,1,,,0,0,8280,6,,,,0,4,0,
317,0x2804300000008380,5,ECI_CMD_MREQ_RLDX,127349552549,8380,,0,,,1,,,1,0,8380,6,,,,0,4,0,
318,0x2844300000008480,5,ECI_CMD_MREQ_RLDX,127349552551,8480,,0,,,1,,,17,0,8480,6,,,,0,4,0,
319,0x2840300000008580,5,ECI_CMD_MREQ_RLDX,127349552553,8580,,0,,,1,,,16,0,8580,6,,,,0,4,0,
320,0x2847f00000008680,5,ECI_CMD_MREQ_RLDX,127349552555,8680,,15,,,1,,,17,0,8680,6,,,,0,4,0,
321,0x5003c00000008180,10,ECI_CMD_MRSP_PEMD,127349552625,8180,0,15,0,,,0,,0,4,8180,4,0,,0,,0,,0
322,0x5003c00000008280,10,ECI_CMD_MRSP_PEMD,127349552647,8280,0,15,0,,,0,,0,4,8280,4,0,,0,,0,,0
323,0x5007c00000008380,10,ECI_CMD_MRSP_PEMD,127349552669,8380,0,15,0,,,0,,1,4,8380,4,0,,0,,0,,0
324,0x5047c00000008480,10,ECI_CMD_MRSP_PEMD,127349552691,8480,0,15,0,,,0,,17,4,8480,4,0,,0,,0,,0
325,0x0007e00000008180,0,ECI_CMD_MRSP_VICD,127349552707,8180,,15,,,1,,,,2,8180,4,,1,,,,,0
326,0x5043c00000008580,10,ECI_CMD_MRSP_PEMD,127349552713,8580,0,15,0,,,0,,16,4,8580,4,0,,0,,0,,0
327,0x0007e00000008280,0,ECI_CMD_MRSP_VICD,127349552728,8280,,15,,,1,,,,2,8280,4,,1,,,,,0
328,0x5047c00000008680,10,ECI_CMD_MRSP_PEMD,127349552735,8680,0,15,0,,,0,,17,4,8680,4,0,,0,,0,,0
329,0x0007e00000008380,0,ECI_CMD_MRSP_VICD,127349552751,8380,,15,,,1,,,,2,8380,4,,1,,,,,0
330,0x0007e00000008480,0,ECI_CMD_MRSP_VICD,127349552774,8480,,15,,,1,,,,2,8480,4,,1,,,,,0
331,0x0007e00000008580,0,ECI_CMD_MRSP_VICD,127349552795,8580,,15,,,1,,,,2,8580,4,,1,,,,,0
332,0x0007e00000008680,0,ECI_CMD_MRSP_VICD,127349552818,8680,,15,,,1,,,,2,8680,4,,1,,,,,0
333,0x0007e00000008080,0,ECI_CMD_MREQ_RLDD,127349552820,8080,,15,,,1,,,1,0,8080,6,,,,0,0,0,
334,0x4807c00000008080,9,ECI_CMD_MRSP_PSHA,127349553163,8080,0,15,0,,,0,,1,4,8080,4,0,,0,,0,,0
335,0x3803e00000008080,7,ECI_CMD_MREQ_RC2D_S,128719148994,8080,,15,,,1,,,0,0,8080,6,,,,0,0,0,
336,0x2804300000008180,5,ECI_CMD_MREQ_RLDX,128719149013,8180,,0,,,1,,,1,0,8180,6,,,,0,4,0,
337,0x2804300000008280,5,ECI_CMD_MREQ_RLDX,128719149015,8280,,0,,,1,,,1,0,8280,6,,,,0,4,0,
338,0x2804300000008380,5,ECI_CMD_MREQ_RLDX,128719149017,8380,,0,,,1,,,1,0,8380,6,,,,0,4,0,
339,0x5000000000008080,10,ECI_CMD_MRSP_PEMD,128719149019,8080,0,0,0,,,0,,0,3,8080,10,0,,0,,0,,0
340,0x2840300000008480,5,ECI_CMD_MREQ_RLDX,128719149021,8480,,0,,,1,,,16,0,8480,6,,,,0,4,0,
341,0x2840300000008580,5,ECI_CMD_MREQ_RLDX,128719149023,8580,,0,,,1,,,16,0,8580,6,,,,0,4,0,
342,0x2843f00000008680,5,ECI_CMD_MREQ_RLDX,128719149025,8680,,15,,,1,,,16,0,8680,6,,,,0,4,0,
343,0x5007c00000008180,10,ECI_CMD_MRSP_PEMD,128719149103,8180,0,15,0,,,0,,1,4,8180,4,0,,0,,0,,0
344,0x5007c00000008280,10,ECI_CMD_MRSP_PEMD,128719149125,8280,0,15,0,,,0,,1,4,8280,4,0,,0,,0,,0
345,0x5007c00000008380,10,ECI_CMD_MRSP_PEMD,128719149147,8380,0,15,0,,,0,,1,4,8380,4,0,,0,,0,,0
346,0x5043c00000008480,10,ECI_CMD_MRSP_PEMD,128719149169,8480,0,15,0,,,0,,16,4,8480,4,0,,0,,0,,0
347,0x0007e00000008180,0,ECI_CMD_MRSP_VICD,128719149185,8180,,15,,,1,,,,2,8180,4,,1,,,,,0
348,0x5043c00000008580,10,ECI_CMD_MRSP_PEMD,128719149191,8580,0,15,0,,,0,,16,4,8580,4,0,,0,,0,,0
349,0x0007e00000008280,0,ECI_CMD_MRSP_VICD,128719149208,8280,,15,,,1,,,,2,8280,4,,1,,,,,0
350,0x5043c00000008680,10,ECI_CMD_MRSP_PEMD,128719149213,8680,0,15,0,,,0,,16,4,8680,4,0,,0,,0,,0
351,0x0007e00000008380,0,ECI_CMD_MRSP_VICD,128719149228,8380,,15,,,1,,,,2,8380,4,,1,,,,,0
352,0x0007e00000008480,0,ECI_CMD_MRSP_VICD,128719149250,8480,,15,,,1,,,,2,8480,4,,1,,,,,0
353,0x0007e00000008580,0,ECI_CMD_MRSP_VICD,128719149273,8580,,15,,,1,,,,2,8580,4,,1,,,,,0
354,0x0007e00000008680,0,ECI_CMD_MRSP_VICD,128719149297,8680,,15,,,1,,,,2,8680,4,,1,,,,,0
355,0x5807e40000008080,11,ECI_CMD_MFWD_FEVX_EH,128719149362,8080,,15,,1,1,,1,,5,8080,8,0,,,0,0,,
356,0x1807e00000008080,3,ECI_CMD_MRSP_VICDHI,128719149440,8080,,15,,1,1,,,,2,8080,4,,,,,0,,0
357,0x0007e00000008080,0,ECI_CMD_MREQ_RLDD,130152745201,8080,,15,,,1,,,1,0,8080,6,,,,0,0,0,
358,0x4807c00000008080,9,ECI_CMD_MRSP_PSHA,130152745487,8080,0,15,0,,,0,,1,4,8080,4,0,,0,,0,,0
359,0x380be00000008080,7,ECI_CMD_MREQ_RC2D_S,131381543361,8080,,15,,,1,,,2,0,8080,6,,,,0,0,0,
360,0x2800300000008180,5,ECI_CMD_MREQ_RLDX,131381543382,8180,,0,,,1,,,0,0,8180,6,,,,0,4,0,
361,0x2800300000008280,5,ECI_CMD_MREQ_RLDX,131381543384,8280,,0,,,1,,,0,0,8280,6,,,,0,4,0,
362,0x5008000000008080,10,ECI_CMD_MRSP_PEMD,131381543386,8080,0,0,0,,,0,,2,3,8080,10,0,,0,,0,,0
363,0x2800300000008380,5,ECI_CMD_MREQ_RLDX,131381543388,8380,,0,,,1,,,0,0,8380,6,,,,0,4,0,
364,0x2844300000008480,5,ECI_CMD_MREQ_RLDX,131381543390,8480,,0,,,1,,,17,0,8480,6,,,,0,4,0,
365,0x2840300000008580,5,ECI_CMD_MREQ_RLDX,131381543392,8580,,0,,,1,,,16,0,8580,6,,,,0,4,0,
366,0x2847f00000008680,5,ECI_CMD_MREQ_RLDX,131381543394,8680,,15,,,1,,,17,0,8680,6,,,,0,4,0,
367,0x5003c00000008180,10,ECI_CMD_MRSP_PEMD,131381543474,8180,0,15,0,,,0,,0,4,8180,4,0,,0,,0,,0
368,0x5003c00000008280,10,ECI_CMD_MRSP_PEMD,131381543496,8280,0,15,0,,,0,,0,4,8280,4,0,,0,,0,,0
369,0x5003c00000008380,10,ECI_CMD_MRSP_PEMD,131381543518,8380,0,15,0,,,0,,0,4,8380,4,0,,0,,0,,0
370,0x5047c00000008480,10,ECI_CMD_MRSP_PEMD,131381543540,8480,0,15,0,,,0,,17,4,8480,4,0,,0,,0,,0
371,0x0007e00000008180,0,ECI_CMD_MRSP_VICD,131381543556,8180,,15,,,1,,,,2,8180,4,,1,,,,,0
372,0x5043c00000008580,10,ECI_CMD_MRSP_PEMD,131381543562,8580,0,15,0,,,0,,16,4,8580,4,0,,0,,0,,0
373,0x0007e00000008280,0,ECI_CMD_MRSP_VICD,131381543579,8280,,15,,,1,,,,2,8280,4,,1,,,,,0
374,0x5047c00000008680,10,ECI_CMD_MRSP_PEMD,131381543584,8680,0,15,0,,,0,,17,4,8680,4,0,,0,,0,,0
375,0x0007e00000008380,0,ECI_CMD_MRSP_VICD,131381543599,8380,,15,,,1,,,,2,8380,4,,1,,,,,0
376,0x0007e00000008480,0,ECI_CMD_MRSP_VICD,131381543621,8480,,15,,,1,,,,2,8480,4,,1,,,,,0
377,0x0007e00000008580,0,ECI_CMD_MRSP_VICD,131381543644,8580,,15,,,1,,,,2,8580,4,,1,,,,,0
378,0x0007e00000008680,0,ECI_CMD_MRSP_VICD,131381543666,8680,,15,,,1,,,,2,8680,4,,1,,,,,0
379,0x5807e40000008080,11,ECI_CMD_MFWD_FEVX_EH,131381543731,8080,,15,,1,1,,1,,5,8080,8,0,,,0,0,,
380,0x1807e00000008080,3,ECI_CMD_MRSP_VICDHI,131381543810,8080,,15,,1,1,,,,2,8080,4,,,,,0,,0
381,0x0007e00000008080,0,ECI_CMD_MREQ_RLDD,132405538427,8080,,15,,,1,,,1,0,8080,6,,,,0,0,0,
382,0x4807c00000008080,9,ECI_CMD_MRSP_PSHA,132405538714,8080,0,15,0,,,0,,1,4,8080,4,0,,0,,0,,0
383,0x3803e00000008080,7,ECI_CMD_MREQ_RC2D_S,132610337584,8080,,15,,,1,,,0,0,8080,6,,,,0,0,0,
384,0x5000000000008080,10,ECI_CMD_MRSP_PEMD,132610337608,8080,0,0,0,,,0,,0,3,8080,10,0,,0,,0,,0
385,0x5807e40000008080,11,ECI_CMD_MFWD_FEVX_EH,132610337748,8080,,15,,1,1,,1,,5,8080,8,0,,,0,0,,
386,0x1807e00000008080,3,ECI_CMD_MRSP_VICDHI,132610337825,8080,,15,,1,1,,,,2,8080,4,,,,,0,,0
387,0x0003e00000008080,0,ECI_CMD_MREQ_RLDD,132815137233,8080,,15,,,1,,,0,0,8080,6,,,,0,0,0,
388,0x4803c00000008080,9,ECI_CMD_MRSP_PSHA,132815137520,8080,0,15,0,,,0,,0,4,8080,4,0,,0,,0,,0
389,0x3807e00000008080,7,ECI_CMD_MREQ_RC2D_S,132852159832,8080,,15,,,1,,,1,0,8080,6,,,,0,0,0,
390,0x5004000000008080,10,ECI_CMD_MRSP_PEMD,132852159856,8080,0,0,0,,,0,,1,3,8080,10,0,,0,,0,,0
391,0x5807e40000008080,11,ECI_CMD_MFWD_FEVX_EH,132852160058,8080,,15,,1,1,,1,,5,8080,8,0,,,0,0,,
392,0x1807e00000008080,3,ECI_CMD_MRSP_VICDHI,132852160137,8080,,15,,1,1,,,,2,8080,4,,,,,0,,0
393,0x0007e00000008080,0,ECI_CMD_MREQ_RLDD,133058348739,8080,,15,,,1,,,1,0,8080,6,,,,0,0,0,
394,0x4807c00000008080,9,ECI_CMD_MRSP_PSHA,133058349027,8080,0,15,0,,,0,,1,4,8080,4,0,,0,,0,,0
395,0x3803e00000008080,7,ECI_CMD_MREQ_RC2D_S,133263136574,8080,,15,,,1,,,0,0,8080,6,,,,0,0,0,
396,0x5000000000008080,10,ECI_CMD_MRSP_PEMD,133263136598,8080,0,0,0,,,0,,0,3,8080,10,0,,0,,0,,0
397,0x5807e40000008080,11,ECI_CMD_MFWD_FEVX_EH,133263136738,8080,,15,,1,1,,1,,5,8080,8,0,,,0,0,,
398,0x1807e00000008080,3,ECI_CMD_MRSP_VICDHI,133263136815,8080,,15,,1,1,,,,2,8080,4,,,,,0,,0
399,0x0007e00000008080,0,ECI_CMD_MREQ_RLDD,133467936353,8080,,15,,,1,,,1,0,8080,6,,,,0,0,0,
400,0x4807c00000008080,9,ECI_CMD_MRSP_PSHA,133467936641,8080,0,15,0,,,0,,1,4,8080,4,0,,0,,0,,0
401,0x3803e00000008080,7,ECI_CMD_MREQ_RC2D_S,136603932069,8080,,15,,,1,,,0,0,8080,6,,,,0,0,0,
402,0x5000000000008080,10,ECI_CMD_MRSP_PEMD,136603932093,8080,0,0,0,,,0,,0,3,8080,10,0,,0,,0,,0
403,0x5807e40000008080,11,ECI_CMD_MFWD_FEVX_EH,136603932235,8080,,15,,1,1,,1,,5,8080,8,0,,,0,0,,
404,0x1807e00000008080,3,ECI_CMD_MRSP_VICDHI,136603932313,8080,,15,,1,1,,,,2,8080,4,,,,,0,,0
405,0x0007e00000008080,0,ECI_CMD_MREQ_RLDD,136808727448,8080,,15,,,1,,,1,0,8080,6,,,,0,0,0,
406,0x4807c00000008080,9,ECI_CMD_MRSP_PSHA,136808727734,8080,0,15,0,,,0,,1,4,8080,4,0,,0,,0,,0
407,0x3803e00000008080,7,ECI_CMD_MREQ_RC2D_S,137013526692,8080,,15,,,1,,,0,0,8080,6,,,,0,0,0,
408,0x5000000000008080,10,ECI_CMD_MRSP_PEMD,137013526716,8080,0,0,0,,,0,,0,3,8080,10,0,,0,,0,,0
409,0x5807e40000008080,11,ECI_CMD_MFWD_FEVX_EH,137013526856,8080,,15,,1,1,,1,,5,8080,8,0,,,0,0,,
410,0x1807e00000008080,3,ECI_CMD_MRSP_VICDHI,137013526934,8080,,15,,1,1,,,,2,8080,4,,,,,0,,0
411,0x0007e00000008080,0,ECI_CMD_MREQ_RLDD,137935125082,8080,,15,,,1,,,1,0,8080,6,,,,0,0,0,
412,0x4807c00000008080,9,ECI_CMD_MRSP_PSHA,137935125369,8080,0,15,0,,,0,,1,4,8080,4,0,,0,,0,,0
413,0x3807e00000008080,7,ECI_CMD_MREQ_RC2D_S,141826314369,8080,,15,,,1,,,1,0,8080,6,,,,0,0,0,
414,0x5004000000008080,10,ECI_CMD_MRSP_PEMD,141826314393,8080,0,0,0,,,0,,1,3,8080,10,0,,0,,0,,0
415,0x5807e40000008080,11,ECI_CMD_MFWD_FEVX_EH,141826314534,8080,,15,,1,1,,1,,5,8080,8,0,,,0,0,,
416,0x1807e00000008080,3,ECI_CMD_MRSP_VICDHI,141826314611,8080,,15,,1,1,,,,2,8080,4,,,,,0,,0
417,0x0003e00000008080,0,ECI_CMD_MREQ_RLDD,142031109850,8080,,15,,,1,,,0,0,8080,6,,,,0,0,0,
418,0x4803c00000008080,9,ECI_CMD_MRSP_PSHA,142031110138,8080,0,15,0,,,0,,0,4,8080,4,0,,0,,0,,0
419,0x3803e00000008080,7,ECI_CMD_MREQ_RC2D_S,142235908208,8080,,15,,,1,,,0,0,8080,6,,,,0,0,0,
420,0x5000000000008080,10,ECI_CMD_MRSP_PEMD,142235908232,8080,0,0,0,,,0,,0,3,8080,10,0,,0,,0,,0
421,0x5807e40000008080,11,ECI_CMD_MFWD_FEVX_EH,142235908372,8080,,15,,1,1,,1,,5,8080,8,0,,,0,0,,
422,0x1807e00000008080,3,ECI_CMD_MRSP_VICDHI,142235908450,8080,,15,,1,1,,,,2,8080,4,,,,,0,,0
