index,dcs_trace.event.req,dcs_trace.event.cli,dcs_trace.event.action,dcs_trace.event.state,timestamp
537,LCI,0000000480,SEND_F21,s1pCI__1_A21,38302755121
538,LCI,0000000500,SEND_F21,s1pCI__1_A21,38302755123
539,LCI,0000000580,SEND_F21,s1pCI__1_A21,38302755125
540,LCI,0000000600,SEND_F21,s1pCI__1_A21,38302755125
541,LCI,0000000680,SEND_F21,s1pCI__1_A21,38302755128
542,A21,0000000180,SEND_LCIA,s1pUL__1,38302755200
543,A21,0000000100,SEND_LCIA,s1pUL__1,38302755200
544,A21,0000000280,SEND_LCIA,s1pUL__1,38302755203
545,A21,0000000480,SEND_LCIA,s1pUL__1,38302755205
546,A21,0000000200,SEND_LCIA,s1pUL__1,38302755205
547,A21,0000000380,SEND_LCIA,s1pUL__1,38302755208
548,A21,0000000400,SEND_LCIA,s1pUL__1,38302755208
549,A21,0000000300,SEND_LCIA,s1pUL__1,38302755211
550,A21,0000000580,SEND_LCIA,s1pUL__1,38302755213
551,A21,0000000500,SEND_LCIA,s1pUL__1,38302755213
552,A21,0000000680,SEND_LCIA,s1pUL__1,38302755216
553,A21,0000000600,SEND_LCIA,s1pUL__1,38302755218
554,UL,0000000180,NO_ACTION,s1__1,38302755246
555,UL,0000000280,NO_ACTION,s1__1,38302755248
556,UL,0000000480,NO_ACTION,s1__1,38302755250
557,UL,0000000100,NO_ACTION,s1__1,38302755250
558,UL,0000000200,NO_ACTION,s1__1,38302755253
559,UL,0000000380,NO_ACTION,s1__1,38302755255
560,UL,0000000580,NO_ACTION,s1__1,38302755257
561,UL,0000000400,NO_ACTION,s1__1,38302755257
562,UL,0000000300,NO_ACTION,s1__1,38302755260
563,UL,0000000500,NO_ACTION,s1__1,38302755262
564,UL,0000000680,NO_ACTION,s1__1,38302755264
565,UL,0000000600,NO_ACTION,s1__1,38302755266
566,LCI,0000000080,SEND_F21,s1pCI__1_A21,38302755268
567,A21,0000000080,SEND_LCIA,s1pUL__1,38302755353
568,RDDA,0000000000,SEND_RA2,s1__2,38302755397
569,UL,0000000080,NO_ACTION,s1__1,38302755399
570,R23,0000008000,SEND_RA3,s1__3,38506453622
571,R13,0000008100,RDD,s1__3pRA3,38506453633
572,R13,0000008180,RDD,s1__3pRA3,38506453635
573,R13,0000008200,RDD,s1__3pRA3,38506453637
574,R13,0000008280,RDD,s1__3pRA3,38506453639
575,R13,0000008300,RDD,s1__3pRA3,38506453641
576,R13,0000008380,RDD,s1__3pRA3,38506453643
577,R13,0000008400,RDD,s1__3pRA3,38506453645
578,R13,0000008480,RDD,s1__3pRA3,38506453647
579,R13,0000008500,RDD,s1__3pRA3,38506453649
580,R13,0000008580,RDD,s1__3pRA3,38506453651
581,R13,0000008600,RDD,s1__3pRA3,38506453653
582,R13,0000008680,RDD,s1__3pRA3,38506453655
583,RDDA,0000008100,SEND_RA3,s1__3,38506453685
584,RDDA,0000008180,SEND_RA3,s1__3,38506453700
585,RDDA,0000008200,SEND_RA3,s1__3,38506453707
586,RDDA,0000008280,SEND_RA3,s1__3,38506453722
587,RDDA,0000008300,SEND_RA3,s1__3,38506453729
588,RDDA,0000008380,SEND_RA3,s1__3,38506453744
589,RDDA,0000008400,SEND_RA3,s1__3,38506453751
590,RDDA,0000008480,SEND_RA3,s1__3,38506453766
591,RDDA,0000008500,SEND_RA3,s1__3,38506453773
592,RDDA,0000008580,SEND_RA3,s1__3,38506453788
593,V31d,0000008100,WDD,s1__1_WDDA,38506453794
594,RDDA,0000008600,SEND_RA3,s1__3,38506453796
595,V31d,0000008180,WDD,s1__1_WDDA,38506453807
596,RDDA,0000008680,SEND_RA3,s1__3,38506453810
597,V31d,0000008200,WDD,s1__1_WDDA,38506453817
598,V31d,0000008280,WDD,s1__1_WDDA,38506453829
599,V31d,0000008300,WDD,s1__1_WDDA,38506453837
600,V31d,0000008380,WDD,s1__1_WDDA,38506453852
601,V31d,0000008400,WDD,s1__1_WDDA,38506453859
602,V31d,0000008480,WDD,s1__1_WDDA,38506453874
603,V31d,0000008500,WDD,s1__1_WDDA,38506453883
604,V31d,0000008580,WDD,s1__1_WDDA,38506453895
605,V31d,0000008600,WDD,s1__1_WDDA,38506453905
606,R12,0000008080,RDD,s1__2pRA2,38506453909
607,V31d,0000008680,WDD,s1__1_WDDA,38506453917
608,LCI,0000008000,SEND_F31,s1pCI__1_A31d,38506453960
609,A31d,0000008000,WDD,s1pCI__1_WDDA,38506454061
610,WDDA,0000008000,SEND_LCIA,s1pUL__1,38506454114
611,LCI,0000008100,SEND_LCIA,s1pUL__1,38506454160
612,LCI,0000008180,SEND_LCIA,s1pUL__1,38506454162
613,LCI,0000008200,SEND_LCIA,s1pUL__1,38506454162
614,LCI,0000008280,SEND_LCIA,s1pUL__1,38506454165
615,UL,0000008000,NO_ACTION,s1__1,38506454165
616,LCI,0000008300,SEND_LCIA,s1pUL__1,38506454168
617,LCI,0000008380,SEND_LCIA,s1pUL__1,38506454170
618,LCI,0000008400,SEND_LCIA,s1pUL__1,38506454170
619,LCI,0000008480,SEND_LCIA,s1pUL__1,38506454173
620,LCI,0000008500,SEND_LCIA,s1pUL__1,38506454175
621,LCI,0000008580,SEND_LCIA,s1pUL__1,38506454177
622,LCI,0000008600,SEND_LCIA,s1pUL__1,38506454177
623,LCI,0000008680,SEND_LCIA,s1pUL__1,38506454180
624,UL,0000008180,NO_ACTION,s1__1,38506454207
625,UL,0000008280,NO_ACTION,s1__1,38506454209
626,UL,0000008100,NO_ACTION,s1__1,38506454209
627,UL,0000008200,NO_ACTION,s1__1,38506454212
628,UL,0000008380,NO_ACTION,s1__1,38506454214
629,UL,0000008480,NO_ACTION,s1__1,38506454216
630,UL,0000008300,NO_ACTION,s1__1,38506454216
631,UL,0000008400,NO_ACTION,s1__1,38506454219
632,UL,0000008580,NO_ACTION,s1__1,38506454221
633,UL,0000008680,NO_ACTION,s1__1,38506454223
634,UL,0000008500,NO_ACTION,s1__1,38506454223
635,UL,0000008600,NO_ACTION,s1__1,38506454226
636,RDDA,0000008080,SEND_RA2,s1__2,38506454229
637,R12,0000000080,RDD,s1__2pRA2,38506474105
638,LCI,0000000000,SEND_F21,s1pCI__1_A21,38506474155
639,A21,0000000000,SEND_LCIA,s1pUL__1,38506474247
640,UL,0000000000,NO_ACTION,s1__1,38506474295
641,RDDA,0000000080,SEND_RA2,s1__2,38506474303
642,R12,0000000100,RDD,s1__2pRA2,38506474461
643,RDDA,0000000100,SEND_RA2,s1__2,38506474513
644,R12,0000000180,RDD,s1__2pRA2,38506474620
645,RDDA,0000000180,SEND_RA2,s1__2,38506474676
646,R12,0000000200,RDD,s1__2pRA2,38506474782
647,RDDA,0000000200,SEND_RA2,s1__2,38506474834
648,R12,0000000280,RDD,s1__2pRA2,38506474942
649,RDDA,0000000280,SEND_RA2,s1__2,38506474998
650,R12,0000000300,RDD,s1__2pRA2,38506475104
651,RDDA,0000000300,SEND_RA2,s1__2,38506475156
652,R12,0000000380,RDD,s1__2pRA2,38506475263
653,RDDA,0000000380,SEND_RA2,s1__2,38506475319
654,R12,0000000400,RDD,s1__2pRA2,38506475425
655,RDDA,0000000400,SEND_RA2,s1__2,38506475477
656,R12,0000000480,RDD,s1__2pRA2,38506475585
657,RDDA,0000000480,SEND_RA2,s1__2,38506475641
658,R12,0000000500,RDD,s1__2pRA2,38506475747
659,RDDA,0000000500,SEND_RA2,s1__2,38506475799
660,R12,0000000580,RDD,s1__2pRA2,38506475906
661,RDDA,0000000580,SEND_RA2,s1__2,38506475962
662,R12,0000000600,RDD,s1__2pRA2,38506476068
663,RDDA,0000000600,SEND_RA2,s1__2,38506476120
664,R12,0000000680,RDD,s1__2pRA2,38506476229
665,RDDA,0000000680,SEND_RA2,s1__2,38506476285
666,R12,0000000000,RDD,s1__2pRA2,38506477010
667,LCI,0000000100,SEND_F21,s1pCI__1_A21,38506477061
668,LCI,0000000180,SEND_F21,s1pCI__1_A21,38506477063
669,LCI,0000000200,SEND_F21,s1pCI__1_A21,38506477063
670,LCI,0000000280,SEND_F21,s1pCI__1_A21,38506477066
671,LCI,0000000300,SEND_F21,s1pCI__1_A21,38506477068
672,LCI,0000000380,SEND_F21,s1pCI__1_A21,38506477070
673,LCI,0000000400,SEND_F21,s1pCI__1_A21,38506477070
674,LCI,0000000480,SEND_F21,s1pCI__1_A21,38506477073
675,LCI,0000000500,SEND_F21,s1pCI__1_A21,38506477075
676,LCI,0000000580,SEND_F21,s1pCI__1_A21,38506477077
677,LCI,0000000600,SEND_F21,s1pCI__1_A21,38506477077
678,LCI,0000000680,SEND_F21,s1pCI__1_A21,38506477080
679,A21,0000000180,SEND_LCIA,s1pUL__1,38506477153
680,A21,0000000100,SEND_LCIA,s1pUL__1,38506477153
681,A21,0000000280,SEND_LCIA,s1pUL__1,38506477156
682,A21,0000000200,SEND_LCIA,s1pUL__1,38506477156
683,A21,0000000380,SEND_LCIA,s1pUL__1,38506477159
684,A21,0000000400,SEND_LCIA,s1pUL__1,38506477159
685,A21,0000000300,SEND_LCIA,s1pUL__1,38506477162
686,A21,0000000480,SEND_LCIA,s1pUL__1,38506477164
687,A21,0000000680,SEND_LCIA,s1pUL__1,38506477166
688,A21,0000000580,SEND_LCIA,s1pUL__1,38506477168
689,A21,0000000500,SEND_LCIA,s1pUL__1,38506477170
690,A21,0000000600,SEND_LCIA,s1pUL__1,38506477172
691,UL,0000000180,NO_ACTION,s1__1,38506477199
692,UL,0000000280,NO_ACTION,s1__1,38506477201
693,UL,0000000100,NO_ACTION,s1__1,38506477203
694,UL,0000000200,NO_ACTION,s1__1,38506477205
695,UL,0000000380,NO_ACTION,s1__1,38506477207
696,UL,0000000480,NO_ACTION,s1__1,38506477209
697,UL,0000000680,NO_ACTION,s1__1,38506477211
698,UL,0000000400,NO_ACTION,s1__1,38506477211
699,UL,0000000300,NO_ACTION,s1__1,38506477214
700,UL,0000000580,NO_ACTION,s1__1,38506477216
701,UL,0000000500,NO_ACTION,s1__1,38506477218
702,UL,0000000600,NO_ACTION,s1__1,38506477220
703,LCI,0000000080,SEND_F21,s1pCI__1_A21,38506477222
704,A21,0000000080,SEND_LCIA,s1pUL__1,38506477303
705,RDDA,0000000000,SEND_RA2,s1__2,38506477347
706,UL,0000000080,NO_ACTION,s1__1,38506477349
707,R23,0000008080,SEND_RA3,s1__3,38711253913
708,R13,0000008180,RDD,s1__3pRA3,38711253926
709,R13,0000008100,RDD,s1__3pRA3,38711253926
710,R13,0000008280,RDD,s1__3pRA3,38711253929
711,R13,0000008200,RDD,s1__3pRA3,38711253929
712,R13,0000008380,RDD,s1__3pRA3,38711253932
713,R13,0000008300,RDD,s1__3pRA3,38711253932
714,R13,0000008480,RDD,s1__3pRA3,38711253935
715,R13,0000008400,RDD,s1__3pRA3,38711253935
716,R13,0000008580,RDD,s1__3pRA3,38711253938
717,R13,0000008500,RDD,s1__3pRA3,38711253938
718,R13,0000008680,RDD,s1__3pRA3,38711253941
719,R13,0000008600,RDD,s1__3pRA3,38711253941
720,RDDA,0000008100,SEND_RA3,s1__3,38711253978
721,RDDA,0000008180,SEND_RA3,s1__3,38711253993
722,RDDA,0000008200,SEND_RA3,s1__3,38711254000
723,RDDA,0000008280,SEND_RA3,s1__3,38711254015
724,RDDA,0000008300,SEND_RA3,s1__3,38711254022
725,RDDA,0000008380,SEND_RA3,s1__3,38711254037
726,RDDA,0000008400,SEND_RA3,s1__3,38711254044
727,RDDA,0000008480,SEND_RA3,s1__3,38711254059
728,RDDA,0000008500,SEND_RA3,s1__3,38711254066
729,RDDA,0000008580,SEND_RA3,s1__3,38711254081
730,V31d,0000008100,WDD,s1__1_WDDA,38711254087
731,RDDA,0000008600,SEND_RA3,s1__3,38711254089
732,V31d,0000008180,WDD,s1__1_WDDA,38711254101
733,RDDA,0000008680,SEND_RA3,s1__3,38711254103
734,V31d,0000008200,WDD,s1__1_WDDA,38711254110
735,V31d,0000008280,WDD,s1__1_WDDA,38711254121
736,V31d,0000008300,WDD,s1__1_WDDA,38711254131
737,V31d,0000008380,WDD,s1__1_WDDA,38711254145
738,V31d,0000008400,WDD,s1__1_WDDA,38711254153
739,V31d,0000008480,WDD,s1__1_WDDA,38711254167
740,V31d,0000008500,WDD,s1__1_WDDA,38711254174
741,V31d,0000008580,WDD,s1__1_WDDA,38711254188
742,V31d,0000008600,WDD,s1__1_WDDA,38711254203
743,R12,0000008000,RDD,s1__2pRA2,38711254205
744,V31d,0000008680,WDD,s1__1_WDDA,38711254211
745,LCI,0000008080,SEND_F31,s1pCI__1_A31d,38711254255
746,A31d,0000008080,WDD,s1pCI__1_WDDA,38711254354
747,WDDA,0000008080,SEND_LCIA,s1pUL__1,38711254409
748,LCI,0000008100,SEND_LCIA,s1pUL__1,38711254453
749,LCI,0000008180,SEND_LCIA,s1pUL__1,38711254455
750,LCI,0000008200,SEND_LCIA,s1pUL__1,38711254455
751,UL,0000008080,NO_ACTION,s1__1,38711254458
752,LCI,0000008280,SEND_LCIA,s1pUL__1,38711254460
753,LCI,0000008300,SEND_LCIA,s1pUL__1,38711254462
754,LCI,0000008380,SEND_LCIA,s1pUL__1,38711254464
755,LCI,0000008400,SEND_LCIA,s1pUL__1,38711254464
756,LCI,0000008480,SEND_LCIA,s1pUL__1,38711254467
757,LCI,0000008500,SEND_LCIA,s1pUL__1,38711254469
758,LCI,0000008580,SEND_LCIA,s1pUL__1,38711254471
759,LCI,0000008600,SEND_LCIA,s1pUL__1,38711254471
760,LCI,0000008680,SEND_LCIA,s1pUL__1,38711254474
761,UL,0000008180,NO_ACTION,s1__1,38711254500
762,UL,0000008280,NO_ACTION,s1__1,38711254502
763,UL,0000008100,NO_ACTION,s1__1,38711254502
764,UL,0000008200,NO_ACTION,s1__1,38711254505
765,UL,0000008380,NO_ACTION,s1__1,38711254507
766,UL,0000008480,NO_ACTION,s1__1,38711254509
767,UL,0000008300,NO_ACTION,s1__1,38711254509
768,UL,0000008400,NO_ACTION,s1__1,38711254512
769,UL,0000008580,NO_ACTION,s1__1,38711254514
770,UL,0000008680,NO_ACTION,s1__1,38711254516
771,UL,0000008500,NO_ACTION,s1__1,38711254516
772,UL,0000008600,NO_ACTION,s1__1,38711254519
773,RDDA,0000008000,SEND_RA2,s1__2,38711254521
774,R12,0000000080,RDD,s1__2pRA2,38711276284
775,LCI,0000000000,SEND_F21,s1pCI__1_A21,38711276334
776,A21,0000000000,SEND_LCIA,s1pUL__1,38711276424
777,UL,0000000000,NO_ACTION,s1__1,38711276472
778,RDDA,0000000080,SEND_RA2,s1__2,38711276480
779,R12,0000000100,RDD,s1__2pRA2,38711276638
780,RDDA,0000000100,SEND_RA2,s1__2,38711276690
781,R12,0000000180,RDD,s1__2pRA2,38711276797
782,RDDA,0000000180,SEND_RA2,s1__2,38711276853
783,R12,0000000200,RDD,s1__2pRA2,38711276959
784,RDDA,0000000200,SEND_RA2,s1__2,38711277011
785,R12,0000000280,RDD,s1__2pRA2,38711277120
786,RDDA,0000000280,SEND_RA2,s1__2,38711277176
787,R12,0000000300,RDD,s1__2pRA2,38711277282
788,RDDA,0000000300,SEND_RA2,s1__2,38711277334
789,R12,0000000380,RDD,s1__2pRA2,38711277442
790,RDDA,0000000380,SEND_RA2,s1__2,38711277498
791,R12,0000000400,RDD,s1__2pRA2,38711277604
792,RDDA,0000000400,SEND_RA2,s1__2,38711277656
793,R12,0000000480,RDD,s1__2pRA2,38711277763
794,RDDA,0000000480,SEND_RA2,s1__2,38711277819
795,R12,0000000500,RDD,s1__2pRA2,38711277926
796,RDDA,0000000500,SEND_RA2,s1__2,38711277978
797,R12,0000000580,RDD,s1__2pRA2,38711278085
798,RDDA,0000000580,SEND_RA2,s1__2,38711278141
799,R12,0000000600,RDD,s1__2pRA2,38711278247
800,RDDA,0000000600,SEND_RA2,s1__2,38711278299
801,R12,0000000680,RDD,s1__2pRA2,38711278407
802,RDDA,0000000680,SEND_RA2,s1__2,38711278463
803,R12,0000000000,RDD,s1__2pRA2,38711279195
804,LCI,0000000100,SEND_F21,s1pCI__1_A21,38711279246
805,LCI,0000000180,SEND_F21,s1pCI__1_A21,38711279248
806,LCI,0000000200,SEND_F21,s1pCI__1_A21,38711279248
807,LCI,0000000280,SEND_F21,s1pCI__1_A21,38711279251
808,LCI,0000000300,SEND_F21,s1pCI__1_A21,38711279253
809,LCI,0000000380,SEND_F21,s1pCI__1_A21,38711279255
810,LCI,0000000400,SEND_F21,s1pCI__1_A21,38711279255
811,LCI,0000000480,SEND_F21,s1pCI__1_A21,38711279258
812,LCI,0000000500,SEND_F21,s1pCI__1_A21,38711279260
813,LCI,0000000580,SEND_F21,s1pCI__1_A21,38711279262
814,LCI,0000000600,SEND_F21,s1pCI__1_A21,38711279262
815,LCI,0000000680,SEND_F21,s1pCI__1_A21,38711279265
816,A21,0000000180,SEND_LCIA,s1pUL__1,38711279337
817,A21,0000000100,SEND_LCIA,s1pUL__1,38711279337
818,A21,0000000280,SEND_LCIA,s1pUL__1,38711279340
819,A21,0000000200,SEND_LCIA,s1pUL__1,38711279340
820,A21,0000000380,SEND_LCIA,s1pUL__1,38711279343
821,A21,0000000300,SEND_LCIA,s1pUL__1,38711279343
822,A21,0000000480,SEND_LCIA,s1pUL__1,38711279346
823,A21,0000000400,SEND_LCIA,s1pUL__1,38711279348
824,A21,0000000580,SEND_LCIA,s1pUL__1,38711279350
825,A21,0000000600,SEND_LCIA,s1pUL__1,38711279352
826,A21,0000000680,SEND_LCIA,s1pUL__1,38711279354
827,A21,0000000500,SEND_LCIA,s1pUL__1,38711279354
828,UL,0000000180,NO_ACTION,s1__1,38711279383
829,UL,0000000280,NO_ACTION,s1__1,38711279385
830,UL,0000000380,NO_ACTION,s1__1,38711279387
831,UL,0000000100,NO_ACTION,s1__1,38711279387
832,UL,0000000200,NO_ACTION,s1__1,38711279390
833,UL,0000000480,NO_ACTION,s1__1,38711279392
834,UL,0000000300,NO_ACTION,s1__1,38711279394
835,UL,0000000580,NO_ACTION,s1__1,38711279396
836,UL,0000000680,NO_ACTION,s1__1,38711279398
837,UL,0000000400,NO_ACTION,s1__1,38711279398
838,UL,0000000600,NO_ACTION,s1__1,38711279401
839,UL,0000000500,NO_ACTION,s1__1,38711279403
840,LCI,0000000080,SEND_F21,s1pCI__1_A21,38711279405
841,A21,0000000080,SEND_LCIA,s1pUL__1,38711279488
842,RDDA,0000000000,SEND_RA2,s1__2,38711279532
843,UL,0000000080,NO_ACTION,s1__1,38711279534
844,R12,0000000080,RDD,s1__2pRA2,38755236089
845,LCI,0000000000,SEND_F21,s1pCI__1_A21,38755236139
846,A21,0000000000,SEND_LCIA,s1pUL__1,38755236231
847,UL,0000000000,NO_ACTION,s1__1,38755236279
848,RDDA,0000000080,SEND_RA2,s1__2,38755236287
849,R12,0000000100,RDD,s1__2pRA2,38755236433
850,RDDA,0000000100,SEND_RA2,s1__2,38755236485
851,R12,0000000180,RDD,s1__2pRA2,38755236592
852,RDDA,0000000180,SEND_RA2,s1__2,38755236648
853,R12,0000000000,RDD,s1__2pRA2,38755238233
854,LCI,0000000200,SEND_LCIA,s1pUL__1,38755238282
855,LCI,0000000280,SEND_LCIA,s1pUL__1,38755238284
856,LCI,0000000100,SEND_F21,s1pCI__1_A21,38755238286
857,LCI,0000000180,SEND_F21,s1pCI__1_A21,38755238288
858,LCI,0000000300,SEND_LCIA,s1pUL__1,38755238288
859,LCI,0000000380,SEND_LCIA,s1pUL__1,38755238291
860,LCI,0000000400,SEND_LCIA,s1pUL__1,38755238291
861,LCI,0000000480,SEND_LCIA,s1pUL__1,38755238294
862,LCI,0000000500,SEND_LCIA,s1pUL__1,38755238296
863,LCI,0000000580,SEND_LCIA,s1pUL__1,38755238298
864,LCI,0000000600,SEND_LCIA,s1pUL__1,38755238298
865,LCI,0000000680,SEND_LCIA,s1pUL__1,38755238301
866,UL,0000000280,NO_ACTION,s1__1,38755238329
867,UL,0000000200,NO_ACTION,s1__1,38755238331
868,UL,0000000380,NO_ACTION,s1__1,38755238333
869,UL,0000000480,NO_ACTION,s1__1,38755238335
870,UL,0000000300,NO_ACTION,s1__1,38755238335
871,UL,0000000400,NO_ACTION,s1__1,38755238338
872,UL,0000000580,NO_ACTION,s1__1,38755238340
873,UL,0000000680,NO_ACTION,s1__1,38755238342
874,UL,0000000500,NO_ACTION,s1__1,38755238342
875,UL,0000000600,NO_ACTION,s1__1,38755238345
876,A21,0000000100,SEND_LCIA,s1pUL__1,38755238375
877,A21,0000000180,SEND_LCIA,s1pUL__1,38755238377
878,UL,0000000180,NO_ACTION,s1__1,38755238422
879,UL,0000000100,NO_ACTION,s1__1,38755238424
880,LCI,0000000080,SEND_F21,s1pCI__1_A21,38755238426
881,A21,0000000080,SEND_LCIA,s1pUL__1,38755238515
882,RDDA,0000000000,SEND_RA2,s1__2,38755238559
883,UL,0000000080,NO_ACTION,s1__1,38755238561
884,R23,0000008000,SEND_RA3,s1__3,38916052861
885,R13,0000008100,RDD,s1__3pRA3,38916052874
886,R13,0000008180,RDD,s1__3pRA3,38916052876
887,R13,0000008200,RDD,s1__3pRA3,38916052878
888,R13,0000008280,RDD,s1__3pRA3,38916052880
889,R13,0000008300,RDD,s1__3pRA3,38916052882
890,R13,0000008380,RDD,s1__3pRA3,38916052884
891,R13,0000008480,RDD,s1__3pRA3,38916052886
892,R13,0000008400,RDD,s1__3pRA3,38916052886
893,R13,0000008580,RDD,s1__3pRA3,38916052889
894,R13,0000008500,RDD,s1__3pRA3,38916052889
895,R13,0000008680,RDD,s1__3pRA3,38916052892
896,R13,0000008600,RDD,s1__3pRA3,38916052892
897,RDDA,0000008100,SEND_RA3,s1__3,38916052926
898,RDDA,0000008180,SEND_RA3,s1__3,38916052941
899,RDDA,0000008200,SEND_RA3,s1__3,38916052948
900,RDDA,0000008280,SEND_RA3,s1__3,38916052963
901,RDDA,0000008300,SEND_RA3,s1__3,38916052970
902,RDDA,0000008380,SEND_RA3,s1__3,38916052985
903,RDDA,0000008400,SEND_RA3,s1__3,38916052992
904,RDDA,0000008480,SEND_RA3,s1__3,38916053007
905,RDDA,0000008500,SEND_RA3,s1__3,38916053014
906,RDDA,0000008580,SEND_RA3,s1__3,38916053029
907,V31d,0000008100,WDD,s1__1_WDDA,38916053035
908,RDDA,0000008600,SEND_RA3,s1__3,38916053037
909,V31d,0000008180,WDD,s1__1_WDDA,38916053047
910,RDDA,0000008680,SEND_RA3,s1__3,38916053051
911,V31d,0000008200,WDD,s1__1_WDDA,38916053057
912,V31d,0000008280,WDD,s1__1_WDDA,38916053071
913,V31d,0000008300,WDD,s1__1_WDDA,38916053079
914,V31d,0000008380,WDD,s1__1_WDDA,38916053093
915,V31d,0000008400,WDD,s1__1_WDDA,38916053101
916,V31d,0000008480,WDD,s1__1_WDDA,38916053114
917,V31d,0000008500,WDD,s1__1_WDDA,38916053123
918,V31d,0000008580,WDD,s1__1_WDDA,38916053137
919,V31d,0000008600,WDD,s1__1_WDDA,38916053145
920,R12,0000008080,RDD,s1__2pRA2,38916053151
921,V31d,0000008680,WDD,s1__1_WDDA,38916053159
922,LCI,0000008000,SEND_F31,s1pCI__1_A31d,38916053202
923,A31d,0000008000,WDD,s1pCI__1_WDDA,38916053303
924,WDDA,0000008000,SEND_LCIA,s1pUL__1,38916053356
925,LCI,0000008100,SEND_LCIA,s1pUL__1,38916053402
926,LCI,0000008180,SEND_LCIA,s1pUL__1,38916053404
927,LCI,0000008200,SEND_LCIA,s1pUL__1,38916053404
928,LCI,0000008280,SEND_LCIA,s1pUL__1,38916053407
929,UL,0000008000,NO_ACTION,s1__1,38916053407
930,LCI,0000008300,SEND_LCIA,s1pUL__1,38916053410
931,LCI,0000008380,SEND_LCIA,s1pUL__1,38916053412
932,LCI,0000008400,SEND_LCIA,s1pUL__1,38916053412
933,LCI,0000008480,SEND_LCIA,s1pUL__1,38916053415
934,LCI,0000008500,SEND_LCIA,s1pUL__1,38916053417
935,LCI,0000008580,SEND_LCIA,s1pUL__1,38916053419
936,LCI,0000008600,SEND_LCIA,s1pUL__1,38916053419
937,LCI,0000008680,SEND_LCIA,s1pUL__1,38916053422
938,UL,0000008180,NO_ACTION,s1__1,38916053449
939,UL,0000008280,NO_ACTION,s1__1,38916053451
940,UL,0000008100,NO_ACTION,s1__1,38916053451
941,UL,0000008200,NO_ACTION,s1__1,38916053454
942,UL,0000008380,NO_ACTION,s1__1,38916053456
943,UL,0000008480,NO_ACTION,s1__1,38916053458
944,UL,0000008300,NO_ACTION,s1__1,38916053458
945,UL,0000008400,NO_ACTION,s1__1,38916053461
946,UL,0000008580,NO_ACTION,s1__1,38916053463
947,UL,0000008680,NO_ACTION,s1__1,38916053465
948,UL,0000008500,NO_ACTION,s1__1,38916053465
949,UL,0000008600,NO_ACTION,s1__1,38916053468
950,RDDA,0000008080,SEND_RA2,s1__2,38916053471
951,R12,0000000080,RDD,s1__2pRA2,38916073405
952,LCI,0000000000,SEND_F21,s1pCI__1_A21,38916073455
953,A21,0000000000,SEND_LCIA,s1pUL__1,38916073546
954,UL,0000000000,NO_ACTION,s1__1,38916073594
955,RDDA,0000000080,SEND_RA2,s1__2,38916073602
956,R12,0000000100,RDD,s1__2pRA2,38916073765
957,RDDA,0000000100,SEND_RA2,s1__2,38916073817
958,R12,0000000180,RDD,s1__2pRA2,38916073925
959,RDDA,0000000180,SEND_RA2,s1__2,38916073981
960,R12,0000000200,RDD,s1__2pRA2,38916074088
961,RDDA,0000000200,SEND_RA2,s1__2,38916074140
962,R12,0000000280,RDD,s1__2pRA2,38916074250
963,RDDA,0000000280,SEND_RA2,s1__2,38916074306
964,R12,0000000300,RDD,s1__2pRA2,38916074414
965,RDDA,0000000300,SEND_RA2,s1__2,38916074466
966,R12,0000000380,RDD,s1__2pRA2,38916074573
967,RDDA,0000000380,SEND_RA2,s1__2,38916074629
968,R12,0000000400,RDD,s1__2pRA2,38916074734
969,RDDA,0000000400,SEND_RA2,s1__2,38916074786
970,R12,0000000480,RDD,s1__2pRA2,38916074892
971,RDDA,0000000480,SEND_RA2,s1__2,38916074948
972,R12,0000000500,RDD,s1__2pRA2,38916075053
973,RDDA,0000000500,SEND_RA2,s1__2,38916075105
974,R12,0000000580,RDD,s1__2pRA2,38916075211
975,RDDA,0000000580,SEND_RA2,s1__2,38916075267
976,R12,0000000600,RDD,s1__2pRA2,38916075372
977,RDDA,0000000600,SEND_RA2,s1__2,38916075424
978,R12,0000000680,RDD,s1__2pRA2,38916075531
979,RDDA,0000000680,SEND_RA2,s1__2,38916075587
980,R12,0000000000,RDD,s1__2pRA2,38916076337
981,LCI,0000000100,SEND_F21,s1pCI__1_A21,38916076388
982,LCI,0000000180,SEND_F21,s1pCI__1_A21,38916076390
983,LCI,0000000200,SEND_F21,s1pCI__1_A21,38916076390
984,LCI,0000000280,SEND_F21,s1pCI__1_A21,38916076393
985,LCI,0000000300,SEND_F21,s1pCI__1_A21,38916076395
986,LCI,0000000380,SEND_F21,s1pCI__1_A21,38916076397
987,LCI,0000000400,SEND_F21,s1pCI__1_A21,38916076397
988,LCI,0000000480,SEND_F21,s1pCI__1_A21,38916076400
989,LCI,0000000500,SEND_F21,s1pCI__1_A21,38916076402
990,LCI,0000000580,SEND_F21,s1pCI__1_A21,38916076404
991,LCI,0000000600,SEND_F21,s1pCI__1_A21,38916076404
992,LCI,0000000680,SEND_F21,s1pCI__1_A21,38916076407
993,A21,0000000280,SEND_LCIA,s1pUL__1,38916076479
994,A21,0000000100,SEND_LCIA,s1pUL__1,38916076479
995,A21,0000000180,SEND_LCIA,s1pUL__1,38916076482
996,A21,0000000200,SEND_LCIA,s1pUL__1,38916076484
997,A21,0000000380,SEND_LCIA,s1pUL__1,38916076486
998,A21,0000000400,SEND_LCIA,s1pUL__1,38916076488
999,A21,0000000480,SEND_LCIA,s1pUL__1,38916076490
1000,A21,0000000300,SEND_LCIA,s1pUL__1,38916076490
1001,A21,0000000680,SEND_LCIA,s1pUL__1,38916076493
1002,A21,0000000500,SEND_LCIA,s1pUL__1,38916076493
1003,A21,0000000580,SEND_LCIA,s1pUL__1,38916076496
1004,A21,0000000600,SEND_LCIA,s1pUL__1,38916076498
1005,UL,0000000280,NO_ACTION,s1__1,38916076525
1006,UL,0000000180,NO_ACTION,s1__1,38916076527
1007,UL,0000000100,NO_ACTION,s1__1,38916076529
1008,UL,0000000200,NO_ACTION,s1__1,38916076531
1009,UL,0000000380,NO_ACTION,s1__1,38916076533
1010,UL,0000000480,NO_ACTION,s1__1,38916076535
1011,UL,0000000680,NO_ACTION,s1__1,38916076537
1012,UL,0000000580,NO_ACTION,s1__1,38916076539
1013,UL,0000000400,NO_ACTION,s1__1,38916076539
1014,UL,0000000300,NO_ACTION,s1__1,38916076542
1015,UL,0000000500,NO_ACTION,s1__1,38916076544
1016,UL,0000000600,NO_ACTION,s1__1,38916076546
1017,LCI,0000000080,SEND_F21,s1pCI__1_A21,38916076548
1018,A21,0000000080,SEND_LCIA,s1pUL__1,38916076628
1019,RDDA,0000000000,SEND_RA2,s1__2,38916076672
1020,UL,0000000080,NO_ACTION,s1__1,38916076674
1021,R12,0000000080,RDD,s1__2pRA2,39320855428
1022,LCI,0000000000,SEND_F21,s1pCI__1_A21,39320855478
1023,A21,0000000000,SEND_LCIA,s1pUL__1,39320855567
1024,UL,0000000000,NO_ACTION,s1__1,39320855615
1025,RDDA,0000000080,SEND_RA2,s1__2,39320855623
1026,R12,0000000100,RDD,s1__2pRA2,39320855790
1027,RDDA,0000000100,SEND_RA2,s1__2,39320855842
1028,R12,0000000000,RDD,s1__2pRA2,39320856670
1029,LCI,0000000100,SEND_F21,s1pCI__1_A21,39320856721
1030,A21,0000000100,SEND_LCIA,s1pUL__1,39320856812
1031,UL,0000000100,NO_ACTION,s1__1,39320856860
1032,LCI,0000000080,SEND_F21,s1pCI__1_A21,39320856862
1033,A21,0000000080,SEND_LCIA,s1pUL__1,39320856951
1034,RDDA,0000000000,SEND_RA2,s1__2,39320856995
1035,UL,0000000080,NO_ACTION,s1__1,39320856997
1036,R13,0000008100,RDD,s1__3pRA3,39320868771
1037,R23,0000008080,SEND_RA3,s1__3,39320868775
1038,RDDA,0000008100,SEND_RA3,s1__3,39320868823
1039,R12,0000008000,RDD,s1__2pRA2,39320868926
1040,V31d,0000008100,WDD,s1__1_WDDA,39320868933
17,LCI,0000008080,SEND_F31,s1pCI__1_A31d,39320868977
18,A31d,0000008080,WDD,s1pCI__1_WDDA,39320869076
19,WDDA,0000008080,SEND_LCIA,s1pUL__1,39320869131
20,LCI,0000008100,SEND_LCIA,s1pUL__1,39320869175
21,UL,0000008080,NO_ACTION,s1__1,39320869177
22,UL,0000008100,NO_ACTION,s1__1,39320869223
23,RDDA,0000008000,SEND_RA2,s1__2,39320869230
24,R12,0000000080,RDD,s1__2pRA2,39320871667
25,LCI,0000000000,SEND_F21,s1pCI__1_A21,39320871717
26,A21,0000000000,SEND_LCIA,s1pUL__1,39320871807
27,UL,0000000000,NO_ACTION,s1__1,39320871855
28,RDDA,0000000080,SEND_RA2,s1__2,39320871863
29,R12,0000000100,RDD,s1__2pRA2,39320872009
30,RDDA,0000000100,SEND_RA2,s1__2,39320872061
31,R12,0000000000,RDD,s1__2pRA2,39320872572
32,LCI,0000000100,SEND_F21,s1pCI__1_A21,39320872623
33,A21,0000000100,SEND_LCIA,s1pUL__1,39320872715
34,UL,0000000100,NO_ACTION,s1__1,39320872763
35,LCI,0000000080,SEND_F21,s1pCI__1_A21,39320872765
36,A21,0000000080,SEND_LCIA,s1pUL__1,39320872855
37,UL,0000000080,NO_ACTION,s1__1,39320872901
38,RDDA,0000000000,SEND_RA2,s1__2,39320872905
39,R12,0000000100,RDD,s1__2pRA2,39320873026
40,RDDA,0000000100,SEND_RA2,s1__2,39320873078
41,R12,0000000080,RDD,s1__2pRA2,39320873390
42,LCI,0000000100,SEND_F21,s1pCI__1_A21,39320873441
43,A21,0000000100,SEND_LCIA,s1pUL__1,39320873532
44,UL,0000000100,NO_ACTION,s1__1,39320873580
45,LCI,0000000000,SEND_F21,s1pCI__1_A21,39320873582
46,A21,0000000000,SEND_LCIA,s1pUL__1,39320873674
47,UL,0000000000,NO_ACTION,s1__1,39320873722
48,RDDA,0000000080,SEND_RA2,s1__2,39320873730
49,R12,0000000100,RDD,s1__2pRA2,39320873849
50,RDDA,0000000100,SEND_RA2,s1__2,39320873901
51,R12,0000000000,RDD,s1__2pRA2,39320874208
52,LCI,0000000100,SEND_F21,s1pCI__1_A21,39320874259
53,A21,0000000100,SEND_LCIA,s1pUL__1,39320874351
54,UL,0000000100,NO_ACTION,s1__1,39320874399
55,LCI,0000000080,SEND_F21,s1pCI__1_A21,39320874401
56,A21,0000000080,SEND_LCIA,s1pUL__1,39320874492
57,UL,0000000080,NO_ACTION,s1__1,39320874538
58,RDDA,0000000000,SEND_RA2,s1__2,39320874542
59,R12,0000000100,RDD,s1__2pRA2,39320874659
60,RDDA,0000000100,SEND_RA2,s1__2,39320874711
61,R12,0000000080,RDD,s1__2pRA2,39320875065
62,LCI,0000000100,SEND_F21,s1pCI__1_A21,39320875116
63,A21,0000000100,SEND_LCIA,s1pUL__1,39320875207
64,UL,0000000100,NO_ACTION,s1__1,39320875255
65,LCI,0000000000,SEND_F21,s1pCI__1_A21,39320875257
66,A21,0000000000,SEND_LCIA,s1pUL__1,39320875349
67,UL,0000000000,NO_ACTION,s1__1,39320875397
68,RDDA,0000000080,SEND_RA2,s1__2,39320875405
69,R12,0000000100,RDD,s1__2pRA2,39320875521
70,RDDA,0000000100,SEND_RA2,s1__2,39320875573
71,R12,0000000000,RDD,s1__2pRA2,39320875925
72,LCI,0000000100,SEND_F21,s1pCI__1_A21,39320875976
73,A21,0000000100,SEND_LCIA,s1pUL__1,39320876067
74,UL,0000000100,NO_ACTION,s1__1,39320876115
75,LCI,0000000080,SEND_F21,s1pCI__1_A21,39320876117
76,A21,0000000080,SEND_LCIA,s1pUL__1,39320876209
77,UL,0000000080,NO_ACTION,s1__1,39320876255
78,RDDA,0000000000,SEND_RA2,s1__2,39320876259
79,R12,0000000100,RDD,s1__2pRA2,39320876377
80,RDDA,0000000100,SEND_RA2,s1__2,39320876429
81,R12,0000000080,RDD,s1__2pRA2,39320876761
82,LCI,0000000100,SEND_F21,s1pCI__1_A21,39320876812
83,A21,0000000100,SEND_LCIA,s1pUL__1,39320876904
84,UL,0000000100,NO_ACTION,s1__1,39320876952
85,LCI,0000000000,SEND_F21,s1pCI__1_A21,39320876954
86,A21,0000000000,SEND_LCIA,s1pUL__1,39320877046
87,UL,0000000000,NO_ACTION,s1__1,39320877094
88,RDDA,0000000080,SEND_RA2,s1__2,39320877096
89,R12,0000000000,RDD,s1__2pRA2,39320879526
90,LCI,0000000080,SEND_F21,s1pCI__1_A21,39320879576
91,A21,0000000080,SEND_LCIA,s1pUL__1,39320879667
92,RDDA,0000000000,SEND_RA2,s1__2,39320879711
93,UL,0000000080,NO_ACTION,s1__1,39320879713
94,R12,0000000080,RDD,s1__2pRA2,39320880316
95,LCI,0000000000,SEND_F21,s1pCI__1_A21,39320880366
96,A21,0000000000,SEND_LCIA,s1pUL__1,39320880456
97,UL,0000000000,NO_ACTION,s1__1,39320880504
98,RDDA,0000000080,SEND_RA2,s1__2,39320880512
99,R12,0000000100,RDD,s1__2pRA2,39320880632
100,RDDA,0000000100,SEND_RA2,s1__2,39320880684
101,R12,0000000000,RDD,s1__2pRA2,39320881019
102,LCI,0000000100,SEND_F21,s1pCI__1_A21,39320881070
103,A21,0000000100,SEND_LCIA,s1pUL__1,39320881161
104,UL,0000000100,NO_ACTION,s1__1,39320881209
105,LCI,0000000080,SEND_F21,s1pCI__1_A21,39320881211
106,A21,0000000080,SEND_LCIA,s1pUL__1,39320881301
107,RDDA,0000000000,SEND_RA2,s1__2,39320881345
108,UL,0000000080,NO_ACTION,s1__1,39320881347
109,R12,0000000080,RDD,s1__2pRA2,39320882083
110,LCI,0000000000,SEND_F21,s1pCI__1_A21,39320882133
111,A21,0000000000,SEND_LCIA,s1pUL__1,39320882224
112,UL,0000000000,NO_ACTION,s1__1,39320882272
113,RDDA,0000000080,SEND_RA2,s1__2,39320882274
114,R12,0000000000,RDD,s1__2pRA2,39320911636
115,LCI,0000000080,SEND_F21,s1pCI__1_A21,39320911686
116,A21,0000000080,SEND_LCIA,s1pUL__1,39320911777
117,UL,0000000080,NO_ACTION,s1__1,39320911823
118,RDDA,0000000000,SEND_RA2,s1__2,39320911827
119,R12,0000000100,RDD,s1__2pRA2,39320911947
120,RDDA,0000000100,SEND_RA2,s1__2,39320911999
121,R12,0000000080,RDD,s1__2pRA2,39320912325
122,LCI,0000000100,SEND_F21,s1pCI__1_A21,39320912376
123,A21,0000000100,SEND_LCIA,s1pUL__1,39320912468
124,UL,0000000100,NO_ACTION,s1__1,39320912516
125,LCI,0000000000,SEND_F21,s1pCI__1_A21,39320912518
126,A21,0000000000,SEND_LCIA,s1pUL__1,39320912610
127,UL,0000000000,NO_ACTION,s1__1,39320912658
128,RDDA,0000000080,SEND_RA2,s1__2,39320912660
129,R12,0000000000,RDD,s1__2pRA2,39320978244
130,LCI,0000000080,SEND_F21,s1pCI__1_A21,39320978294
131,A21,0000000080,SEND_LCIA,s1pUL__1,39320978384
132,UL,0000000080,NO_ACTION,s1__1,39320978430
133,RDDA,0000000000,SEND_RA2,s1__2,39320978434
134,R12,0000000100,RDD,s1__2pRA2,39320978554
135,RDDA,0000000100,SEND_RA2,s1__2,39320978606
136,R12,0000000080,RDD,s1__2pRA2,39320978931
137,LCI,0000000100,SEND_F21,s1pCI__1_A21,39320978982
138,A21,0000000100,SEND_LCIA,s1pUL__1,39320979073
139,UL,0000000100,NO_ACTION,s1__1,39320979121
140,LCI,0000000000,SEND_F21,s1pCI__1_A21,39320979123
141,A21,0000000000,SEND_LCIA,s1pUL__1,39320979215
142,UL,0000000000,NO_ACTION,s1__1,39320979263
143,RDDA,0000000080,SEND_RA2,s1__2,39320979265
144,R12,0000000000,RDD,s1__2pRA2,39320991923
145,LCI,0000000080,SEND_F21,s1pCI__1_A21,39320991973
146,A21,0000000080,SEND_LCIA,s1pUL__1,39320992062
147,UL,0000000080,NO_ACTION,s1__1,39320992108
148,RDDA,0000000000,SEND_RA2,s1__2,39320992112
149,R12,0000000100,RDD,s1__2pRA2,39320992234
150,RDDA,0000000100,SEND_RA2,s1__2,39320992286
151,R12,0000000080,RDD,s1__2pRA2,39320992602
152,LCI,0000000100,SEND_F21,s1pCI__1_A21,39320992653
153,A21,0000000100,SEND_LCIA,s1pUL__1,39320992745
154,UL,0000000100,NO_ACTION,s1__1,39320992793
155,LCI,0000000000,SEND_F21,s1pCI__1_A21,39320992795
156,A21,0000000000,SEND_LCIA,s1pUL__1,39320992887
157,UL,0000000000,NO_ACTION,s1__1,39320992935
158,RDDA,0000000080,SEND_RA2,s1__2,39320992937
159,R12,0000000000,RDD,s1__2pRA2,39321016444
160,LCI,0000000080,SEND_F21,s1pCI__1_A21,39321016494
161,A21,0000000080,SEND_LCIA,s1pUL__1,39321016585
162,UL,0000000080,NO_ACTION,s1__1,39321016631
163,RDDA,0000000000,SEND_RA2,s1__2,39321016635
164,R12,0000000100,RDD,s1__2pRA2,39321016755
165,RDDA,0000000100,SEND_RA2,s1__2,39321016807
166,R12,0000000080,RDD,s1__2pRA2,39321017128
167,LCI,0000000100,SEND_F21,s1pCI__1_A21,39321017179
168,A21,0000000100,SEND_LCIA,s1pUL__1,39321017270
169,UL,0000000100,NO_ACTION,s1__1,39321017318
170,LCI,0000000000,SEND_F21,s1pCI__1_A21,39321017320
171,A21,0000000000,SEND_LCIA,s1pUL__1,39321017412
172,UL,0000000000,NO_ACTION,s1__1,39321017460
173,RDDA,0000000080,SEND_RA2,s1__2,39321017462
174,R12,0000000000,RDD,s1__2pRA2,39521413651
175,LCI,0000000080,SEND_F21,s1pCI__1_A21,39521413701
176,A21,0000000080,SEND_LCIA,s1pUL__1,39521413791
177,UL,0000000080,NO_ACTION,s1__1,39521413837
178,RDDA,0000000000,SEND_RA2,s1__2,39521413841
179,R12,0000000100,RDD,s1__2pRA2,39521413996
180,RDDA,0000000100,SEND_RA2,s1__2,39521414048
181,R12,0000000080,RDD,s1__2pRA2,39521414767
182,LCI,0000000100,SEND_F21,s1pCI__1_A21,39521414818
183,A21,0000000100,SEND_LCIA,s1pUL__1,39521414909
184,UL,0000000100,NO_ACTION,s1__1,39521414957
185,LCI,0000000000,SEND_F21,s1pCI__1_A21,39521414959
186,A21,0000000000,SEND_LCIA,s1pUL__1,39521415049
187,UL,0000000000,NO_ACTION,s1__1,39521415097
188,RDDA,0000000080,SEND_RA2,s1__2,39521415099
189,R12,0000000000,RDD,s1__2pRA2,39521462362
190,LCI,0000000080,SEND_F21,s1pCI__1_A21,39521462412
191,A21,0000000080,SEND_LCIA,s1pUL__1,39521462502
192,UL,0000000080,NO_ACTION,s1__1,39521462548
193,RDDA,0000000000,SEND_RA2,s1__2,39521462552
194,R12,0000000100,RDD,s1__2pRA2,39521462689
195,RDDA,0000000100,SEND_RA2,s1__2,39521462741
196,R12,0000000080,RDD,s1__2pRA2,39521463204
197,LCI,0000000100,SEND_F21,s1pCI__1_A21,39521463255
198,A21,0000000100,SEND_LCIA,s1pUL__1,39521463346
199,UL,0000000100,NO_ACTION,s1__1,39521463394
200,LCI,0000000000,SEND_F21,s1pCI__1_A21,39521463396
201,A21,0000000000,SEND_LCIA,s1pUL__1,39521463488
202,UL,0000000000,NO_ACTION,s1__1,39521463536
203,RDDA,0000000080,SEND_RA2,s1__2,39521463538
204,R12,0000000000,RDD,s1__2pRA2,39521515309
205,LCI,0000000080,SEND_F21,s1pCI__1_A21,39521515359
206,A21,0000000080,SEND_LCIA,s1pUL__1,39521515448
207,UL,0000000080,NO_ACTION,s1__1,39521515494
208,RDDA,0000000000,SEND_RA2,s1__2,39521515498
209,R12,0000000100,RDD,s1__2pRA2,39521515619
210,RDDA,0000000100,SEND_RA2,s1__2,39521515671
211,R12,0000000080,RDD,s1__2pRA2,39521515997
212,LCI,0000000100,SEND_F21,s1pCI__1_A21,39521516048
213,A21,0000000100,SEND_LCIA,s1pUL__1,39521516137
214,UL,0000000100,NO_ACTION,s1__1,39521516185
215,LCI,0000000000,SEND_F21,s1pCI__1_A21,39521516187
216,A21,0000000000,SEND_LCIA,s1pUL__1,39521516278
217,UL,0000000000,NO_ACTION,s1__1,39521516326
218,RDDA,0000000080,SEND_RA2,s1__2,39521516328
219,R12,0000000000,RDD,s1__2pRA2,39524830554
220,LCI,0000000080,SEND_F21,s1pCI__1_A21,39524830604
221,A21,0000000080,SEND_LCIA,s1pUL__1,39524830695
222,UL,0000000080,NO_ACTION,s1__1,39524830741
223,RDDA,0000000000,SEND_RA2,s1__2,39524830745
224,R12,0000000100,RDD,s1__2pRA2,39524830865
225,RDDA,0000000100,SEND_RA2,s1__2,39524830917
226,R12,0000000080,RDD,s1__2pRA2,39524831358
227,LCI,0000000100,SEND_F21,s1pCI__1_A21,39524831409
228,A21,0000000100,SEND_LCIA,s1pUL__1,39524831499
229,UL,0000000100,NO_ACTION,s1__1,39524831547
230,LCI,0000000000,SEND_F21,s1pCI__1_A21,39524831549
231,A21,0000000000,SEND_LCIA,s1pUL__1,39524831641
232,UL,0000000000,NO_ACTION,s1__1,39524831689
233,RDDA,0000000080,SEND_RA2,s1__2,39524831691
234,R12,0000000000,RDD,s1__2pRA2,39524891396
235,LCI,0000000080,SEND_F21,s1pCI__1_A21,39524891446
236,A21,0000000080,SEND_LCIA,s1pUL__1,39524891536
237,UL,0000000080,NO_ACTION,s1__1,39524891582
238,RDDA,0000000000,SEND_RA2,s1__2,39524891586
239,R12,0000000100,RDD,s1__2pRA2,39524891706
240,RDDA,0000000100,SEND_RA2,s1__2,39524891758
241,R12,0000000080,RDD,s1__2pRA2,39524892107
242,LCI,0000000100,SEND_F21,s1pCI__1_A21,39524892158
243,A21,0000000100,SEND_LCIA,s1pUL__1,39524892249
244,UL,0000000100,NO_ACTION,s1__1,39524892297
245,LCI,0000000000,SEND_F21,s1pCI__1_A21,39524892299
246,A21,0000000000,SEND_LCIA,s1pUL__1,39524892391
247,UL,0000000000,NO_ACTION,s1__1,39524892439
248,RDDA,0000000080,SEND_RA2,s1__2,39524892441
249,R12,0000000000,RDD,s1__2pRA2,39525698540
250,LCI,0000000080,SEND_F21,s1pCI__1_A21,39525698590
251,A21,0000000080,SEND_LCIA,s1pUL__1,39525698678
252,UL,0000000080,NO_ACTION,s1__1,39525698724
253,RDDA,0000000000,SEND_RA2,s1__2,39525698728
254,R12,0000000100,RDD,s1__2pRA2,39525698849
255,RDDA,0000000100,SEND_RA2,s1__2,39525698901
256,R12,0000000080,RDD,s1__2pRA2,39525699275
257,LCI,0000000100,SEND_F21,s1pCI__1_A21,39525699326
258,A21,0000000100,SEND_LCIA,s1pUL__1,39525699417
259,UL,0000000100,NO_ACTION,s1__1,39525699465
260,LCI,0000000000,SEND_F21,s1pCI__1_A21,39525699467
261,A21,0000000000,SEND_LCIA,s1pUL__1,39525699559
262,UL,0000000000,NO_ACTION,s1__1,39525699607
263,RDDA,0000000080,SEND_RA2,s1__2,39525699609
264,R12,0000000000,RDD,s1__2pRA2,39525780128
265,LCI,0000000080,SEND_F21,s1pCI__1_A21,39525780178
266,A21,0000000080,SEND_LCIA,s1pUL__1,39525780269
267,UL,0000000080,NO_ACTION,s1__1,39525780315
268,RDDA,0000000000,SEND_RA2,s1__2,39525780319
269,R12,0000000100,RDD,s1__2pRA2,39525780440
270,RDDA,0000000100,SEND_RA2,s1__2,39525780492
271,R12,0000000080,RDD,s1__2pRA2,39525780818
272,LCI,0000000100,SEND_F21,s1pCI__1_A21,39525780869
273,A21,0000000100,SEND_LCIA,s1pUL__1,39525780958
274,UL,0000000100,NO_ACTION,s1__1,39525781006
275,LCI,0000000000,SEND_F21,s1pCI__1_A21,39525781008
276,A21,0000000000,SEND_LCIA,s1pUL__1,39525781100
277,UL,0000000000,NO_ACTION,s1__1,39525781148
278,RDDA,0000000080,SEND_RA2,s1__2,39525781150
279,R12,0000000000,RDD,s1__2pRA2,39525863255
280,LCI,0000000080,SEND_F21,s1pCI__1_A21,39525863305
281,A21,0000000080,SEND_LCIA,s1pUL__1,39525863394
282,UL,0000000080,NO_ACTION,s1__1,39525863440
283,RDDA,0000000000,SEND_RA2,s1__2,39525863444
284,R12,0000000100,RDD,s1__2pRA2,39525863565
285,RDDA,0000000100,SEND_RA2,s1__2,39525863617
286,R12,0000000080,RDD,s1__2pRA2,39525863962
287,LCI,0000000100,SEND_F21,s1pCI__1_A21,39525864013
288,A21,0000000100,SEND_LCIA,s1pUL__1,39525864105
289,UL,0000000100,NO_ACTION,s1__1,39525864153
290,LCI,0000000000,SEND_F21,s1pCI__1_A21,39525864155
291,A21,0000000000,SEND_LCIA,s1pUL__1,39525864247
292,UL,0000000000,NO_ACTION,s1__1,39525864295
293,RDDA,0000000080,SEND_RA2,s1__2,39525864297
294,R12,0000000000,RDD,s1__2pRA2,39525952258
295,LCI,0000000080,SEND_F21,s1pCI__1_A21,39525952308
296,A21,0000000080,SEND_LCIA,s1pUL__1,39525952398
297,UL,0000000080,NO_ACTION,s1__1,39525952444
298,RDDA,0000000000,SEND_RA2,s1__2,39525952448
299,R12,0000000100,RDD,s1__2pRA2,39525952568
300,RDDA,0000000100,SEND_RA2,s1__2,39525952620
301,R12,0000000080,RDD,s1__2pRA2,39525952943
302,LCI,0000000100,SEND_F21,s1pCI__1_A21,39525952994
303,A21,0000000100,SEND_LCIA,s1pUL__1,39525953085
304,UL,0000000100,NO_ACTION,s1__1,39525953133
305,LCI,0000000000,SEND_F21,s1pCI__1_A21,39525953135
306,A21,0000000000,SEND_LCIA,s1pUL__1,39525953227
307,UL,0000000000,NO_ACTION,s1__1,39525953275
308,RDDA,0000000080,SEND_RA2,s1__2,39525953277
309,R12,0000000000,RDD,s1__2pRA2,39526378758
310,LCI,0000000080,SEND_F21,s1pCI__1_A21,39526378808
311,A21,0000000080,SEND_LCIA,s1pUL__1,39526378900
312,UL,0000000080,NO_ACTION,s1__1,39526378946
313,RDDA,0000000000,SEND_RA2,s1__2,39526378950
314,R12,0000000100,RDD,s1__2pRA2,39526379070
315,RDDA,0000000100,SEND_RA2,s1__2,39526379122
316,R12,0000000080,RDD,s1__2pRA2,39526379465
317,LCI,0000000100,SEND_F21,s1pCI__1_A21,39526379516
318,A21,0000000100,SEND_LCIA,s1pUL__1,39526379607
319,UL,0000000100,NO_ACTION,s1__1,39526379655
320,LCI,0000000000,SEND_F21,s1pCI__1_A21,39526379657
321,A21,0000000000,SEND_LCIA,s1pUL__1,39526379749
322,UL,0000000000,NO_ACTION,s1__1,39526379797
323,RDDA,0000000080,SEND_RA2,s1__2,39526379799
324,R12,0000000000,RDD,s1__2pRA2,39526640553
325,LCI,0000000080,SEND_F21,s1pCI__1_A21,39526640603
326,A21,0000000080,SEND_LCIA,s1pUL__1,39526640694
327,UL,0000000080,NO_ACTION,s1__1,39526640740
328,RDDA,0000000000,SEND_RA2,s1__2,39526640744
329,R12,0000000100,RDD,s1__2pRA2,39526640864
330,RDDA,0000000100,SEND_RA2,s1__2,39526640916
331,R12,0000000080,RDD,s1__2pRA2,39526641283
332,LCI,0000000100,SEND_F21,s1pCI__1_A21,39526641334
333,A21,0000000100,SEND_LCIA,s1pUL__1,39526641425
334,UL,0000000100,NO_ACTION,s1__1,39526641473
335,LCI,0000000000,SEND_F21,s1pCI__1_A21,39526641475
336,A21,0000000000,SEND_LCIA,s1pUL__1,39526641565
337,UL,0000000000,NO_ACTION,s1__1,39526641613
338,RDDA,0000000080,SEND_RA2,s1__2,39526641615
339,R13,0000008100,RDD,s1__3pRA3,39530441560
340,R23,0000008000,SEND_RA3,s1__3,39530441563
341,RDDA,0000008100,SEND_RA3,s1__3,39530441612
342,R12,0000008080,RDD,s1__2pRA2,39530441714
343,V31d,0000008100,WDD,s1__1_WDDA,39530441722
344,LCI,0000008000,SEND_F31,s1pCI__1_A31d,39530441765
345,A31d,0000008000,WDD,s1pCI__1_WDDA,39530441866
346,WDDA,0000008000,SEND_LCIA,s1pUL__1,39530441919
347,LCI,0000008100,SEND_LCIA,s1pUL__1,39530441965
348,UL,0000008000,NO_ACTION,s1__1,39530441967
349,UL,0000008100,NO_ACTION,s1__1,39530442013
350,RDDA,0000008080,SEND_RA2,s1__2,39530442024
351,R12,0000000000,RDD,s1__2pRA2,39726212231
352,LCI,0000000080,SEND_F21,s1pCI__1_A21,39726212281
353,A21,0000000080,SEND_LCIA,s1pUL__1,39726212372
354,UL,0000000080,NO_ACTION,s1__1,39726212418
355,RDDA,0000000000,SEND_RA2,s1__2,39726212422
356,R12,0000000100,RDD,s1__2pRA2,39726212578
357,RDDA,0000000100,SEND_RA2,s1__2,39726212630
358,R12,0000000080,RDD,s1__2pRA2,39726213371
359,LCI,0000000100,SEND_F21,s1pCI__1_A21,39726213422
360,A21,0000000100,SEND_LCIA,s1pUL__1,39726213514
361,UL,0000000100,NO_ACTION,s1__1,39726213562
362,LCI,0000000000,SEND_F21,s1pCI__1_A21,39726213564
363,A21,0000000000,SEND_LCIA,s1pUL__1,39726213656
364,UL,0000000000,NO_ACTION,s1__1,39726213704
365,RDDA,0000000080,SEND_RA2,s1__2,39726213706
366,R12,0000000000,RDD,s1__2pRA2,39726261392
367,LCI,0000000080,SEND_F21,s1pCI__1_A21,39726261442
368,A21,0000000080,SEND_LCIA,s1pUL__1,39726261533
369,UL,0000000080,NO_ACTION,s1__1,39726261579
370,RDDA,0000000000,SEND_RA2,s1__2,39726261583
371,R12,0000000100,RDD,s1__2pRA2,39726261729
372,RDDA,0000000100,SEND_RA2,s1__2,39726261781
373,R12,0000000080,RDD,s1__2pRA2,39726262221
374,LCI,0000000100,SEND_F21,s1pCI__1_A21,39726262272
375,A21,0000000100,SEND_LCIA,s1pUL__1,39726262363
376,UL,0000000100,NO_ACTION,s1__1,39726262411
377,LCI,0000000000,SEND_F21,s1pCI__1_A21,39726262413
378,A21,0000000000,SEND_LCIA,s1pUL__1,39726262505
379,UL,0000000000,NO_ACTION,s1__1,39726262553
380,RDDA,0000000080,SEND_RA2,s1__2,39726262555
381,R12,0000000000,RDD,s1__2pRA2,39726313394
382,LCI,0000000080,SEND_F21,s1pCI__1_A21,39726313444
383,A21,0000000080,SEND_LCIA,s1pUL__1,39726313535
384,UL,0000000080,NO_ACTION,s1__1,39726313581
385,RDDA,0000000000,SEND_RA2,s1__2,39726313585
386,R12,0000000100,RDD,s1__2pRA2,39726313706
387,RDDA,0000000100,SEND_RA2,s1__2,39726313758
388,R12,0000000080,RDD,s1__2pRA2,39726314075
389,LCI,0000000100,SEND_F21,s1pCI__1_A21,39726314126
390,A21,0000000100,SEND_LCIA,s1pUL__1,39726314217
391,UL,0000000100,NO_ACTION,s1__1,39726314265
392,LCI,0000000000,SEND_F21,s1pCI__1_A21,39726314267
393,A21,0000000000,SEND_LCIA,s1pUL__1,39726314359
394,UL,0000000000,NO_ACTION,s1__1,39726314407
395,RDDA,0000000080,SEND_RA2,s1__2,39726314409
396,R12,0000000000,RDD,s1__2pRA2,39729629491
397,LCI,0000000080,SEND_F21,s1pCI__1_A21,39729629541
398,A21,0000000080,SEND_LCIA,s1pUL__1,39729629630
399,UL,0000000080,NO_ACTION,s1__1,39729629676
400,RDDA,0000000000,SEND_RA2,s1__2,39729629680
401,R12,0000000100,RDD,s1__2pRA2,39729629822
402,RDDA,0000000100,SEND_RA2,s1__2,39729629874
403,R12,0000000080,RDD,s1__2pRA2,39729630556
404,LCI,0000000100,SEND_F21,s1pCI__1_A21,39729630607
405,A21,0000000100,SEND_LCIA,s1pUL__1,39729630699
406,UL,0000000100,NO_ACTION,s1__1,39729630747
407,LCI,0000000000,SEND_F21,s1pCI__1_A21,39729630749
408,A21,0000000000,SEND_LCIA,s1pUL__1,39729630841
409,UL,0000000000,NO_ACTION,s1__1,39729630889
410,RDDA,0000000080,SEND_RA2,s1__2,39729630891
411,R12,0000000000,RDD,s1__2pRA2,39729680557
412,LCI,0000000080,SEND_F21,s1pCI__1_A21,39729680607
413,A21,0000000080,SEND_LCIA,s1pUL__1,39729680699
414,UL,0000000080,NO_ACTION,s1__1,39729680745
415,RDDA,0000000000,SEND_RA2,s1__2,39729680749
416,R12,0000000100,RDD,s1__2pRA2,39729680907
417,RDDA,0000000100,SEND_RA2,s1__2,39729680959
418,R12,0000000080,RDD,s1__2pRA2,39729681581
419,LCI,0000000100,SEND_F21,s1pCI__1_A21,39729681632
420,A21,0000000100,SEND_LCIA,s1pUL__1,39729681724
421,UL,0000000100,NO_ACTION,s1__1,39729681772
422,LCI,0000000000,SEND_F21,s1pCI__1_A21,39729681774
423,A21,0000000000,SEND_LCIA,s1pUL__1,39729681866
424,UL,0000000000,NO_ACTION,s1__1,39729681914
425,RDDA,0000000080,SEND_RA2,s1__2,39729681916
426,R12,0000000000,RDD,s1__2pRA2,39730497365
427,LCI,0000000080,SEND_F21,s1pCI__1_A21,39730497415
428,A21,0000000080,SEND_LCIA,s1pUL__1,39730497505
429,UL,0000000080,NO_ACTION,s1__1,39730497551
430,RDDA,0000000000,SEND_RA2,s1__2,39730497555
431,R12,0000000100,RDD,s1__2pRA2,39730497712
432,RDDA,0000000100,SEND_RA2,s1__2,39730497764
433,R12,0000000080,RDD,s1__2pRA2,39730498430
434,LCI,0000000100,SEND_F21,s1pCI__1_A21,39730498481
435,A21,0000000100,SEND_LCIA,s1pUL__1,39730498572
436,UL,0000000100,NO_ACTION,s1__1,39730498620
437,LCI,0000000000,SEND_F21,s1pCI__1_A21,39730498622
438,A21,0000000000,SEND_LCIA,s1pUL__1,39730498712
439,UL,0000000000,NO_ACTION,s1__1,39730498760
440,RDDA,0000000080,SEND_RA2,s1__2,39730498762
441,R12,0000000000,RDD,s1__2pRA2,39730564740
442,LCI,0000000080,SEND_F21,s1pCI__1_A21,39730564790
443,A21,0000000080,SEND_LCIA,s1pUL__1,39730564881
444,UL,0000000080,NO_ACTION,s1__1,39730564927
445,RDDA,0000000000,SEND_RA2,s1__2,39730564931
446,R12,0000000100,RDD,s1__2pRA2,39730565057
447,RDDA,0000000100,SEND_RA2,s1__2,39730565109
448,R12,0000000080,RDD,s1__2pRA2,39730565443
449,LCI,0000000100,SEND_F21,s1pCI__1_A21,39730565494
450,A21,0000000100,SEND_LCIA,s1pUL__1,39730565585
451,UL,0000000100,NO_ACTION,s1__1,39730565633
452,LCI,0000000000,SEND_F21,s1pCI__1_A21,39730565635
453,A21,0000000000,SEND_LCIA,s1pUL__1,39730565727
454,UL,0000000000,NO_ACTION,s1__1,39730565775
455,RDDA,0000000080,SEND_RA2,s1__2,39730565777
456,R12,0000000000,RDD,s1__2pRA2,39730653539
457,LCI,0000000080,SEND_F21,s1pCI__1_A21,39730653589
458,A21,0000000080,SEND_LCIA,s1pUL__1,39730653677
459,UL,0000000080,NO_ACTION,s1__1,39730653723
460,RDDA,0000000000,SEND_RA2,s1__2,39730653727
461,R12,0000000100,RDD,s1__2pRA2,39730653848
462,RDDA,0000000100,SEND_RA2,s1__2,39730653900
463,R12,0000000080,RDD,s1__2pRA2,39730654304
464,LCI,0000000100,SEND_F21,s1pCI__1_A21,39730654355
465,A21,0000000100,SEND_LCIA,s1pUL__1,39730654444
466,UL,0000000100,NO_ACTION,s1__1,39730654492
467,LCI,0000000000,SEND_F21,s1pCI__1_A21,39730654494
468,A21,0000000000,SEND_LCIA,s1pUL__1,39730654585
469,UL,0000000000,NO_ACTION,s1__1,39730654633
470,RDDA,0000000080,SEND_RA2,s1__2,39730654635
471,R12,0000000000,RDD,s1__2pRA2,39730724890
472,LCI,0000000080,SEND_F21,s1pCI__1_A21,39730724940
473,A21,0000000080,SEND_LCIA,s1pUL__1,39730725030
474,UL,0000000080,NO_ACTION,s1__1,39730725076
475,RDDA,0000000000,SEND_RA2,s1__2,39730725080
476,R12,0000000100,RDD,s1__2pRA2,39730725202
477,RDDA,0000000100,SEND_RA2,s1__2,39730725254
478,R12,0000000080,RDD,s1__2pRA2,39730725571
479,LCI,0000000100,SEND_F21,s1pCI__1_A21,39730725622
480,A21,0000000100,SEND_LCIA,s1pUL__1,39730725713
481,UL,0000000100,NO_ACTION,s1__1,39730725761
482,LCI,0000000000,SEND_F21,s1pCI__1_A21,39730725763
483,A21,0000000000,SEND_LCIA,s1pUL__1,39730725854
484,UL,0000000000,NO_ACTION,s1__1,39730725902
485,RDDA,0000000080,SEND_RA2,s1__2,39730725904
486,R12,0000000000,RDD,s1__2pRA2,39731176580
487,LCI,0000000080,SEND_F21,s1pCI__1_A21,39731176630
488,A21,0000000080,SEND_LCIA,s1pUL__1,39731176720
489,UL,0000000080,NO_ACTION,s1__1,39731176766
490,RDDA,0000000000,SEND_RA2,s1__2,39731176770
491,R12,0000000100,RDD,s1__2pRA2,39731176906
492,RDDA,0000000100,SEND_RA2,s1__2,39731176958
493,R12,0000000080,RDD,s1__2pRA2,39731177565
494,LCI,0000000100,SEND_F21,s1pCI__1_A21,39731177616
495,A21,0000000100,SEND_LCIA,s1pUL__1,39731177708
496,UL,0000000100,NO_ACTION,s1__1,39731177756
497,LCI,0000000000,SEND_F21,s1pCI__1_A21,39731177758
498,A21,0000000000,SEND_LCIA,s1pUL__1,39731177850
499,UL,0000000000,NO_ACTION,s1__1,39731177898
500,RDDA,0000000080,SEND_RA2,s1__2,39731177900
501,R12,0000000000,RDD,s1__2pRA2,39731436640
502,LCI,0000000080,SEND_F21,s1pCI__1_A21,39731436690
503,A21,0000000080,SEND_LCIA,s1pUL__1,39731436780
504,UL,0000000080,NO_ACTION,s1__1,39731436826
505,RDDA,0000000000,SEND_RA2,s1__2,39731436830
506,R12,0000000100,RDD,s1__2pRA2,39731436984
507,RDDA,0000000100,SEND_RA2,s1__2,39731437036
508,R12,0000000080,RDD,s1__2pRA2,39731439090
509,LCI,0000000100,SEND_F21,s1pCI__1_A21,39731439141
510,A21,0000000100,SEND_LCIA,s1pUL__1,39731439232
511,UL,0000000100,NO_ACTION,s1__1,39731439280
512,LCI,0000000000,SEND_F21,s1pCI__1_A21,39731439282
513,A21,0000000000,SEND_LCIA,s1pUL__1,39731439374
514,UL,0000000000,NO_ACTION,s1__1,39731439422
515,RDDA,0000000080,SEND_RA2,s1__2,39731439424
516,R13,0000008100,RDD,s1__3pRA3,39735241813
517,R23,0000008080,SEND_RA3,s1__3,39735241818
518,RDDA,0000008100,SEND_RA3,s1__3,39735241865
519,R12,0000008000,RDD,s1__2pRA2,39735241967
520,V31d,0000008100,WDD,s1__1_WDDA,39735241975
521,LCI,0000008080,SEND_F31,s1pCI__1_A31d,39735242018
522,A31d,0000008080,WDD,s1pCI__1_WDDA,39735242118
523,WDDA,0000008080,SEND_LCIA,s1pUL__1,39735242173
524,LCI,0000008100,SEND_LCIA,s1pUL__1,39735242217
525,UL,0000008080,NO_ACTION,s1__1,39735242219
526,UL,0000008100,NO_ACTION,s1__1,39735242265
527,RDDA,0000008000,SEND_RA2,s1__2,39735242272
528,R23,0000008000,SEND_RA3,s1__3,39991241328
529,R12,0000008080,RDD,s1__2pRA2,39991241418
530,LCI,0000008000,SEND_F31,s1pCI__1_A31d,39991241469
531,A31d,0000008000,WDD,s1pCI__1_WDDA,39991241570
532,WDDA,0000008000,SEND_LCIA,s1pUL__1,39991241623
533,UL,0000008000,NO_ACTION,s1__1,39991241671
534,RDDA,0000008080,SEND_RA2,s1__2,39991241681
535,V21,0000008080,NO_ACTION,s1__1,40769351046
536,V21,0000000080,NO_ACTION,s1__1,40774566496
