index,raw,opcode,message,timestamp,aliased_addr,cache_line_index_aliased,cache_line_index_unaliased,dirty,dmask,fillo,hreq_id,ns,nxm,rnode,rreq_id,src,unaliased_addr,vc,xb1,xb1_2,xb2,xb3,xb4,xb5
164,0x2843f00000008680,5,ECI_CMD_MREQ_RLDX,33096990938,0x0000008680,,,,15,,,1,,,16,0,0x0000008680,6,,,0,4,0,
165,0x2804300000008180,5,ECI_CMD_MREQ_RLDX,33096990940,0x0000008180,,,,0,,,1,,,1,0,0x0000008180,6,,,0,4,0,
166,0x2800300000008280,5,ECI_CMD_MREQ_RLDX,33096990942,0x0000008280,,,,0,,,1,,,0,0,0x0000008280,6,,,0,4,0,
167,0x2800300000008380,5,ECI_CMD_MREQ_RLDX,33096990944,0x0000008380,,,,0,,,1,,,0,0,0x0000008380,6,,,0,4,0,
168,0x2840300000008580,5,ECI_CMD_MREQ_RLDX,33096990946,0x0000008580,,,,0,,,1,,,16,0,0x0000008580,6,,,0,4,0,
169,0x2840300000008480,5,ECI_CMD_MREQ_RLDX,33096990948,0x0000008480,,,,0,,,1,,,16,0,0x0000008480,6,,,0,4,0,
170,0x5000000000008080,10,ECI_CMD_MRSP_PEMD,33096990950,,257,257,0,0,0,,,0,,0,3,,10,0,0,,0,,0
171,0x5043c00000008680,10,ECI_CMD_MRSP_PEMD,33096991018,,269,269,0,15,0,,,0,,16,4,,4,0,0,,0,,0
172,0x5007c00000008180,10,ECI_CMD_MRSP_PEMD,33096991040,,259,259,0,15,0,,,0,,1,4,,4,0,0,,0,,0
173,0x5003c00000008280,10,ECI_CMD_MRSP_PEMD,33096991062,,261,261,0,15,0,,,0,,0,4,,4,0,0,,0,,0
174,0x5003c00000008380,10,ECI_CMD_MRSP_PEMD,33096991084,,263,263,0,15,0,,,0,,0,4,,4,0,0,,0,,0
175,0x5043c00000008580,10,ECI_CMD_MRSP_PEMD,33096991106,,267,267,0,15,0,,,0,,16,4,,4,0,0,,0,,0
176,0x5043c00000008480,10,ECI_CMD_MRSP_PEMD,33096991128,,265,265,0,15,0,,,0,,16,4,,4,0,0,,0,,0
177,0x5807e40000008080,11,ECI_CMD_MFWD_FEVX_EH,33096991284,0x0000008080,,,,15,,1,1,,1,,5,0x0000008080,8,0,,0,0,,
178,0x1807e00000008080,3,ECI_CMD_MRSP_VICDHI,33096991360,0x0000008080,,,,15,,1,1,,,,2,0x0000008080,4,,,,0,,0
179,0x580fe40000008180,11,ECI_CMD_MFWD_FEVX_EH,33096991485,0x0000008180,,,,15,,3,1,,1,,5,0x0000008180,8,0,,0,0,,
180,0x5817e40000008280,11,ECI_CMD_MFWD_FEVX_EH,33096991487,0x0000008280,,,,15,,5,1,,1,,5,0x0000008280,8,0,,0,0,,
181,0x581fe40000008380,11,ECI_CMD_MFWD_FEVX_EH,33096991489,0x0000008380,,,,15,,7,1,,1,,5,0x0000008380,8,0,,0,0,,
182,0x5827e40000008480,11,ECI_CMD_MFWD_FEVX_EH,33096991491,0x0000008480,,,,15,,9,1,,1,,5,0x0000008480,8,0,,0,0,,
183,0x582fe40000008580,11,ECI_CMD_MFWD_FEVX_EH,33096991493,0x0000008580,,,,15,,11,1,,1,,5,0x0000008580,8,0,,0,0,,
184,0x5837e40000008680,11,ECI_CMD_MFWD_FEVX_EH,33096991495,0x0000008680,,,,15,,13,1,,1,,5,0x0000008680,8,0,,0,0,,
185,0x180fe00000008180,3,ECI_CMD_MRSP_VICDHI,33096991561,0x0000008180,,,,15,,3,1,,,,2,0x0000008180,4,,,,0,,0
186,0x1817e00000008280,3,ECI_CMD_MRSP_VICDHI,33096991565,0x0000008280,,,,15,,5,1,,,,2,0x0000008280,4,,,,0,,0
187,0x181fe00000008380,3,ECI_CMD_MRSP_VICDHI,33096991569,0x0000008380,,,,15,,7,1,,,,2,0x0000008380,4,,,,0,,0
188,0x1827e00000008480,3,ECI_CMD_MRSP_VICDHI,33096991573,0x0000008480,,,,15,,9,1,,,,2,0x0000008480,4,,,,0,,0
189,0x182fe00000008580,3,ECI_CMD_MRSP_VICDHI,33096991577,0x0000008580,,,,15,,11,1,,,,2,0x0000008580,4,,,,0,,0
190,0x1837e00000008680,3,ECI_CMD_MRSP_VICDHI,33096991581,0x0000008680,,,,15,,13,1,,,,2,0x0000008680,4,,,,0,,0
191,0x7007e40000000080,14,ECI_CMD_MFWD_SINV_H,33096992063,0x0000000080,,,,15,,1,1,,1,,5,0x0000000080,8,0,,0,0,,
192,0x2004200000000080,4,ECI_CMD_MRSP_HAKD,33096992128,0x0000000080,,,,0,,1,1,,,,1,0x0000000080,10,,,,0,,0
193,0x0007e00000000080,0,ECI_CMD_MREQ_RLDD,33096992577,0x0000000080,,,,15,,,1,,,1,0,0x0000000080,6,,,0,0,0,
194,0x4807c00000000080,9,ECI_CMD_MRSP_PSHA,33096992846,,1,1,0,15,0,,,0,,1,4,,4,0,0,,0,,0
195,0x7007e40000000080,14,ECI_CMD_MFWD_SINV_H,33096993335,0x0000000080,,,,15,,1,1,,1,,5,0x0000000080,8,0,,0,0,,
196,0x2004200000000080,4,ECI_CMD_MRSP_HAKD,33096993401,0x0000000080,,,,0,,1,1,,,,1,0x0000000080,10,,,,0,,0
197,0x0007e00000000080,0,ECI_CMD_MREQ_RLDD,33096993918,0x0000000080,,,,15,,,1,,,1,0,0x0000000080,6,,,0,0,0,
198,0x4807c00000000080,9,ECI_CMD_MRSP_PSHA,33096994188,,1,1,0,15,0,,,0,,1,4,,4,0,0,,0,,0
199,0x2800300000008180,5,ECI_CMD_MREQ_RLDX,33096996564,0x0000008180,,,,0,,,1,,,0,0,0x0000008180,6,,,0,4,0,
200,0x2800300000008280,5,ECI_CMD_MREQ_RLDX,33096996566,0x0000008280,,,,0,,,1,,,0,0,0x0000008280,6,,,0,4,0,
201,0x2803f00000008380,5,ECI_CMD_MREQ_RLDX,33096996568,0x0000008380,,,,15,,,1,,,0,0,0x0000008380,6,,,0,4,0,
202,0x5003c00000008180,10,ECI_CMD_MRSP_PEMD,33096996644,,259,259,0,15,0,,,0,,0,4,,4,0,0,,0,,0
203,0x5003c00000008280,10,ECI_CMD_MRSP_PEMD,33096996666,,261,261,0,15,0,,,0,,0,4,,4,0,0,,0,,0
204,0x5003c00000008380,10,ECI_CMD_MRSP_PEMD,33096996688,,263,263,0,15,0,,,0,,0,4,,4,0,0,,0,,0
205,0x0003e00000008080,0,ECI_CMD_MREQ_RLDD,33096996770,0x0000008080,,,,15,,,1,,,0,0,0x0000008080,6,,,0,0,0,
206,0x580fe40000008180,11,ECI_CMD_MFWD_FEVX_EH,33096997045,0x0000008180,,,,15,,3,1,,1,,5,0x0000008180,8,0,,0,0,,
207,0x5817e40000008280,11,ECI_CMD_MFWD_FEVX_EH,33096997047,0x0000008280,,,,15,,5,1,,1,,5,0x0000008280,8,0,,0,0,,
208,0x581fe40000008380,11,ECI_CMD_MFWD_FEVX_EH,33096997049,0x0000008380,,,,15,,7,1,,1,,5,0x0000008380,8,0,,0,0,,
209,0x180fe00000008180,3,ECI_CMD_MRSP_VICDHI,33096997121,0x0000008180,,,,15,,3,1,,,,2,0x0000008180,4,,,,0,,0
210,0x1817e00000008280,3,ECI_CMD_MRSP_VICDHI,33096997125,0x0000008280,,,,15,,5,1,,,,2,0x0000008280,4,,,,0,,0
211,0x181fe00000008380,3,ECI_CMD_MRSP_VICDHI,33096997129,0x0000008380,,,,15,,7,1,,,,2,0x0000008380,4,,,,0,,0
212,0x4803c00000008080,9,ECI_CMD_MRSP_PSHA,33096997324,,257,257,0,15,0,,,0,,0,4,,4,0,0,,0,,0
213,0x7007e40000000080,14,ECI_CMD_MFWD_SINV_H,33096998437,0x0000000080,,,,15,,1,1,,1,,5,0x0000000080,8,0,,0,0,,
214,0x2004200000000080,4,ECI_CMD_MRSP_HAKD,33096998503,0x0000000080,,,,0,,1,1,,,,1,0x0000000080,10,,,,0,,0
215,0x0003e00000000080,0,ECI_CMD_MREQ_RLDD,33096998960,0x0000000080,,,,15,,,1,,,0,0,0x0000000080,6,,,0,0,0,
216,0x4803c00000000080,9,ECI_CMD_MRSP_PSHA,33096999228,,1,1,0,15,0,,,0,,0,4,,4,0,0,,0,,0
217,0x7007e40000000080,14,ECI_CMD_MFWD_SINV_H,33096999702,0x0000000080,,,,15,,1,1,,1,,5,0x0000000080,8,0,,0,0,,
218,0x2004200000000080,4,ECI_CMD_MRSP_HAKD,33096999769,0x0000000080,,,,0,,1,1,,,,1,0x0000000080,10,,,,0,,0
219,0x0007e00000000080,0,ECI_CMD_MREQ_RLDD,33097000206,0x0000000080,,,,15,,,1,,,1,0,0x0000000080,6,,,0,0,0,
220,0x4807c00000000080,9,ECI_CMD_MRSP_PSHA,33097000476,,1,1,0,15,0,,,0,,1,4,,4,0,0,,0,,0
221,0x7007e40000000080,14,ECI_CMD_MFWD_SINV_H,33097000950,0x0000000080,,,,15,,1,1,,1,,5,0x0000000080,8,0,,0,0,,
222,0x2004200000000080,4,ECI_CMD_MRSP_HAKD,33097001017,0x0000000080,,,,0,,1,1,,,,1,0x0000000080,10,,,,0,,0
223,0x0003e00000000080,0,ECI_CMD_MREQ_RLDD,33097001453,0x0000000080,,,,15,,,1,,,0,0,0x0000000080,6,,,0,0,0,
224,0x4803c00000000080,9,ECI_CMD_MRSP_PSHA,33097001715,,1,1,0,15,0,,,0,,0,4,,4,0,0,,0,,0
225,0x3807e00000008080,7,ECI_CMD_MREQ_RC2D_S,33097033953,0x0000008080,,,,15,,,1,,,1,0,0x0000008080,6,,,0,0,0,
226,0x2843f00000008680,5,ECI_CMD_MREQ_RLDX,33097033971,0x0000008680,,,,15,,,1,,,16,0,0x0000008680,6,,,0,4,0,
227,0x2800300000008180,5,ECI_CMD_MREQ_RLDX,33097033973,0x0000008180,,,,0,,,1,,,0,0,0x0000008180,6,,,0,4,0,
228,0x2800300000008380,5,ECI_CMD_MREQ_RLDX,33097033975,0x0000008380,,,,0,,,1,,,0,0,0x0000008380,6,,,0,4,0,
229,0x2800300000008280,5,ECI_CMD_MREQ_RLDX,33097033977,0x0000008280,,,,0,,,1,,,0,0,0x0000008280,6,,,0,4,0,
230,0x2844300000008580,5,ECI_CMD_MREQ_RLDX,33097033979,0x0000008580,,,,0,,,1,,,17,0,0x0000008580,6,,,0,4,0,
231,0x2844300000008480,5,ECI_CMD_MREQ_RLDX,33097033981,0x0000008480,,,,0,,,1,,,17,0,0x0000008480,6,,,0,4,0,
232,0x5004000000008080,10,ECI_CMD_MRSP_PEMD,33097033981,,257,257,0,0,0,,,0,,1,3,,10,0,0,,0,,0
233,0x5043c00000008680,10,ECI_CMD_MRSP_PEMD,33097034051,,269,269,0,15,0,,,0,,16,4,,4,0,0,,0,,0
234,0x5003c00000008180,10,ECI_CMD_MRSP_PEMD,33097034073,,259,259,0,15,0,,,0,,0,4,,4,0,0,,0,,0
235,0x5003c00000008380,10,ECI_CMD_MRSP_PEMD,33097034095,,263,263,0,15,0,,,0,,0,4,,4,0,0,,0,,0
236,0x5003c00000008280,10,ECI_CMD_MRSP_PEMD,33097034117,,261,261,0,15,0,,,0,,0,4,,4,0,0,,0,,0
237,0x5047c00000008580,10,ECI_CMD_MRSP_PEMD,33097034139,,267,267,0,15,0,,,0,,17,4,,4,0,0,,0,,0
238,0x5047c00000008480,10,ECI_CMD_MRSP_PEMD,33097034161,,265,265,0,15,0,,,0,,17,4,,4,0,0,,0,,0
239,0x5807e40000008080,11,ECI_CMD_MFWD_FEVX_EH,33097034315,0x0000008080,,,,15,,1,1,,1,,5,0x0000008080,8,0,,0,0,,
240,0x1807e00000008080,3,ECI_CMD_MRSP_VICDHI,33097034393,0x0000008080,,,,15,,1,1,,,,2,0x0000008080,4,,,,0,,0
241,0x580fe40000008180,11,ECI_CMD_MFWD_FEVX_EH,33097034518,0x0000008180,,,,15,,3,1,,1,,5,0x0000008180,8,0,,0,0,,
242,0x5817e40000008280,11,ECI_CMD_MFWD_FEVX_EH,33097034520,0x0000008280,,,,15,,5,1,,1,,5,0x0000008280,8,0,,0,0,,
243,0x581fe40000008380,11,ECI_CMD_MFWD_FEVX_EH,33097034522,0x0000008380,,,,15,,7,1,,1,,5,0x0000008380,8,0,,0,0,,
244,0x5827e40000008480,11,ECI_CMD_MFWD_FEVX_EH,33097034524,0x0000008480,,,,15,,9,1,,1,,5,0x0000008480,8,0,,0,0,,
245,0x582fe40000008580,11,ECI_CMD_MFWD_FEVX_EH,33097034526,0x0000008580,,,,15,,11,1,,1,,5,0x0000008580,8,0,,0,0,,
246,0x5837e40000008680,11,ECI_CMD_MFWD_FEVX_EH,33097034528,0x0000008680,,,,15,,13,1,,1,,5,0x0000008680,8,0,,0,0,,
247,0x180fe00000008180,3,ECI_CMD_MRSP_VICDHI,33097034595,0x0000008180,,,,15,,3,1,,,,2,0x0000008180,4,,,,0,,0
248,0x1817e00000008280,3,ECI_CMD_MRSP_VICDHI,33097034599,0x0000008280,,,,15,,5,1,,,,2,0x0000008280,4,,,,0,,0
249,0x181fe00000008380,3,ECI_CMD_MRSP_VICDHI,33097034603,0x0000008380,,,,15,,7,1,,,,2,0x0000008380,4,,,,0,,0
250,0x1827e00000008480,3,ECI_CMD_MRSP_VICDHI,33097034607,0x0000008480,,,,15,,9,1,,,,2,0x0000008480,4,,,,0,,0
251,0x1837e00000008680,3,ECI_CMD_MRSP_VICDHI,33097034611,0x0000008680,,,,15,,13,1,,,,2,0x0000008680,4,,,,0,,0
252,0x182fe00000008580,3,ECI_CMD_MRSP_VICDHI,33097034615,0x0000008580,,,,15,,11,1,,,,2,0x0000008580,4,,,,0,,0
253,0x2843f00000008680,5,ECI_CMD_MREQ_RLDX,33097035582,0x0000008680,,,,15,,,1,,,16,0,0x0000008680,6,,,0,4,0,
254,0x2804300000008180,5,ECI_CMD_MREQ_RLDX,33097035584,0x0000008180,,,,0,,,1,,,1,0,0x0000008180,6,,,0,4,0,
255,0x2804300000008280,5,ECI_CMD_MREQ_RLDX,33097035586,0x0000008280,,,,0,,,1,,,1,0,0x0000008280,6,,,0,4,0,
256,0x2804300000008380,5,ECI_CMD_MREQ_RLDX,33097035588,0x0000008380,,,,0,,,1,,,1,0,0x0000008380,6,,,0,4,0,
257,0x2840300000008480,5,ECI_CMD_MREQ_RLDX,33097035590,0x0000008480,,,,0,,,1,,,16,0,0x0000008480,6,,,0,4,0,
258,0x2840300000008580,5,ECI_CMD_MREQ_RLDX,33097035592,0x0000008580,,,,0,,,1,,,16,0,0x0000008580,6,,,0,4,0,
259,0x5043c00000008680,10,ECI_CMD_MRSP_PEMD,33097035662,,269,269,0,15,0,,,0,,16,4,,4,0,0,,0,,0
260,0x5007c00000008180,10,ECI_CMD_MRSP_PEMD,33097035684,,259,259,0,15,0,,,0,,1,4,,4,0,0,,0,,0
261,0x5007c00000008280,10,ECI_CMD_MRSP_PEMD,33097035706,,261,261,0,15,0,,,0,,1,4,,4,0,0,,0,,0
262,0x5007c00000008380,10,ECI_CMD_MRSP_PEMD,33097035728,,263,263,0,15,0,,,0,,1,4,,4,0,0,,0,,0
263,0x5043c00000008480,10,ECI_CMD_MRSP_PEMD,33097035750,,265,265,0,15,0,,,0,,16,4,,4,0,0,,0,,0
264,0x5043c00000008580,10,ECI_CMD_MRSP_PEMD,33097035772,,267,267,0,15,0,,,0,,16,4,,4,0,0,,0,,0
265,0x0007e00000008080,0,ECI_CMD_MREQ_RLDD,33097035854,0x0000008080,,,,15,,,1,,,1,0,0x0000008080,6,,,0,0,0,
266,0x580fe40000008180,11,ECI_CMD_MFWD_FEVX_EH,33097036130,0x0000008180,,,,15,,3,1,,1,,5,0x0000008180,8,0,,0,0,,
267,0x5817e40000008280,11,ECI_CMD_MFWD_FEVX_EH,33097036132,0x0000008280,,,,15,,5,1,,1,,5,0x0000008280,8,0,,0,0,,
268,0x581fe40000008380,11,ECI_CMD_MFWD_FEVX_EH,33097036134,0x0000008380,,,,15,,7,1,,1,,5,0x0000008380,8,0,,0,0,,
269,0x5827e40000008480,11,ECI_CMD_MFWD_FEVX_EH,33097036136,0x0000008480,,,,15,,9,1,,1,,5,0x0000008480,8,0,,0,0,,
270,0x582fe40000008580,11,ECI_CMD_MFWD_FEVX_EH,33097036138,0x0000008580,,,,15,,11,1,,1,,5,0x0000008580,8,0,,0,0,,
271,0x5837e40000008680,11,ECI_CMD_MFWD_FEVX_EH,33097036140,0x0000008680,,,,15,,13,1,,1,,5,0x0000008680,8,0,,0,0,,
272,0x180fe00000008180,3,ECI_CMD_MRSP_VICDHI,33097036206,0x0000008180,,,,15,,3,1,,,,2,0x0000008180,4,,,,0,,0
273,0x1817e00000008280,3,ECI_CMD_MRSP_VICDHI,33097036210,0x0000008280,,,,15,,5,1,,,,2,0x0000008280,4,,,,0,,0
274,0x181fe00000008380,3,ECI_CMD_MRSP_VICDHI,33097036214,0x0000008380,,,,15,,7,1,,,,2,0x0000008380,4,,,,0,,0
275,0x1827e00000008480,3,ECI_CMD_MRSP_VICDHI,33097036218,0x0000008480,,,,15,,9,1,,,,2,0x0000008480,4,,,,0,,0
276,0x182fe00000008580,3,ECI_CMD_MRSP_VICDHI,33097036222,0x0000008580,,,,15,,11,1,,,,2,0x0000008580,4,,,,0,,0
277,0x1837e00000008680,3,ECI_CMD_MRSP_VICDHI,33097036226,0x0000008680,,,,15,,13,1,,,,2,0x0000008680,4,,,,0,,0
278,0x4807c00000008080,9,ECI_CMD_MRSP_PSHA,33097036487,,257,257,0,15,0,,,0,,1,4,,4,0,0,,0,,0
279,0x3803e00000008080,7,ECI_CMD_MREQ_RC2D_S,33097036920,0x0000008080,,,,15,,,1,,,0,0,0x0000008080,6,,,0,0,0,
280,0x2843f00000008680,5,ECI_CMD_MREQ_RLDX,33097036934,0x0000008680,,,,15,,,1,,,16,0,0x0000008680,6,,,0,4,0,
281,0x2800300000008380,5,ECI_CMD_MREQ_RLDX,33097036936,0x0000008380,,,,0,,,1,,,0,0,0x0000008380,6,,,0,4,0,
282,0x2804300000008180,5,ECI_CMD_MREQ_RLDX,33097036938,0x0000008180,,,,0,,,1,,,1,0,0x0000008180,6,,,0,4,0,
283,0x2840300000008580,5,ECI_CMD_MREQ_RLDX,33097036940,0x0000008580,,,,0,,,1,,,16,0,0x0000008580,6,,,0,4,0,
284,0x2800300000008280,5,ECI_CMD_MREQ_RLDX,33097036942,0x0000008280,,,,0,,,1,,,0,0,0x0000008280,6,,,0,4,0,
285,0x2844300000008480,5,ECI_CMD_MREQ_RLDX,33097036944,0x0000008480,,,,0,,,1,,,17,0,0x0000008480,6,,,0,4,0,
286,0x5000000000008080,10,ECI_CMD_MRSP_PEMD,33097036946,,257,257,0,0,0,,,0,,0,3,,10,0,0,,0,,0
287,0x5043c00000008680,10,ECI_CMD_MRSP_PEMD,33097037025,,269,269,0,15,0,,,0,,16,4,,4,0,0,,0,,0
288,0x5003c00000008380,10,ECI_CMD_MRSP_PEMD,33097037047,,263,263,0,15,0,,,0,,0,4,,4,0,0,,0,,0
289,0x5007c00000008180,10,ECI_CMD_MRSP_PEMD,33097037069,,259,259,0,15,0,,,0,,1,4,,4,0,0,,0,,0
290,0x5043c00000008580,10,ECI_CMD_MRSP_PEMD,33097037091,,267,267,0,15,0,,,0,,16,4,,4,0,0,,0,,0
291,0x5003c00000008280,10,ECI_CMD_MRSP_PEMD,33097037113,,261,261,0,15,0,,,0,,0,4,,4,0,0,,0,,0
292,0x5047c00000008480,10,ECI_CMD_MRSP_PEMD,33097037135,,265,265,0,15,0,,,0,,17,4,,4,0,0,,0,,0
293,0x5807e40000008080,11,ECI_CMD_MFWD_FEVX_EH,33097037279,0x0000008080,,,,15,,1,1,,1,,5,0x0000008080,8,0,,0,0,,
294,0x1807e00000008080,3,ECI_CMD_MRSP_VICDHI,33097037356,0x0000008080,,,,15,,1,1,,,,2,0x0000008080,4,,,,0,,0
295,0x580fe40000008180,11,ECI_CMD_MFWD_FEVX_EH,33097037481,0x0000008180,,,,15,,3,1,,1,,5,0x0000008180,8,0,,0,0,,
296,0x5817e40000008280,11,ECI_CMD_MFWD_FEVX_EH,33097037483,0x0000008280,,,,15,,5,1,,1,,5,0x0000008280,8,0,,0,0,,
297,0x581fe40000008380,11,ECI_CMD_MFWD_FEVX_EH,33097037485,0x0000008380,,,,15,,7,1,,1,,5,0x0000008380,8,0,,0,0,,
298,0x5827e40000008480,11,ECI_CMD_MFWD_FEVX_EH,33097037487,0x0000008480,,,,15,,9,1,,1,,5,0x0000008480,8,0,,0,0,,
299,0x582fe40000008580,11,ECI_CMD_MFWD_FEVX_EH,33097037489,0x0000008580,,,,15,,11,1,,1,,5,0x0000008580,8,0,,0,0,,
300,0x5837e40000008680,11,ECI_CMD_MFWD_FEVX_EH,33097037491,0x0000008680,,,,15,,13,1,,1,,5,0x0000008680,8,0,,0,0,,
301,0x180fe00000008180,3,ECI_CMD_MRSP_VICDHI,33097037558,0x0000008180,,,,15,,3,1,,,,2,0x0000008180,4,,,,0,,0
302,0x1817e00000008280,3,ECI_CMD_MRSP_VICDHI,33097037562,0x0000008280,,,,15,,5,1,,,,2,0x0000008280,4,,,,0,,0
303,0x181fe00000008380,3,ECI_CMD_MRSP_VICDHI,33097037566,0x0000008380,,,,15,,7,1,,,,2,0x0000008380,4,,,,0,,0
304,0x1827e00000008480,3,ECI_CMD_MRSP_VICDHI,33097037570,0x0000008480,,,,15,,9,1,,,,2,0x0000008480,4,,,,0,,0
305,0x182fe00000008580,3,ECI_CMD_MRSP_VICDHI,33097037574,0x0000008580,,,,15,,11,1,,,,2,0x0000008580,4,,,,0,,0
306,0x1837e00000008680,3,ECI_CMD_MRSP_VICDHI,33097037578,0x0000008680,,,,15,,13,1,,,,2,0x0000008680,4,,,,0,,0
307,0x2843f00000008680,5,ECI_CMD_MREQ_RLDX,33097038277,0x0000008680,,,,15,,,1,,,16,0,0x0000008680,6,,,0,4,0,
308,0x2804300000008180,5,ECI_CMD_MREQ_RLDX,33097038279,0x0000008180,,,,0,,,1,,,1,0,0x0000008180,6,,,0,4,0,
309,0x2804300000008280,5,ECI_CMD_MREQ_RLDX,33097038281,0x0000008280,,,,0,,,1,,,1,0,0x0000008280,6,,,0,4,0,
310,0x2804300000008380,5,ECI_CMD_MREQ_RLDX,33097038283,0x0000008380,,,,0,,,1,,,1,0,0x0000008380,6,,,0,4,0,
311,0x2844300000008480,5,ECI_CMD_MREQ_RLDX,33097038285,0x0000008480,,,,0,,,1,,,17,0,0x0000008480,6,,,0,4,0,
312,0x2840300000008580,5,ECI_CMD_MREQ_RLDX,33097038287,0x0000008580,,,,0,,,1,,,16,0,0x0000008580,6,,,0,4,0,
313,0x5043c00000008680,10,ECI_CMD_MRSP_PEMD,33097038357,,269,269,0,15,0,,,0,,16,4,,4,0,0,,0,,0
314,0x5007c00000008180,10,ECI_CMD_MRSP_PEMD,33097038379,,259,259,0,15,0,,,0,,1,4,,4,0,0,,0,,0
315,0x5007c00000008280,10,ECI_CMD_MRSP_PEMD,33097038401,,261,261,0,15,0,,,0,,1,4,,4,0,0,,0,,0
316,0x5007c00000008380,10,ECI_CMD_MRSP_PEMD,33097038423,,263,263,0,15,0,,,0,,1,4,,4,0,0,,0,,0
317,0x5047c00000008480,10,ECI_CMD_MRSP_PEMD,33097038445,,265,265,0,15,0,,,0,,17,4,,4,0,0,,0,,0
318,0x5043c00000008580,10,ECI_CMD_MRSP_PEMD,33097038467,,267,267,0,15,0,,,0,,16,4,,4,0,0,,0,,0
319,0x0003e00000008080,0,ECI_CMD_MREQ_RLDD,33097038548,0x0000008080,,,,15,,,1,,,0,0,0x0000008080,6,,,0,0,0,
320,0x580fe40000008180,11,ECI_CMD_MFWD_FEVX_EH,33097038824,0x0000008180,,,,15,,3,1,,1,,5,0x0000008180,8,0,,0,0,,
321,0x5817e40000008280,11,ECI_CMD_MFWD_FEVX_EH,33097038826,0x0000008280,,,,15,,5,1,,1,,5,0x0000008280,8,0,,0,0,,
322,0x581fe40000008380,11,ECI_CMD_MFWD_FEVX_EH,33097038828,0x0000008380,,,,15,,7,1,,1,,5,0x0000008380,8,0,,0,0,,
323,0x5827e40000008480,11,ECI_CMD_MFWD_FEVX_EH,33097038830,0x0000008480,,,,15,,9,1,,1,,5,0x0000008480,8,0,,0,0,,
324,0x582fe40000008580,11,ECI_CMD_MFWD_FEVX_EH,33097038832,0x0000008580,,,,15,,11,1,,1,,5,0x0000008580,8,0,,0,0,,
325,0x5837e40000008680,11,ECI_CMD_MFWD_FEVX_EH,33097038834,0x0000008680,,,,15,,13,1,,1,,5,0x0000008680,8,0,,0,0,,
326,0x180fe00000008180,3,ECI_CMD_MRSP_VICDHI,33097038899,0x0000008180,,,,15,,3,1,,,,2,0x0000008180,4,,,,0,,0
327,0x1817e00000008280,3,ECI_CMD_MRSP_VICDHI,33097038903,0x0000008280,,,,15,,5,1,,,,2,0x0000008280,4,,,,0,,0
328,0x181fe00000008380,3,ECI_CMD_MRSP_VICDHI,33097038907,0x0000008380,,,,15,,7,1,,,,2,0x0000008380,4,,,,0,,0
329,0x1827e00000008480,3,ECI_CMD_MRSP_VICDHI,33097038911,0x0000008480,,,,15,,9,1,,,,2,0x0000008480,4,,,,0,,0
330,0x182fe00000008580,3,ECI_CMD_MRSP_VICDHI,33097038915,0x0000008580,,,,15,,11,1,,,,2,0x0000008580,4,,,,0,,0
331,0x1837e00000008680,3,ECI_CMD_MRSP_VICDHI,33097038919,0x0000008680,,,,15,,13,1,,,,2,0x0000008680,4,,,,0,,0
332,0x4803c00000008080,9,ECI_CMD_MRSP_PSHA,33097039180,,257,257,0,15,0,,,0,,0,4,,4,0,0,,0,,0
333,0x7007e40000000080,14,ECI_CMD_MFWD_SINV_H,33097039470,0x0000000080,,,,15,,1,1,,1,,5,0x0000000080,8,0,,0,0,,
334,0x2004200000000080,4,ECI_CMD_MRSP_HAKD,33097039536,0x0000000080,,,,0,,1,1,,,,1,0x0000000080,10,,,,0,,0
335,0x3803e00000008080,7,ECI_CMD_MREQ_RC2D_S,33097039902,0x0000008080,,,,15,,,1,,,0,0,0x0000008080,6,,,0,0,0,
336,0x2843f00000008680,5,ECI_CMD_MREQ_RLDX,33097039915,0x0000008680,,,,15,,,1,,,16,0,0x0000008680,6,,,0,4,0,
337,0x2800300000008180,5,ECI_CMD_MREQ_RLDX,33097039917,0x0000008180,,,,0,,,1,,,0,0,0x0000008180,6,,,0,4,0,
338,0x2800300000008280,5,ECI_CMD_MREQ_RLDX,33097039919,0x0000008280,,,,0,,,1,,,0,0,0x0000008280,6,,,0,4,0,
339,0x2800300000008380,5,ECI_CMD_MREQ_RLDX,33097039921,0x0000008380,,,,0,,,1,,,0,0,0x0000008380,6,,,0,4,0,
340,0x2844300000008480,5,ECI_CMD_MREQ_RLDX,33097039923,0x0000008480,,,,0,,,1,,,17,0,0x0000008480,6,,,0,4,0,
341,0x2840300000008580,5,ECI_CMD_MREQ_RLDX,33097039925,0x0000008580,,,,0,,,1,,,16,0,0x0000008580,6,,,0,4,0,
342,0x5000000000008080,10,ECI_CMD_MRSP_PEMD,33097039927,,257,257,0,0,0,,,0,,0,3,,10,0,0,,0,,0
343,0x5043c00000008680,10,ECI_CMD_MRSP_PEMD,33097040006,,269,269,0,15,0,,,0,,16,4,,4,0,0,,0,,0
344,0x5003c00000008180,10,ECI_CMD_MRSP_PEMD,33097040028,,259,259,0,15,0,,,0,,0,4,,4,0,0,,0,,0
345,0x5003c00000008280,10,ECI_CMD_MRSP_PEMD,33097040050,,261,261,0,15,0,,,0,,0,4,,4,0,0,,0,,0
346,0x5003c00000008380,10,ECI_CMD_MRSP_PEMD,33097040072,,263,263,0,15,0,,,0,,0,4,,4,0,0,,0,,0
347,0x5047c00000008480,10,ECI_CMD_MRSP_PEMD,33097040094,,265,265,0,15,0,,,0,,17,4,,4,0,0,,0,,0
348,0x5043c00000008580,10,ECI_CMD_MRSP_PEMD,33097040116,,267,267,0,15,0,,,0,,16,4,,4,0,0,,0,,0
349,0x5807e40000008080,11,ECI_CMD_MFWD_FEVX_EH,33097040264,0x0000008080,,,,15,,1,1,,1,,5,0x0000008080,8,0,,0,0,,
350,0x1807e00000008080,3,ECI_CMD_MRSP_VICDHI,33097040340,0x0000008080,,,,15,,1,1,,,,2,0x0000008080,4,,,,0,,0
351,0x580fe40000008180,11,ECI_CMD_MFWD_FEVX_EH,33097040465,0x0000008180,,,,15,,3,1,,1,,5,0x0000008180,8,0,,0,0,,
352,0x5817e40000008280,11,ECI_CMD_MFWD_FEVX_EH,33097040467,0x0000008280,,,,15,,5,1,,1,,5,0x0000008280,8,0,,0,0,,
353,0x581fe40000008380,11,ECI_CMD_MFWD_FEVX_EH,33097040469,0x0000008380,,,,15,,7,1,,1,,5,0x0000008380,8,0,,0,0,,
354,0x5827e40000008480,11,ECI_CMD_MFWD_FEVX_EH,33097040471,0x0000008480,,,,15,,9,1,,1,,5,0x0000008480,8,0,,0,0,,
355,0x582fe40000008580,11,ECI_CMD_MFWD_FEVX_EH,33097040473,0x0000008580,,,,15,,11,1,,1,,5,0x0000008580,8,0,,0,0,,
356,0x5837e40000008680,11,ECI_CMD_MFWD_FEVX_EH,33097040475,0x0000008680,,,,15,,13,1,,1,,5,0x0000008680,8,0,,0,0,,
357,0x180fe00000008180,3,ECI_CMD_MRSP_VICDHI,33097040540,0x0000008180,,,,15,,3,1,,,,2,0x0000008180,4,,,,0,,0
358,0x1817e00000008280,3,ECI_CMD_MRSP_VICDHI,33097040544,0x0000008280,,,,15,,5,1,,,,2,0x0000008280,4,,,,0,,0
359,0x181fe00000008380,3,ECI_CMD_MRSP_VICDHI,33097040548,0x0000008380,,,,15,,7,1,,,,2,0x0000008380,4,,,,0,,0
360,0x1827e00000008480,3,ECI_CMD_MRSP_VICDHI,33097040552,0x0000008480,,,,15,,9,1,,,,2,0x0000008480,4,,,,0,,0
361,0x182fe00000008580,3,ECI_CMD_MRSP_VICDHI,33097040556,0x0000008580,,,,15,,11,1,,,,2,0x0000008580,4,,,,0,,0
362,0x1837e00000008680,3,ECI_CMD_MRSP_VICDHI,33097040560,0x0000008680,,,,15,,13,1,,,,2,0x0000008680,4,,,,0,,0
363,0x0003e00000000080,0,ECI_CMD_MREQ_RLDD,33097040923,0x0000000080,,,,15,,,1,,,0,0,0x0000000080,6,,,0,0,0,
364,0x4803c00000000080,9,ECI_CMD_MRSP_PSHA,33097041185,,1,1,0,15,0,,,0,,0,4,,4,0,0,,0,,0
365,0x2843f00000008680,5,ECI_CMD_MREQ_RLDX,33097041468,0x0000008680,,,,15,,,1,,,16,0,0x0000008680,6,,,0,4,0,
366,0x2800300000008180,5,ECI_CMD_MREQ_RLDX,33097041470,0x0000008180,,,,0,,,1,,,0,0,0x0000008180,6,,,0,4,0,
367,0x2804300000008380,5,ECI_CMD_MREQ_RLDX,33097041472,0x0000008380,,,,0,,,1,,,1,0,0x0000008380,6,,,0,4,0,
368,0x2804300000008280,5,ECI_CMD_MREQ_RLDX,33097041474,0x0000008280,,,,0,,,1,,,1,0,0x0000008280,6,,,0,4,0,
369,0x2840300000008580,5,ECI_CMD_MREQ_RLDX,33097041476,0x0000008580,,,,0,,,1,,,16,0,0x0000008580,6,,,0,4,0,
370,0x2840300000008480,5,ECI_CMD_MREQ_RLDX,33097041478,0x0000008480,,,,0,,,1,,,16,0,0x0000008480,6,,,0,4,0,
371,0x5043c00000008680,10,ECI_CMD_MRSP_PEMD,33097041548,,269,269,0,15,0,,,0,,16,4,,4,0,0,,0,,0
372,0x5003c00000008180,10,ECI_CMD_MRSP_PEMD,33097041570,,259,259,0,15,0,,,0,,0,4,,4,0,0,,0,,0
373,0x5007c00000008380,10,ECI_CMD_MRSP_PEMD,33097041592,,263,263,0,15,0,,,0,,1,4,,4,0,0,,0,,0
374,0x5007c00000008280,10,ECI_CMD_MRSP_PEMD,33097041614,,261,261,0,15,0,,,0,,1,4,,4,0,0,,0,,0
375,0x5043c00000008580,10,ECI_CMD_MRSP_PEMD,33097041636,,267,267,0,15,0,,,0,,16,4,,4,0,0,,0,,0
376,0x5043c00000008480,10,ECI_CMD_MRSP_PEMD,33097041658,,265,265,0,15,0,,,0,,16,4,,4,0,0,,0,,0
377,0x0003e00000008080,0,ECI_CMD_MREQ_RLDD,33097041739,0x0000008080,,,,15,,,1,,,0,0,0x0000008080,6,,,0,0,0,
378,0x580fe40000008180,11,ECI_CMD_MFWD_FEVX_EH,33097042014,0x0000008180,,,,15,,3,1,,1,,5,0x0000008180,8,0,,0,0,,
379,0x5817e40000008280,11,ECI_CMD_MFWD_FEVX_EH,33097042016,0x0000008280,,,,15,,5,1,,1,,5,0x0000008280,8,0,,0,0,,
380,0x581fe40000008380,11,ECI_CMD_MFWD_FEVX_EH,33097042018,0x0000008380,,,,15,,7,1,,1,,5,0x0000008380,8,0,,0,0,,
381,0x5827e40000008480,11,ECI_CMD_MFWD_FEVX_EH,33097042020,0x0000008480,,,,15,,9,1,,1,,5,0x0000008480,8,0,,0,0,,
382,0x582fe40000008580,11,ECI_CMD_MFWD_FEVX_EH,33097042022,0x0000008580,,,,15,,11,1,,1,,5,0x0000008580,8,0,,0,0,,
383,0x5837e40000008680,11,ECI_CMD_MFWD_FEVX_EH,33097042024,0x0000008680,,,,15,,13,1,,1,,5,0x0000008680,8,0,,0,0,,
384,0x180fe00000008180,3,ECI_CMD_MRSP_VICDHI,33097042089,0x0000008180,,,,15,,3,1,,,,2,0x0000008180,4,,,,0,,0
385,0x1817e00000008280,3,ECI_CMD_MRSP_VICDHI,33097042093,0x0000008280,,,,15,,5,1,,,,2,0x0000008280,4,,,,0,,0
386,0x181fe00000008380,3,ECI_CMD_MRSP_VICDHI,33097042097,0x0000008380,,,,15,,7,1,,,,2,0x0000008380,4,,,,0,,0
387,0x1827e00000008480,3,ECI_CMD_MRSP_VICDHI,33097042101,0x0000008480,,,,15,,9,1,,,,2,0x0000008480,4,,,,0,,0
388,0x182fe00000008580,3,ECI_CMD_MRSP_VICDHI,33097042105,0x0000008580,,,,15,,11,1,,,,2,0x0000008580,4,,,,0,,0
389,0x1837e00000008680,3,ECI_CMD_MRSP_VICDHI,33097042109,0x0000008680,,,,15,,13,1,,,,2,0x0000008680,4,,,,0,,0
390,0x4803c00000008080,9,ECI_CMD_MRSP_PSHA,33097042370,,257,257,0,15,0,,,0,,0,4,,4,0,0,,0,,0
391,0x3807e00000008080,7,ECI_CMD_MREQ_RC2D_S,33097042799,0x0000008080,,,,15,,,1,,,1,0,0x0000008080,6,,,0,0,0,
392,0x2847f00000008680,5,ECI_CMD_MREQ_RLDX,33097042813,0x0000008680,,,,15,,,1,,,17,0,0x0000008680,6,,,0,4,0,
393,0x2800300000008380,5,ECI_CMD_MREQ_RLDX,33097042815,0x0000008380,,,,0,,,1,,,0,0,0x0000008380,6,,,0,4,0,
394,0x2800300000008180,5,ECI_CMD_MREQ_RLDX,33097042817,0x0000008180,,,,0,,,1,,,0,0,0x0000008180,6,,,0,4,0,
395,0x2844300000008580,5,ECI_CMD_MREQ_RLDX,33097042819,0x0000008580,,,,0,,,1,,,17,0,0x0000008580,6,,,0,4,0,
396,0x2804300000008280,5,ECI_CMD_MREQ_RLDX,33097042821,0x0000008280,,,,0,,,1,,,1,0,0x0000008280,6,,,0,4,0,
397,0x2844300000008480,5,ECI_CMD_MREQ_RLDX,33097042823,0x0000008480,,,,0,,,1,,,17,0,0x0000008480,6,,,0,4,0,
398,0x5004000000008080,10,ECI_CMD_MRSP_PEMD,33097042825,,257,257,0,0,0,,,0,,1,3,,10,0,0,,0,,0
399,0x5047c00000008680,10,ECI_CMD_MRSP_PEMD,33097042904,,269,269,0,15,0,,,0,,17,4,,4,0,0,,0,,0
400,0x5003c00000008380,10,ECI_CMD_MRSP_PEMD,33097042926,,263,263,0,15,0,,,0,,0,4,,4,0,0,,0,,0
401,0x5003c00000008180,10,ECI_CMD_MRSP_PEMD,33097042948,,259,259,0,15,0,,,0,,0,4,,4,0,0,,0,,0
402,0x5047c00000008580,10,ECI_CMD_MRSP_PEMD,33097042970,,267,267,0,15,0,,,0,,17,4,,4,0,0,,0,,0
403,0x5007c00000008280,10,ECI_CMD_MRSP_PEMD,33097042992,,261,261,0,15,0,,,0,,1,4,,4,0,0,,0,,0
404,0x5047c00000008480,10,ECI_CMD_MRSP_PEMD,33097043014,,265,265,0,15,0,,,0,,17,4,,4,0,0,,0,,0
405,0x5807e40000008080,11,ECI_CMD_MFWD_FEVX_EH,33097043159,0x0000008080,,,,15,,1,1,,1,,5,0x0000008080,8,0,,0,0,,
406,0x1807e00000008080,3,ECI_CMD_MRSP_VICDHI,33097043237,0x0000008080,,,,15,,1,1,,,,2,0x0000008080,4,,,,0,,0
407,0x580fe40000008180,11,ECI_CMD_MFWD_FEVX_EH,33097043362,0x0000008180,,,,15,,3,1,,1,,5,0x0000008180,8,0,,0,0,,
408,0x5817e40000008280,11,ECI_CMD_MFWD_FEVX_EH,33097043364,0x0000008280,,,,15,,5,1,,1,,5,0x0000008280,8,0,,0,0,,
409,0x581fe40000008380,11,ECI_CMD_MFWD_FEVX_EH,33097043366,0x0000008380,,,,15,,7,1,,1,,5,0x0000008380,8,0,,0,0,,
410,0x5827e40000008480,11,ECI_CMD_MFWD_FEVX_EH,33097043368,0x0000008480,,,,15,,9,1,,1,,5,0x0000008480,8,0,,0,0,,
411,0x582fe40000008580,11,ECI_CMD_MFWD_FEVX_EH,33097043370,0x0000008580,,,,15,,11,1,,1,,5,0x0000008580,8,0,,0,0,,
412,0x5837e40000008680,11,ECI_CMD_MFWD_FEVX_EH,33097043372,0x0000008680,,,,15,,13,1,,1,,5,0x0000008680,8,0,,0,0,,
413,0x180fe00000008180,3,ECI_CMD_MRSP_VICDHI,33097043438,0x0000008180,,,,15,,3,1,,,,2,0x0000008180,4,,,,0,,0
414,0x1817e00000008280,3,ECI_CMD_MRSP_VICDHI,33097043442,0x0000008280,,,,15,,5,1,,,,2,0x0000008280,4,,,,0,,0
415,0x181fe00000008380,3,ECI_CMD_MRSP_VICDHI,33097043446,0x0000008380,,,,15,,7,1,,,,2,0x0000008380,4,,,,0,,0
416,0x1827e00000008480,3,ECI_CMD_MRSP_VICDHI,33097043450,0x0000008480,,,,15,,9,1,,,,2,0x0000008480,4,,,,0,,0
417,0x182fe00000008580,3,ECI_CMD_MRSP_VICDHI,33097043454,0x0000008580,,,,15,,11,1,,,,2,0x0000008580,4,,,,0,,0
418,0x1837e00000008680,3,ECI_CMD_MRSP_VICDHI,33097043458,0x0000008680,,,,15,,13,1,,,,2,0x0000008680,4,,,,0,,0
419,0x2847f00000008680,5,ECI_CMD_MREQ_RLDX,33097044156,0x0000008680,,,,15,,,1,,,17,0,0x0000008680,6,,,0,4,0,
420,0x2804300000008180,5,ECI_CMD_MREQ_RLDX,33097044158,0x0000008180,,,,0,,,1,,,1,0,0x0000008180,6,,,0,4,0,
421,0x2804300000008280,5,ECI_CMD_MREQ_RLDX,33097044160,0x0000008280,,,,0,,,1,,,1,0,0x0000008280,6,,,0,4,0,
422,0x2804300000008380,5,ECI_CMD_MREQ_RLDX,33097044162,0x0000008380,,,,0,,,1,,,1,0,0x0000008380,6,,,0,4,0,
423,0x2840300000008480,5,ECI_CMD_MREQ_RLDX,33097044164,0x0000008480,,,,0,,,1,,,16,0,0x0000008480,6,,,0,4,0,
424,0x2840300000008580,5,ECI_CMD_MREQ_RLDX,33097044166,0x0000008580,,,,0,,,1,,,16,0,0x0000008580,6,,,0,4,0,
425,0x5047c00000008680,10,ECI_CMD_MRSP_PEMD,33097044236,,269,269,0,15,0,,,0,,17,4,,4,0,0,,0,,0
426,0x5007c00000008180,10,ECI_CMD_MRSP_PEMD,33097044258,,259,259,0,15,0,,,0,,1,4,,4,0,0,,0,,0
427,0x5007c00000008280,10,ECI_CMD_MRSP_PEMD,33097044280,,261,261,0,15,0,,,0,,1,4,,4,0,0,,0,,0
428,0x5007c00000008380,10,ECI_CMD_MRSP_PEMD,33097044302,,263,263,0,15,0,,,0,,1,4,,4,0,0,,0,,0
429,0x5043c00000008480,10,ECI_CMD_MRSP_PEMD,33097044324,,265,265,0,15,0,,,0,,16,4,,4,0,0,,0,,0
430,0x5043c00000008580,10,ECI_CMD_MRSP_PEMD,33097044346,,267,267,0,15,0,,,0,,16,4,,4,0,0,,0,,0
431,0x0003e00000008080,0,ECI_CMD_MREQ_RLDD,33097044432,0x0000008080,,,,15,,,1,,,0,0,0x0000008080,6,,,0,0,0,
432,0x580fe40000008180,11,ECI_CMD_MFWD_FEVX_EH,33097044707,0x0000008180,,,,15,,3,1,,1,,5,0x0000008180,8,0,,0,0,,
433,0x5817e40000008280,11,ECI_CMD_MFWD_FEVX_EH,33097044709,0x0000008280,,,,15,,5,1,,1,,5,0x0000008280,8,0,,0,0,,
434,0x581fe40000008380,11,ECI_CMD_MFWD_FEVX_EH,33097044711,0x0000008380,,,,15,,7,1,,1,,5,0x0000008380,8,0,,0,0,,
435,0x5827e40000008480,11,ECI_CMD_MFWD_FEVX_EH,33097044713,0x0000008480,,,,15,,9,1,,1,,5,0x0000008480,8,0,,0,0,,
436,0x582fe40000008580,11,ECI_CMD_MFWD_FEVX_EH,33097044715,0x0000008580,,,,15,,11,1,,1,,5,0x0000008580,8,0,,0,0,,
437,0x5837e40000008680,11,ECI_CMD_MFWD_FEVX_EH,33097044717,0x0000008680,,,,15,,13,1,,1,,5,0x0000008680,8,0,,0,0,,
438,0x180fe00000008180,3,ECI_CMD_MRSP_VICDHI,33097044781,0x0000008180,,,,15,,3,1,,,,2,0x0000008180,4,,,,0,,0
439,0x1817e00000008280,3,ECI_CMD_MRSP_VICDHI,33097044785,0x0000008280,,,,15,,5,1,,,,2,0x0000008280,4,,,,0,,0
440,0x181fe00000008380,3,ECI_CMD_MRSP_VICDHI,33097044789,0x0000008380,,,,15,,7,1,,,,2,0x0000008380,4,,,,0,,0
441,0x1827e00000008480,3,ECI_CMD_MRSP_VICDHI,33097044793,0x0000008480,,,,15,,9,1,,,,2,0x0000008480,4,,,,0,,0
442,0x182fe00000008580,3,ECI_CMD_MRSP_VICDHI,33097044797,0x0000008580,,,,15,,11,1,,,,2,0x0000008580,4,,,,0,,0
443,0x1837e00000008680,3,ECI_CMD_MRSP_VICDHI,33097044801,0x0000008680,,,,15,,13,1,,,,2,0x0000008680,4,,,,0,,0
444,0x4803c00000008080,9,ECI_CMD_MRSP_PSHA,33097045062,,257,257,0,15,0,,,0,,0,4,,4,0,0,,0,,0
445,0x7007e40000000080,14,ECI_CMD_MFWD_SINV_H,33097045238,0x0000000080,,,,15,,1,1,,1,,5,0x0000000080,8,0,,0,0,,
446,0x2004200000000080,4,ECI_CMD_MRSP_HAKD,33097045305,0x0000000080,,,,0,,1,1,,,,1,0x0000000080,10,,,,0,,0
447,0x3803e00000008080,7,ECI_CMD_MREQ_RC2D_S,33097045671,0x0000008080,,,,15,,,1,,,0,0,0x0000008080,6,,,0,0,0,
448,0x2847f00000008680,5,ECI_CMD_MREQ_RLDX,33097045683,0x0000008680,,,,15,,,1,,,17,0,0x0000008680,6,,,0,4,0,
449,0x2804300000008180,5,ECI_CMD_MREQ_RLDX,33097045685,0x0000008180,,,,0,,,1,,,1,0,0x0000008180,6,,,0,4,0,
450,0x2800300000008380,5,ECI_CMD_MREQ_RLDX,33097045687,0x0000008380,,,,0,,,1,,,0,0,0x0000008380,6,,,0,4,0,
451,0x2804300000008280,5,ECI_CMD_MREQ_RLDX,33097045689,0x0000008280,,,,0,,,1,,,1,0,0x0000008280,6,,,0,4,0,
452,0x2844300000008580,5,ECI_CMD_MREQ_RLDX,33097045691,0x0000008580,,,,0,,,1,,,17,0,0x0000008580,6,,,0,4,0,
453,0x2840300000008480,5,ECI_CMD_MREQ_RLDX,33097045693,0x0000008480,,,,0,,,1,,,16,0,0x0000008480,6,,,0,4,0,
454,0x5000000000008080,10,ECI_CMD_MRSP_PEMD,33097045695,,257,257,0,0,0,,,0,,0,3,,10,0,0,,0,,0
455,0x5047c00000008680,10,ECI_CMD_MRSP_PEMD,33097045774,,269,269,0,15,0,,,0,,17,4,,4,0,0,,0,,0
456,0x5007c00000008180,10,ECI_CMD_MRSP_PEMD,33097045796,,259,259,0,15,0,,,0,,1,4,,4,0,0,,0,,0
457,0x5003c00000008380,10,ECI_CMD_MRSP_PEMD,33097045818,,263,263,0,15,0,,,0,,0,4,,4,0,0,,0,,0
458,0x5007c00000008280,10,ECI_CMD_MRSP_PEMD,33097045840,,261,261,0,15,0,,,0,,1,4,,4,0,0,,0,,0
459,0x5047c00000008580,10,ECI_CMD_MRSP_PEMD,33097045862,,267,267,0,15,0,,,0,,17,4,,4,0,0,,0,,0
460,0x5043c00000008480,10,ECI_CMD_MRSP_PEMD,33097045884,,265,265,0,15,0,,,0,,16,4,,4,0,0,,0,,0
461,0x5807e40000008080,11,ECI_CMD_MFWD_FEVX_EH,33097046032,0x0000008080,,,,15,,1,1,,1,,5,0x0000008080,8,0,,0,0,,
462,0x1807e00000008080,3,ECI_CMD_MRSP_VICDHI,33097046108,0x0000008080,,,,15,,1,1,,,,2,0x0000008080,4,,,,0,,0
463,0x580fe40000008180,11,ECI_CMD_MFWD_FEVX_EH,33097046233,0x0000008180,,,,15,,3,1,,1,,5,0x0000008180,8,0,,0,0,,
464,0x5817e40000008280,11,ECI_CMD_MFWD_FEVX_EH,33097046235,0x0000008280,,,,15,,5,1,,1,,5,0x0000008280,8,0,,0,0,,
465,0x581fe40000008380,11,ECI_CMD_MFWD_FEVX_EH,33097046237,0x0000008380,,,,15,,7,1,,1,,5,0x0000008380,8,0,,0,0,,
466,0x5827e40000008480,11,ECI_CMD_MFWD_FEVX_EH,33097046239,0x0000008480,,,,15,,9,1,,1,,5,0x0000008480,8,0,,0,0,,
467,0x582fe40000008580,11,ECI_CMD_MFWD_FEVX_EH,33097046241,0x0000008580,,,,15,,11,1,,1,,5,0x0000008580,8,0,,0,0,,
468,0x5837e40000008680,11,ECI_CMD_MFWD_FEVX_EH,33097046243,0x0000008680,,,,15,,13,1,,1,,5,0x0000008680,8,0,,0,0,,
469,0x180fe00000008180,3,ECI_CMD_MRSP_VICDHI,33097046307,0x0000008180,,,,15,,3,1,,,,2,0x0000008180,4,,,,0,,0
470,0x1817e00000008280,3,ECI_CMD_MRSP_VICDHI,33097046311,0x0000008280,,,,15,,5,1,,,,2,0x0000008280,4,,,,0,,0
471,0x181fe00000008380,3,ECI_CMD_MRSP_VICDHI,33097046315,0x0000008380,,,,15,,7,1,,,,2,0x0000008380,4,,,,0,,0
472,0x1827e00000008480,3,ECI_CMD_MRSP_VICDHI,33097046319,0x0000008480,,,,15,,9,1,,,,2,0x0000008480,4,,,,0,,0
473,0x182fe00000008580,3,ECI_CMD_MRSP_VICDHI,33097046323,0x0000008580,,,,15,,11,1,,,,2,0x0000008580,4,,,,0,,0
474,0x1837e00000008680,3,ECI_CMD_MRSP_VICDHI,33097046327,0x0000008680,,,,15,,13,1,,,,2,0x0000008680,4,,,,0,,0
475,0x0003e00000000080,0,ECI_CMD_MREQ_RLDD,33097046689,0x0000000080,,,,15,,,1,,,0,0,0x0000000080,6,,,0,0,0,
476,0x4803c00000000080,9,ECI_CMD_MRSP_PSHA,33097046958,,1,1,0,15,0,,,0,,0,4,,4,0,0,,0,,0
477,0x284bf00000008680,5,ECI_CMD_MREQ_RLDX,33097047254,0x0000008680,,,,15,,,1,,,18,0,0x0000008680,6,,,0,4,0,
478,0x2800300000008180,5,ECI_CMD_MREQ_RLDX,33097047256,0x0000008180,,,,0,,,1,,,0,0,0x0000008180,6,,,0,4,0,
479,0x2800300000008280,5,ECI_CMD_MREQ_RLDX,33097047258,0x0000008280,,,,0,,,1,,,0,0,0x0000008280,6,,,0,4,0,
480,0x2808300000008380,5,ECI_CMD_MREQ_RLDX,33097047260,0x0000008380,,,,0,,,1,,,2,0,0x0000008380,6,,,0,4,0,
481,0x2844300000008480,5,ECI_CMD_MREQ_RLDX,33097047262,0x0000008480,,,,0,,,1,,,17,0,0x0000008480,6,,,0,4,0,
482,0x2840300000008580,5,ECI_CMD_MREQ_RLDX,33097047264,0x0000008580,,,,0,,,1,,,16,0,0x0000008580,6,,,0,4,0,
483,0x504bc00000008680,10,ECI_CMD_MRSP_PEMD,33097047334,,269,269,0,15,0,,,0,,18,4,,4,0,0,,0,,0
484,0x5003c00000008180,10,ECI_CMD_MRSP_PEMD,33097047356,,259,259,0,15,0,,,0,,0,4,,4,0,0,,0,,0
485,0x5003c00000008280,10,ECI_CMD_MRSP_PEMD,33097047378,,261,261,0,15,0,,,0,,0,4,,4,0,0,,0,,0
486,0x500bc00000008380,10,ECI_CMD_MRSP_PEMD,33097047400,,263,263,0,15,0,,,0,,2,4,,4,0,0,,0,,0
487,0x5047c00000008480,10,ECI_CMD_MRSP_PEMD,33097047422,,265,265,0,15,0,,,0,,17,4,,4,0,0,,0,,0
488,0x5043c00000008580,10,ECI_CMD_MRSP_PEMD,33097047444,,267,267,0,15,0,,,0,,16,4,,4,0,0,,0,,0
489,0x0003e00000008080,0,ECI_CMD_MREQ_RLDD,33097047530,0x0000008080,,,,15,,,1,,,0,0,0x0000008080,6,,,0,0,0,
490,0x580fe40000008180,11,ECI_CMD_MFWD_FEVX_EH,33097047806,0x0000008180,,,,15,,3,1,,1,,5,0x0000008180,8,0,,0,0,,
491,0x5817e40000008280,11,ECI_CMD_MFWD_FEVX_EH,33097047808,0x0000008280,,,,15,,5,1,,1,,5,0x0000008280,8,0,,0,0,,
492,0x581fe40000008380,11,ECI_CMD_MFWD_FEVX_EH,33097047810,0x0000008380,,,,15,,7,1,,1,,5,0x0000008380,8,0,,0,0,,
493,0x5827e40000008480,11,ECI_CMD_MFWD_FEVX_EH,33097047812,0x0000008480,,,,15,,9,1,,1,,5,0x0000008480,8,0,,0,0,,
494,0x582fe40000008580,11,ECI_CMD_MFWD_FEVX_EH,33097047814,0x0000008580,,,,15,,11,1,,1,,5,0x0000008580,8,0,,0,0,,
495,0x5837e40000008680,11,ECI_CMD_MFWD_FEVX_EH,33097047816,0x0000008680,,,,15,,13,1,,1,,5,0x0000008680,8,0,,0,0,,
496,0x180fe00000008180,3,ECI_CMD_MRSP_VICDHI,33097047883,0x0000008180,,,,15,,3,1,,,,2,0x0000008180,4,,,,0,,0
497,0x1817e00000008280,3,ECI_CMD_MRSP_VICDHI,33097047887,0x0000008280,,,,15,,5,1,,,,2,0x0000008280,4,,,,0,,0
498,0x181fe00000008380,3,ECI_CMD_MRSP_VICDHI,33097047891,0x0000008380,,,,15,,7,1,,,,2,0x0000008380,4,,,,0,,0
499,0x1827e00000008480,3,ECI_CMD_MRSP_VICDHI,33097047895,0x0000008480,,,,15,,9,1,,,,2,0x0000008480,4,,,,0,,0
500,0x1837e00000008680,3,ECI_CMD_MRSP_VICDHI,33097047899,0x0000008680,,,,15,,13,1,,,,2,0x0000008680,4,,,,0,,0
501,0x182fe00000008580,3,ECI_CMD_MRSP_VICDHI,33097047903,0x0000008580,,,,15,,11,1,,,,2,0x0000008580,4,,,,0,,0
502,0x4803c00000008080,9,ECI_CMD_MRSP_PSHA,33097048164,,257,257,0,15,0,,,0,,0,4,,4,0,0,,0,,0
503,0x7007e40000000080,14,ECI_CMD_MFWD_SINV_H,33097048386,0x0000000080,,,,15,,1,1,,1,,5,0x0000000080,8,0,,0,0,,
504,0x2004200000000080,4,ECI_CMD_MRSP_HAKD,33097048452,0x0000000080,,,,0,,1,1,,,,1,0x0000000080,10,,,,0,,0
505,0x3807e00000008080,7,ECI_CMD_MREQ_RC2D_S,33097048815,0x0000008080,,,,15,,,1,,,1,0,0x0000008080,6,,,0,0,0,
506,0x2843f00000008680,5,ECI_CMD_MREQ_RLDX,33097048829,0x0000008680,,,,15,,,1,,,16,0,0x0000008680,6,,,0,4,0,
507,0x2800300000008380,5,ECI_CMD_MREQ_RLDX,33097048831,0x0000008380,,,,0,,,1,,,0,0,0x0000008380,6,,,0,4,0,
508,0x2800300000008180,5,ECI_CMD_MREQ_RLDX,33097048833,0x0000008180,,,,0,,,1,,,0,0,0x0000008180,6,,,0,4,0,
509,0x2844300000008580,5,ECI_CMD_MREQ_RLDX,33097048835,0x0000008580,,,,0,,,1,,,17,0,0x0000008580,6,,,0,4,0,
510,0x2800300000008280,5,ECI_CMD_MREQ_RLDX,33097048837,0x0000008280,,,,0,,,1,,,0,0,0x0000008280,6,,,0,4,0,
511,0x2844300000008480,5,ECI_CMD_MREQ_RLDX,33097048839,0x0000008480,,,,0,,,1,,,17,0,0x0000008480,6,,,0,4,0,
512,0x5004000000008080,10,ECI_CMD_MRSP_PEMD,33097048841,,257,257,0,0,0,,,0,,1,3,,10,0,0,,0,,0
513,0x5043c00000008680,10,ECI_CMD_MRSP_PEMD,33097048920,,269,269,0,15,0,,,0,,16,4,,4,0,0,,0,,0
514,0x5003c00000008380,10,ECI_CMD_MRSP_PEMD,33097048942,,263,263,0,15,0,,,0,,0,4,,4,0,0,,0,,0
515,0x5003c00000008180,10,ECI_CMD_MRSP_PEMD,33097048964,,259,259,0,15,0,,,0,,0,4,,4,0,0,,0,,0
516,0x5047c00000008580,10,ECI_CMD_MRSP_PEMD,33097048986,,267,267,0,15,0,,,0,,17,4,,4,0,0,,0,,0
517,0x5003c00000008280,10,ECI_CMD_MRSP_PEMD,33097049008,,261,261,0,15,0,,,0,,0,4,,4,0,0,,0,,0
518,0x5047c00000008480,10,ECI_CMD_MRSP_PEMD,33097049030,,265,265,0,15,0,,,0,,17,4,,4,0,0,,0,,0
519,0x5807e40000008080,11,ECI_CMD_MFWD_FEVX_EH,33097049178,0x0000008080,,,,15,,1,1,,1,,5,0x0000008080,8,0,,0,0,,
520,0x1807e00000008080,3,ECI_CMD_MRSP_VICDHI,33097049255,0x0000008080,,,,15,,1,1,,,,2,0x0000008080,4,,,,0,,0
521,0x580fe40000008180,11,ECI_CMD_MFWD_FEVX_EH,33097049380,0x0000008180,,,,15,,3,1,,1,,5,0x0000008180,8,0,,0,0,,
522,0x5817e40000008280,11,ECI_CMD_MFWD_FEVX_EH,33097049382,0x0000008280,,,,15,,5,1,,1,,5,0x0000008280,8,0,,0,0,,
523,0x581fe40000008380,11,ECI_CMD_MFWD_FEVX_EH,33097049384,0x0000008380,,,,15,,7,1,,1,,5,0x0000008380,8,0,,0,0,,
524,0x5827e40000008480,11,ECI_CMD_MFWD_FEVX_EH,33097049386,0x0000008480,,,,15,,9,1,,1,,5,0x0000008480,8,0,,0,0,,
525,0x582fe40000008580,11,ECI_CMD_MFWD_FEVX_EH,33097049388,0x0000008580,,,,15,,11,1,,1,,5,0x0000008580,8,0,,0,0,,
526,0x5837e40000008680,11,ECI_CMD_MFWD_FEVX_EH,33097049390,0x0000008680,,,,15,,13,1,,1,,5,0x0000008680,8,0,,0,0,,
527,0x180fe00000008180,3,ECI_CMD_MRSP_VICDHI,33097049458,0x0000008180,,,,15,,3,1,,,,2,0x0000008180,4,,,,0,,0
528,0x1817e00000008280,3,ECI_CMD_MRSP_VICDHI,33097049462,0x0000008280,,,,15,,5,1,,,,2,0x0000008280,4,,,,0,,0
529,0x181fe00000008380,3,ECI_CMD_MRSP_VICDHI,33097049466,0x0000008380,,,,15,,7,1,,,,2,0x0000008380,4,,,,0,,0
530,0x1827e00000008480,3,ECI_CMD_MRSP_VICDHI,33097049470,0x0000008480,,,,15,,9,1,,,,2,0x0000008480,4,,,,0,,0
531,0x1837e00000008680,3,ECI_CMD_MRSP_VICDHI,33097049474,0x0000008680,,,,15,,13,1,,,,2,0x0000008680,4,,,,0,,0
532,0x182fe00000008580,3,ECI_CMD_MRSP_VICDHI,33097049478,0x0000008580,,,,15,,11,1,,,,2,0x0000008580,4,,,,0,,0
533,0x0003e00000000080,0,ECI_CMD_MREQ_RLDD,33097049841,0x0000000080,,,,15,,,1,,,0,0,0x0000000080,6,,,0,0,0,
534,0x4803c00000000080,9,ECI_CMD_MRSP_PSHA,33097050104,,1,1,0,15,0,,,0,,0,4,,4,0,0,,0,,0
535,0x2847f00000008680,5,ECI_CMD_MREQ_RLDX,33097050387,0x0000008680,,,,15,,,1,,,17,0,0x0000008680,6,,,0,4,0,
536,0x2804300000008180,5,ECI_CMD_MREQ_RLDX,33097050389,0x0000008180,,,,0,,,1,,,1,0,0x0000008180,6,,,0,4,0,
537,0x2804300000008380,5,ECI_CMD_MREQ_RLDX,33097050391,0x0000008380,,,,0,,,1,,,1,0,0x0000008380,6,,,0,4,0,
538,0x2804300000008280,5,ECI_CMD_MREQ_RLDX,33097050393,0x0000008280,,,,0,,,1,,,1,0,0x0000008280,6,,,0,4,0,
539,0x2844300000008580,5,ECI_CMD_MREQ_RLDX,33097050395,0x0000008580,,,,0,,,1,,,17,0,0x0000008580,6,,,0,4,0,
540,0x2840300000008480,5,ECI_CMD_MREQ_RLDX,33097050397,0x0000008480,,,,0,,,1,,,16,0,0x0000008480,6,,,0,4,0,
541,0x5047c00000008680,10,ECI_CMD_MRSP_PEMD,33097050467,,269,269,0,15,0,,,0,,17,4,,4,0,0,,0,,0
542,0x5007c00000008180,10,ECI_CMD_MRSP_PEMD,33097050489,,259,259,0,15,0,,,0,,1,4,,4,0,0,,0,,0
543,0x5007c00000008380,10,ECI_CMD_MRSP_PEMD,33097050511,,263,263,0,15,0,,,0,,1,4,,4,0,0,,0,,0
544,0x5007c00000008280,10,ECI_CMD_MRSP_PEMD,33097050533,,261,261,0,15,0,,,0,,1,4,,4,0,0,,0,,0
33,0x5047c00000008580,10,ECI_CMD_MRSP_PEMD,33097050555,,267,267,0,15,0,,,0,,17,4,,4,0,0,,0,,0
34,0x5043c00000008480,10,ECI_CMD_MRSP_PEMD,33097050577,,265,265,0,15,0,,,0,,16,4,,4,0,0,,0,,0
35,0x0003e00000008080,0,ECI_CMD_MREQ_RLDD,33097050659,0x0000008080,,,,15,,,1,,,0,0,0x0000008080,6,,,0,0,0,
36,0x580fe40000008180,11,ECI_CMD_MFWD_FEVX_EH,33097050935,0x0000008180,,,,15,,3,1,,1,,5,0x0000008180,8,0,,0,0,,
37,0x5817e40000008280,11,ECI_CMD_MFWD_FEVX_EH,33097050937,0x0000008280,,,,15,,5,1,,1,,5,0x0000008280,8,0,,0,0,,
38,0x581fe40000008380,11,ECI_CMD_MFWD_FEVX_EH,33097050939,0x0000008380,,,,15,,7,1,,1,,5,0x0000008380,8,0,,0,0,,
39,0x5827e40000008480,11,ECI_CMD_MFWD_FEVX_EH,33097050941,0x0000008480,,,,15,,9,1,,1,,5,0x0000008480,8,0,,0,0,,
40,0x582fe40000008580,11,ECI_CMD_MFWD_FEVX_EH,33097050943,0x0000008580,,,,15,,11,1,,1,,5,0x0000008580,8,0,,0,0,,
41,0x5837e40000008680,11,ECI_CMD_MFWD_FEVX_EH,33097050945,0x0000008680,,,,15,,13,1,,1,,5,0x0000008680,8,0,,0,0,,
42,0x180fe00000008180,3,ECI_CMD_MRSP_VICDHI,33097051011,0x0000008180,,,,15,,3,1,,,,2,0x0000008180,4,,,,0,,0
43,0x1817e00000008280,3,ECI_CMD_MRSP_VICDHI,33097051015,0x0000008280,,,,15,,5,1,,,,2,0x0000008280,4,,,,0,,0
44,0x181fe00000008380,3,ECI_CMD_MRSP_VICDHI,33097051019,0x0000008380,,,,15,,7,1,,,,2,0x0000008380,4,,,,0,,0
45,0x1827e00000008480,3,ECI_CMD_MRSP_VICDHI,33097051023,0x0000008480,,,,15,,9,1,,,,2,0x0000008480,4,,,,0,,0
46,0x1837e00000008680,3,ECI_CMD_MRSP_VICDHI,33097051027,0x0000008680,,,,15,,13,1,,,,2,0x0000008680,4,,,,0,,0
47,0x182fe00000008580,3,ECI_CMD_MRSP_VICDHI,33097051031,0x0000008580,,,,15,,11,1,,,,2,0x0000008580,4,,,,0,,0
48,0x4803c00000008080,9,ECI_CMD_MRSP_PSHA,33097051292,,257,257,0,15,0,,,0,,0,4,,4,0,0,,0,,0
49,0x3803e00000008080,7,ECI_CMD_MREQ_RC2D_S,33097051718,0x0000008080,,,,15,,,1,,,0,0,0x0000008080,6,,,0,0,0,
50,0x2843f00000008680,5,ECI_CMD_MREQ_RLDX,33097051731,0x0000008680,,,,15,,,1,,,16,0,0x0000008680,6,,,0,4,0,
51,0x2804300000008180,5,ECI_CMD_MREQ_RLDX,33097051733,0x0000008180,,,,0,,,1,,,1,0,0x0000008180,6,,,0,4,0,
52,0x2800300000008380,5,ECI_CMD_MREQ_RLDX,33097051735,0x0000008380,,,,0,,,1,,,0,0,0x0000008380,6,,,0,4,0,
53,0x2804300000008280,5,ECI_CMD_MREQ_RLDX,33097051737,0x0000008280,,,,0,,,1,,,1,0,0x0000008280,6,,,0,4,0,
54,0x2844300000008580,5,ECI_CMD_MREQ_RLDX,33097051739,0x0000008580,,,,0,,,1,,,17,0,0x0000008580,6,,,0,4,0,
55,0x2840300000008480,5,ECI_CMD_MREQ_RLDX,33097051741,0x0000008480,,,,0,,,1,,,16,0,0x0000008480,6,,,0,4,0,
56,0x5000000000008080,10,ECI_CMD_MRSP_PEMD,33097051743,,257,257,0,0,0,,,0,,0,3,,10,0,0,,0,,0
57,0x5043c00000008680,10,ECI_CMD_MRSP_PEMD,33097051822,,269,269,0,15,0,,,0,,16,4,,4,0,0,,0,,0
58,0x5007c00000008180,10,ECI_CMD_MRSP_PEMD,33097051844,,259,259,0,15,0,,,0,,1,4,,4,0,0,,0,,0
59,0x5003c00000008380,10,ECI_CMD_MRSP_PEMD,33097051866,,263,263,0,15,0,,,0,,0,4,,4,0,0,,0,,0
60,0x5007c00000008280,10,ECI_CMD_MRSP_PEMD,33097051888,,261,261,0,15,0,,,0,,1,4,,4,0,0,,0,,0
61,0x5047c00000008580,10,ECI_CMD_MRSP_PEMD,33097051910,,267,267,0,15,0,,,0,,17,4,,4,0,0,,0,,0
62,0x5043c00000008480,10,ECI_CMD_MRSP_PEMD,33097051932,,265,265,0,15,0,,,0,,16,4,,4,0,0,,0,,0
63,0x5807e40000008080,11,ECI_CMD_MFWD_FEVX_EH,33097052075,0x0000008080,,,,15,,1,1,,1,,5,0x0000008080,8,0,,0,0,,
64,0x1807e00000008080,3,ECI_CMD_MRSP_VICDHI,33097052152,0x0000008080,,,,15,,1,1,,,,2,0x0000008080,4,,,,0,,0
65,0x580fe40000008180,11,ECI_CMD_MFWD_FEVX_EH,33097052277,0x0000008180,,,,15,,3,1,,1,,5,0x0000008180,8,0,,0,0,,
66,0x5817e40000008280,11,ECI_CMD_MFWD_FEVX_EH,33097052279,0x0000008280,,,,15,,5,1,,1,,5,0x0000008280,8,0,,0,0,,
67,0x581fe40000008380,11,ECI_CMD_MFWD_FEVX_EH,33097052281,0x0000008380,,,,15,,7,1,,1,,5,0x0000008380,8,0,,0,0,,
68,0x5827e40000008480,11,ECI_CMD_MFWD_FEVX_EH,33097052283,0x0000008480,,,,15,,9,1,,1,,5,0x0000008480,8,0,,0,0,,
69,0x582fe40000008580,11,ECI_CMD_MFWD_FEVX_EH,33097052285,0x0000008580,,,,15,,11,1,,1,,5,0x0000008580,8,0,,0,0,,
70,0x5837e40000008680,11,ECI_CMD_MFWD_FEVX_EH,33097052287,0x0000008680,,,,15,,13,1,,1,,5,0x0000008680,8,0,,0,0,,
71,0x180fe00000008180,3,ECI_CMD_MRSP_VICDHI,33097052352,0x0000008180,,,,15,,3,1,,,,2,0x0000008180,4,,,,0,,0
72,0x1817e00000008280,3,ECI_CMD_MRSP_VICDHI,33097052356,0x0000008280,,,,15,,5,1,,,,2,0x0000008280,4,,,,0,,0
73,0x181fe00000008380,3,ECI_CMD_MRSP_VICDHI,33097052360,0x0000008380,,,,15,,7,1,,,,2,0x0000008380,4,,,,0,,0
74,0x1827e00000008480,3,ECI_CMD_MRSP_VICDHI,33097052364,0x0000008480,,,,15,,9,1,,,,2,0x0000008480,4,,,,0,,0
75,0x182fe00000008580,3,ECI_CMD_MRSP_VICDHI,33097052368,0x0000008580,,,,15,,11,1,,,,2,0x0000008580,4,,,,0,,0
76,0x1837e00000008680,3,ECI_CMD_MRSP_VICDHI,33097052372,0x0000008680,,,,15,,13,1,,,,2,0x0000008680,4,,,,0,,0
77,0x7007e40000000080,14,ECI_CMD_MFWD_SINV_H,33097052805,0x0000000080,,,,15,,1,1,,1,,5,0x0000000080,8,0,,0,0,,
78,0x2004200000000080,4,ECI_CMD_MRSP_HAKD,33097052873,0x0000000080,,,,0,,1,1,,,,1,0x0000000080,10,,,,0,,0
79,0x2843f00000008680,5,ECI_CMD_MREQ_RLDX,33097053251,0x0000008680,,,,15,,,1,,,16,0,0x0000008680,6,,,0,4,0,
80,0x2800300000008180,5,ECI_CMD_MREQ_RLDX,33097053253,0x0000008180,,,,0,,,1,,,0,0,0x0000008180,6,,,0,4,0,
81,0x2800300000008380,5,ECI_CMD_MREQ_RLDX,33097053255,0x0000008380,,,,0,,,1,,,0,0,0x0000008380,6,,,0,4,0,
82,0x2800300000008280,5,ECI_CMD_MREQ_RLDX,33097053257,0x0000008280,,,,0,,,1,,,0,0,0x0000008280,6,,,0,4,0,
83,0x2844300000008580,5,ECI_CMD_MREQ_RLDX,33097053259,0x0000008580,,,,0,,,1,,,17,0,0x0000008580,6,,,0,4,0,
84,0x2840300000008480,5,ECI_CMD_MREQ_RLDX,33097053261,0x0000008480,,,,0,,,1,,,16,0,0x0000008480,6,,,0,4,0,
85,0x5043c00000008680,10,ECI_CMD_MRSP_PEMD,33097053331,,269,269,0,15,0,,,0,,16,4,,4,0,0,,0,,0
86,0x5003c00000008180,10,ECI_CMD_MRSP_PEMD,33097053353,,259,259,0,15,0,,,0,,0,4,,4,0,0,,0,,0
87,0x5003c00000008380,10,ECI_CMD_MRSP_PEMD,33097053375,,263,263,0,15,0,,,0,,0,4,,4,0,0,,0,,0
88,0x5003c00000008280,10,ECI_CMD_MRSP_PEMD,33097053397,,261,261,0,15,0,,,0,,0,4,,4,0,0,,0,,0
89,0x5047c00000008580,10,ECI_CMD_MRSP_PEMD,33097053419,,267,267,0,15,0,,,0,,17,4,,4,0,0,,0,,0
90,0x5043c00000008480,10,ECI_CMD_MRSP_PEMD,33097053441,,265,265,0,15,0,,,0,,16,4,,4,0,0,,0,,0
91,0x0003e00000008080,0,ECI_CMD_MREQ_RLDD,33097053527,0x0000008080,,,,15,,,1,,,0,0,0x0000008080,6,,,0,0,0,
92,0x580fe40000008180,11,ECI_CMD_MFWD_FEVX_EH,33097053801,0x0000008180,,,,15,,3,1,,1,,5,0x0000008180,8,0,,0,0,,
93,0x5817e40000008280,11,ECI_CMD_MFWD_FEVX_EH,33097053803,0x0000008280,,,,15,,5,1,,1,,5,0x0000008280,8,0,,0,0,,
94,0x581fe40000008380,11,ECI_CMD_MFWD_FEVX_EH,33097053805,0x0000008380,,,,15,,7,1,,1,,5,0x0000008380,8,0,,0,0,,
95,0x5827e40000008480,11,ECI_CMD_MFWD_FEVX_EH,33097053807,0x0000008480,,,,15,,9,1,,1,,5,0x0000008480,8,0,,0,0,,
96,0x582fe40000008580,11,ECI_CMD_MFWD_FEVX_EH,33097053809,0x0000008580,,,,15,,11,1,,1,,5,0x0000008580,8,0,,0,0,,
97,0x5837e40000008680,11,ECI_CMD_MFWD_FEVX_EH,33097053811,0x0000008680,,,,15,,13,1,,1,,5,0x0000008680,8,0,,0,0,,
98,0x1817e00000008280,3,ECI_CMD_MRSP_VICDHI,33097053879,0x0000008280,,,,15,,5,1,,,,2,0x0000008280,4,,,,0,,0
99,0x180fe00000008180,3,ECI_CMD_MRSP_VICDHI,33097053883,0x0000008180,,,,15,,3,1,,,,2,0x0000008180,4,,,,0,,0
100,0x1827e00000008480,3,ECI_CMD_MRSP_VICDHI,33097053887,0x0000008480,,,,15,,9,1,,,,2,0x0000008480,4,,,,0,,0
101,0x181fe00000008380,3,ECI_CMD_MRSP_VICDHI,33097053891,0x0000008380,,,,15,,7,1,,,,2,0x0000008380,4,,,,0,,0
102,0x182fe00000008580,3,ECI_CMD_MRSP_VICDHI,33097053895,0x0000008580,,,,15,,11,1,,,,2,0x0000008580,4,,,,0,,0
103,0x1837e00000008680,3,ECI_CMD_MRSP_VICDHI,33097053899,0x0000008680,,,,15,,13,1,,,,2,0x0000008680,4,,,,0,,0
104,0x4803c00000008080,9,ECI_CMD_MRSP_PSHA,33097054159,,257,257,0,15,0,,,0,,0,4,,4,0,0,,0,,0
105,0x0003e00000000080,0,ECI_CMD_MREQ_RLDD,33097054263,0x0000000080,,,,15,,,1,,,0,0,0x0000000080,6,,,0,0,0,
106,0x4803c00000000080,9,ECI_CMD_MRSP_PSHA,33097054533,,1,1,0,15,0,,,0,,0,4,,4,0,0,,0,,0
107,0x3803e00000008080,7,ECI_CMD_MREQ_RC2D_S,33097054817,0x0000008080,,,,15,,,1,,,0,0,0x0000008080,6,,,0,0,0,
108,0x2843f00000008680,5,ECI_CMD_MREQ_RLDX,33097054829,0x0000008680,,,,15,,,1,,,16,0,0x0000008680,6,,,0,4,0,
109,0x2800300000008180,5,ECI_CMD_MREQ_RLDX,33097054831,0x0000008180,,,,0,,,1,,,0,0,0x0000008180,6,,,0,4,0,
110,0x2800300000008280,5,ECI_CMD_MREQ_RLDX,33097054833,0x0000008280,,,,0,,,1,,,0,0,0x0000008280,6,,,0,4,0,
111,0x2804300000008380,5,ECI_CMD_MREQ_RLDX,33097054835,0x0000008380,,,,0,,,1,,,1,0,0x0000008380,6,,,0,4,0,
112,0x2840300000008480,5,ECI_CMD_MREQ_RLDX,33097054837,0x0000008480,,,,0,,,1,,,16,0,0x0000008480,6,,,0,4,0,
113,0x2840300000008580,5,ECI_CMD_MREQ_RLDX,33097054839,0x0000008580,,,,0,,,1,,,16,0,0x0000008580,6,,,0,4,0,
114,0x5000000000008080,10,ECI_CMD_MRSP_PEMD,33097054841,,257,257,0,0,0,,,0,,0,3,,10,0,0,,0,,0
115,0x5043c00000008680,10,ECI_CMD_MRSP_PEMD,33097054909,,269,269,0,15,0,,,0,,16,4,,4,0,0,,0,,0
116,0x5003c00000008180,10,ECI_CMD_MRSP_PEMD,33097054934,,259,259,0,15,0,,,0,,0,4,,4,0,0,,0,,0
117,0x5003c00000008280,10,ECI_CMD_MRSP_PEMD,33097054956,,261,261,0,15,0,,,0,,0,4,,4,0,0,,0,,0
118,0x5007c00000008380,10,ECI_CMD_MRSP_PEMD,33097054978,,263,263,0,15,0,,,0,,1,4,,4,0,0,,0,,0
119,0x5043c00000008480,10,ECI_CMD_MRSP_PEMD,33097055000,,265,265,0,15,0,,,0,,16,4,,4,0,0,,0,,0
120,0x5043c00000008580,10,ECI_CMD_MRSP_PEMD,33097055022,,267,267,0,15,0,,,0,,16,4,,4,0,0,,0,,0
121,0x5807e40000008080,11,ECI_CMD_MFWD_FEVX_EH,33097055178,0x0000008080,,,,15,,1,1,,1,,5,0x0000008080,8,0,,0,0,,
122,0x1807e00000008080,3,ECI_CMD_MRSP_VICDHI,33097055255,0x0000008080,,,,15,,1,1,,,,2,0x0000008080,4,,,,0,,0
123,0x580fe40000008180,11,ECI_CMD_MFWD_FEVX_EH,33097055380,0x0000008180,,,,15,,3,1,,1,,5,0x0000008180,8,0,,0,0,,
124,0x5817e40000008280,11,ECI_CMD_MFWD_FEVX_EH,33097055382,0x0000008280,,,,15,,5,1,,1,,5,0x0000008280,8,0,,0,0,,
125,0x581fe40000008380,11,ECI_CMD_MFWD_FEVX_EH,33097055384,0x0000008380,,,,15,,7,1,,1,,5,0x0000008380,8,0,,0,0,,
126,0x5827e40000008480,11,ECI_CMD_MFWD_FEVX_EH,33097055386,0x0000008480,,,,15,,9,1,,1,,5,0x0000008480,8,0,,0,0,,
127,0x582fe40000008580,11,ECI_CMD_MFWD_FEVX_EH,33097055388,0x0000008580,,,,15,,11,1,,1,,5,0x0000008580,8,0,,0,0,,
128,0x5837e40000008680,11,ECI_CMD_MFWD_FEVX_EH,33097055390,0x0000008680,,,,15,,13,1,,1,,5,0x0000008680,8,0,,0,0,,
129,0x180fe00000008180,3,ECI_CMD_MRSP_VICDHI,33097055455,0x0000008180,,,,15,,3,1,,,,2,0x0000008180,4,,,,0,,0
130,0x1817e00000008280,3,ECI_CMD_MRSP_VICDHI,33097055459,0x0000008280,,,,15,,5,1,,,,2,0x0000008280,4,,,,0,,0
131,0x181fe00000008380,3,ECI_CMD_MRSP_VICDHI,33097055463,0x0000008380,,,,15,,7,1,,,,2,0x0000008380,4,,,,0,,0
132,0x1827e00000008480,3,ECI_CMD_MRSP_VICDHI,33097055467,0x0000008480,,,,15,,9,1,,,,2,0x0000008480,4,,,,0,,0
133,0x182fe00000008580,3,ECI_CMD_MRSP_VICDHI,33097055471,0x0000008580,,,,15,,11,1,,,,2,0x0000008580,4,,,,0,,0
134,0x1837e00000008680,3,ECI_CMD_MRSP_VICDHI,33097055475,0x0000008680,,,,15,,13,1,,,,2,0x0000008680,4,,,,0,,0
135,0x7007e40000000080,14,ECI_CMD_MFWD_SINV_H,33097055956,0x0000000080,,,,15,,1,1,,1,,5,0x0000000080,8,0,,0,0,,
136,0x2004200000000080,4,ECI_CMD_MRSP_HAKD,33097056022,0x0000000080,,,,0,,1,1,,,,1,0x0000000080,10,,,,0,,0
137,0x2843f00000008680,5,ECI_CMD_MREQ_RLDX,33097056378,0x0000008680,,,,15,,,1,,,16,0,0x0000008680,6,,,0,4,0,
138,0x2800300000008180,5,ECI_CMD_MREQ_RLDX,33097056380,0x0000008180,,,,0,,,1,,,0,0,0x0000008180,6,,,0,4,0,
139,0x2804300000008280,5,ECI_CMD_MREQ_RLDX,33097056382,0x0000008280,,,,0,,,1,,,1,0,0x0000008280,6,,,0,4,0,
140,0x2800300000008380,5,ECI_CMD_MREQ_RLDX,33097056384,0x0000008380,,,,0,,,1,,,0,0,0x0000008380,6,,,0,4,0,
141,0x2844300000008480,5,ECI_CMD_MREQ_RLDX,33097056386,0x0000008480,,,,0,,,1,,,17,0,0x0000008480,6,,,0,4,0,
142,0x2844300000008580,5,ECI_CMD_MREQ_RLDX,33097056388,0x0000008580,,,,0,,,1,,,17,0,0x0000008580,6,,,0,4,0,
143,0x5043c00000008680,10,ECI_CMD_MRSP_PEMD,33097056458,,269,269,0,15,0,,,0,,16,4,,4,0,0,,0,,0
144,0x5003c00000008180,10,ECI_CMD_MRSP_PEMD,33097056483,,259,259,0,15,0,,,0,,0,4,,4,0,0,,0,,0
145,0x5007c00000008280,10,ECI_CMD_MRSP_PEMD,33097056505,,261,261,0,15,0,,,0,,1,4,,4,0,0,,0,,0
146,0x5003c00000008380,10,ECI_CMD_MRSP_PEMD,33097056527,,263,263,0,15,0,,,0,,0,4,,4,0,0,,0,,0
147,0x5047c00000008480,10,ECI_CMD_MRSP_PEMD,33097056549,,265,265,0,15,0,,,0,,17,4,,4,0,0,,0,,0
148,0x5047c00000008580,10,ECI_CMD_MRSP_PEMD,33097056571,,267,267,0,15,0,,,0,,17,4,,4,0,0,,0,,0
149,0x0003e00000008080,0,ECI_CMD_MREQ_RLDD,33097056653,0x0000008080,,,,15,,,1,,,0,0,0x0000008080,6,,,0,0,0,
150,0x580fe40000008180,11,ECI_CMD_MFWD_FEVX_EH,33097056929,0x0000008180,,,,15,,3,1,,1,,5,0x0000008180,8,0,,0,0,,
151,0x5817e40000008280,11,ECI_CMD_MFWD_FEVX_EH,33097056931,0x0000008280,,,,15,,5,1,,1,,5,0x0000008280,8,0,,0,0,,
152,0x581fe40000008380,11,ECI_CMD_MFWD_FEVX_EH,33097056933,0x0000008380,,,,15,,7,1,,1,,5,0x0000008380,8,0,,0,0,,
153,0x5827e40000008480,11,ECI_CMD_MFWD_FEVX_EH,33097056935,0x0000008480,,,,15,,9,1,,1,,5,0x0000008480,8,0,,0,0,,
154,0x582fe40000008580,11,ECI_CMD_MFWD_FEVX_EH,33097056937,0x0000008580,,,,15,,11,1,,1,,5,0x0000008580,8,0,,0,0,,
155,0x5837e40000008680,11,ECI_CMD_MFWD_FEVX_EH,33097056939,0x0000008680,,,,15,,13,1,,1,,5,0x0000008680,8,0,,0,0,,
156,0x180fe00000008180,3,ECI_CMD_MRSP_VICDHI,33097057004,0x0000008180,,,,15,,3,1,,,,2,0x0000008180,4,,,,0,,0
157,0x1817e00000008280,3,ECI_CMD_MRSP_VICDHI,33097057008,0x0000008280,,,,15,,5,1,,,,2,0x0000008280,4,,,,0,,0
158,0x181fe00000008380,3,ECI_CMD_MRSP_VICDHI,33097057012,0x0000008380,,,,15,,7,1,,,,2,0x0000008380,4,,,,0,,0
159,0x1827e00000008480,3,ECI_CMD_MRSP_VICDHI,33097057016,0x0000008480,,,,15,,9,1,,,,2,0x0000008480,4,,,,0,,0
160,0x182fe00000008580,3,ECI_CMD_MRSP_VICDHI,33097057020,0x0000008580,,,,15,,11,1,,,,2,0x0000008580,4,,,,0,,0
161,0x1837e00000008680,3,ECI_CMD_MRSP_VICDHI,33097057024,0x0000008680,,,,15,,13,1,,,,2,0x0000008680,4,,,,0,,0
162,0x4803c00000008080,9,ECI_CMD_MRSP_PSHA,33097057285,,257,257,0,15,0,,,0,,0,4,,4,0,0,,0,,0
163,0x0003e00000000080,0,ECI_CMD_MREQ_RLDD,33097057409,0x0000000080,,,,15,,,1,,,0,0,0x0000000080,6,,,0,0,0,
