index,raw,opcode,message,timestamp,aliased_addr,dirty,dmask,fillo,hreq_id,ns,nxm,rnode,rreq_id,src,unaliased_addr,vc,xb1,xb1_2,xb2,xb3,xb4,xb5
398,0x2804300000008100,5,ECI_CMD_MREQ_RLDX,33096990941,8100,,0,,,1,,,1,0,8100,7,,,0,4,0,
399,0x2844300000008400,5,ECI_CMD_MREQ_RLDX,33096990943,8400,,0,,,1,,,17,0,8400,7,,,0,4,0,
400,0x2804300000008300,5,ECI_CMD_MREQ_RLDX,33096990945,8300,,0,,,1,,,1,0,8300,7,,,0,4,0,
401,0x2840300000008600,5,ECI_CMD_MREQ_RLDX,33096990947,8600,,0,,,1,,,16,0,8600,7,,,0,4,0,
402,0x2840300000008500,5,ECI_CMD_MREQ_RLDX,33096990949,8500,,0,,,1,,,16,0,8500,7,,,0,4,0,
403,0x5007c00000008200,10,ECI_CMD_MRSP_PEMD,33096991025,8200,0,15,0,,,0,,1,4,8200,5,0,0,,0,,0
404,0x5007c00000008100,10,ECI_CMD_MRSP_PEMD,33096991047,8100,0,15,0,,,0,,1,4,8100,5,0,0,,0,,0
405,0x5047c00000008400,10,ECI_CMD_MRSP_PEMD,33096991069,8400,0,15,0,,,0,,17,4,8400,5,0,0,,0,,0
406,0x5007c00000008300,10,ECI_CMD_MRSP_PEMD,33096991091,8300,0,15,0,,,0,,1,4,8300,5,0,0,,0,,0
407,0x5043c00000008600,10,ECI_CMD_MRSP_PEMD,33096991113,8600,0,15,0,,,0,,16,4,8600,5,0,0,,0,,0
408,0x5043c00000008500,10,ECI_CMD_MRSP_PEMD,33096991135,8500,0,15,0,,,0,,16,4,8500,5,0,0,,0,,0
409,0x0003e00000008000,0,ECI_CMD_MREQ_RLDD,33096991213,8000,,15,,,1,,,0,0,8000,7,,,0,0,0,
410,0x580be40000008100,11,ECI_CMD_MFWD_FEVX_EH,33096991484,8100,,15,,2,1,,1,,5,8100,9,0,,0,0,,
411,0x5813e40000008200,11,ECI_CMD_MFWD_FEVX_EH,33096991486,8200,,15,,4,1,,1,,5,8200,9,0,,0,0,,
412,0x581be40000008300,11,ECI_CMD_MFWD_FEVX_EH,33096991488,8300,,15,,6,1,,1,,5,8300,9,0,,0,0,,
413,0x5823e40000008400,11,ECI_CMD_MFWD_FEVX_EH,33096991490,8400,,15,,8,1,,1,,5,8400,9,0,,0,0,,
414,0x582be40000008500,11,ECI_CMD_MFWD_FEVX_EH,33096991492,8500,,15,,10,1,,1,,5,8500,9,0,,0,0,,
415,0x5833e40000008600,11,ECI_CMD_MFWD_FEVX_EH,33096991494,8600,,15,,12,1,,1,,5,8600,9,0,,0,0,,
416,0x180be00000008100,3,ECI_CMD_MRSP_VICDHI,33096991563,8100,,15,,2,1,,,,2,8100,5,,,,0,,0
417,0x1813e00000008200,3,ECI_CMD_MRSP_VICDHI,33096991567,8200,,15,,4,1,,,,2,8200,5,,,,0,,0
418,0x181be00000008300,3,ECI_CMD_MRSP_VICDHI,33096991571,8300,,15,,6,1,,,,2,8300,5,,,,0,,0
419,0x1823e00000008400,3,ECI_CMD_MRSP_VICDHI,33096991575,8400,,15,,8,1,,,,2,8400,5,,,,0,,0
420,0x182be00000008500,3,ECI_CMD_MRSP_VICDHI,33096991579,8500,,15,,10,1,,,,2,8500,5,,,,0,,0
421,0x1833e00000008600,3,ECI_CMD_MRSP_VICDHI,33096991583,8600,,15,,12,1,,,,2,8600,5,,,,0,,0
422,0x4803c00000008000,9,ECI_CMD_MRSP_PSHA,33096991838,8000,0,15,0,,,0,,0,4,8000,5,0,0,,0,,0
423,0x0003e00000000000,0,ECI_CMD_MREQ_RLDD,33096991945,0,,15,,,1,,,0,0,0,7,,,0,0,0,
424,0x4803c00000000000,9,ECI_CMD_MRSP_PSHA,33096992206,0,0,15,0,,,0,,0,4,0,5,0,0,,0,,0
425,0x7003e40000000000,14,ECI_CMD_MFWD_SINV_H,33096992695,0,,15,,0,1,,1,,5,0,9,0,,0,0,,
426,0x2000200000000000,4,ECI_CMD_MRSP_HAKD,33096992762,0,,0,,0,1,,,,1,0,11,,,,0,,0
427,0x0003e00000000000,0,ECI_CMD_MREQ_RLDD,33096993217,0,,15,,,1,,,0,0,0,7,,,0,0,0,
428,0x4803c00000000000,9,ECI_CMD_MRSP_PSHA,33096993479,0,0,15,0,,,0,,0,4,0,5,0,0,,0,,0
429,0x7003e40000000000,14,ECI_CMD_MFWD_SINV_H,33096994036,0,,15,,0,1,,1,,5,0,9,0,,0,0,,
430,0x2000200000000000,4,ECI_CMD_MRSP_HAKD,33096994104,0,,0,,0,1,,,,1,0,11,,,,0,,0
431,0x3803e00000008000,7,ECI_CMD_MREQ_RC2D_S,33096996564,8000,,15,,,1,,,0,0,8000,7,,,0,0,0,
432,0x2804300000008100,5,ECI_CMD_MREQ_RLDX,33096996566,8100,,0,,,1,,,1,0,8100,7,,,0,4,0,
433,0x2800300000008200,5,ECI_CMD_MREQ_RLDX,33096996568,8200,,0,,,1,,,0,0,8200,7,,,0,4,0,
434,0x2804300000008300,5,ECI_CMD_MREQ_RLDX,33096996570,8300,,0,,,1,,,1,0,8300,7,,,0,4,0,
435,0x5000000000008000,10,ECI_CMD_MRSP_PEMD,33096996588,8000,0,0,0,,,0,,0,3,8000,11,0,0,,0,,0
436,0x5007c00000008100,10,ECI_CMD_MRSP_PEMD,33096996651,8100,0,15,0,,,0,,1,4,8100,5,0,0,,0,,0
437,0x5003c00000008200,10,ECI_CMD_MRSP_PEMD,33096996673,8200,0,15,0,,,0,,0,4,8200,5,0,0,,0,,0
438,0x5007c00000008300,10,ECI_CMD_MRSP_PEMD,33096996695,8300,0,15,0,,,0,,1,4,8300,5,0,0,,0,,0
439,0x5803e40000008000,11,ECI_CMD_MFWD_FEVX_EH,33096996841,8000,,15,,0,1,,1,,5,8000,9,0,,0,0,,
440,0x1803e00000008000,3,ECI_CMD_MRSP_VICDHI,33096996920,8000,,15,,0,1,,,,2,8000,5,,,,0,,0
441,0x580be40000008100,11,ECI_CMD_MFWD_FEVX_EH,33096997044,8100,,15,,2,1,,1,,5,8100,9,0,,0,0,,
442,0x5813e40000008200,11,ECI_CMD_MFWD_FEVX_EH,33096997046,8200,,15,,4,1,,1,,5,8200,9,0,,0,0,,
443,0x581be40000008300,11,ECI_CMD_MFWD_FEVX_EH,33096997048,8300,,15,,6,1,,1,,5,8300,9,0,,0,0,,
444,0x180be00000008100,3,ECI_CMD_MRSP_VICDHI,33096997123,8100,,15,,2,1,,,,2,8100,5,,,,0,,0
445,0x1813e00000008200,3,ECI_CMD_MRSP_VICDHI,33096997127,8200,,15,,4,1,,,,2,8200,5,,,,0,,0
446,0x181be00000008300,3,ECI_CMD_MRSP_VICDHI,33096997131,8300,,15,,6,1,,,,2,8300,5,,,,0,,0
447,0x0003e00000000000,0,ECI_CMD_MREQ_RLDD,33096998319,0,,15,,,1,,,0,0,0,7,,,0,0,0,
448,0x4803c00000000000,9,ECI_CMD_MRSP_PSHA,33096998581,0,0,15,0,,,0,,0,4,0,5,0,0,,0,,0
449,0x7003e40000000000,14,ECI_CMD_MFWD_SINV_H,33096999078,0,,15,,0,1,,1,,5,0,9,0,,0,0,,
450,0x2000200000000000,4,ECI_CMD_MRSP_HAKD,33096999144,0,,0,,0,1,,,,1,0,11,,,,0,,0
451,0x0003e00000000000,0,ECI_CMD_MREQ_RLDD,33096999584,0,,15,,,1,,,0,0,0,7,,,0,0,0,
452,0x4803c00000000000,9,ECI_CMD_MRSP_PSHA,33096999847,0,0,15,0,,,0,,0,4,0,5,0,0,,0,,0
453,0x7003e40000000000,14,ECI_CMD_MFWD_SINV_H,33097000324,0,,15,,0,1,,1,,5,0,9,0,,0,0,,
454,0x2000200000000000,4,ECI_CMD_MRSP_HAKD,33097000392,0,,0,,0,1,,,,1,0,11,,,,0,,0
455,0x0007e00000000000,0,ECI_CMD_MREQ_RLDD,33097000832,0,,15,,,1,,,1,0,0,7,,,0,0,0,
456,0x4807c00000000000,9,ECI_CMD_MRSP_PSHA,33097001095,0,0,15,0,,,0,,1,4,0,5,0,0,,0,,0
457,0x7003e40000000000,14,ECI_CMD_MFWD_SINV_H,33097001571,0,,15,,0,1,,1,,5,0,9,0,,0,0,,
458,0x2000200000000000,4,ECI_CMD_MRSP_HAKD,33097001637,0,,0,,0,1,,,,1,0,11,,,,0,,0
459,0x2804300000008200,5,ECI_CMD_MREQ_RLDX,33097033972,8200,,0,,,1,,,1,0,8200,7,,,0,4,0,
460,0x2800300000008100,5,ECI_CMD_MREQ_RLDX,33097033974,8100,,0,,,1,,,0,0,8100,7,,,0,4,0,
461,0x2840300000008400,5,ECI_CMD_MREQ_RLDX,33097033976,8400,,0,,,1,,,16,0,8400,7,,,0,4,0,
462,0x2804300000008300,5,ECI_CMD_MREQ_RLDX,33097033978,8300,,0,,,1,,,1,0,8300,7,,,0,4,0,
463,0x2840300000008600,5,ECI_CMD_MREQ_RLDX,33097033980,8600,,0,,,1,,,16,0,8600,7,,,0,4,0,
464,0x2840300000008500,5,ECI_CMD_MREQ_RLDX,33097033982,8500,,0,,,1,,,16,0,8500,7,,,0,4,0,
465,0x5007c00000008200,10,ECI_CMD_MRSP_PEMD,33097034058,8200,0,15,0,,,0,,1,4,8200,5,0,0,,0,,0
466,0x5003c00000008100,10,ECI_CMD_MRSP_PEMD,33097034080,8100,0,15,0,,,0,,0,4,8100,5,0,0,,0,,0
467,0x5043c00000008400,10,ECI_CMD_MRSP_PEMD,33097034102,8400,0,15,0,,,0,,16,4,8400,5,0,0,,0,,0
468,0x5007c00000008300,10,ECI_CMD_MRSP_PEMD,33097034124,8300,0,15,0,,,0,,1,4,8300,5,0,0,,0,,0
469,0x5043c00000008600,10,ECI_CMD_MRSP_PEMD,33097034146,8600,0,15,0,,,0,,16,4,8600,5,0,0,,0,,0
470,0x5043c00000008500,10,ECI_CMD_MRSP_PEMD,33097034168,8500,0,15,0,,,0,,16,4,8500,5,0,0,,0,,0
471,0x0007e00000008000,0,ECI_CMD_MREQ_RLDD,33097034244,8000,,15,,,1,,,1,0,8000,7,,,0,0,0,
472,0x580be40000008100,11,ECI_CMD_MFWD_FEVX_EH,33097034517,8100,,15,,2,1,,1,,5,8100,9,0,,0,0,,
473,0x5813e40000008200,11,ECI_CMD_MFWD_FEVX_EH,33097034519,8200,,15,,4,1,,1,,5,8200,9,0,,0,0,,
474,0x581be40000008300,11,ECI_CMD_MFWD_FEVX_EH,33097034521,8300,,15,,6,1,,1,,5,8300,9,0,,0,0,,
475,0x5823e40000008400,11,ECI_CMD_MFWD_FEVX_EH,33097034523,8400,,15,,8,1,,1,,5,8400,9,0,,0,0,,
476,0x582be40000008500,11,ECI_CMD_MFWD_FEVX_EH,33097034525,8500,,15,,10,1,,1,,5,8500,9,0,,0,0,,
477,0x5833e40000008600,11,ECI_CMD_MFWD_FEVX_EH,33097034527,8600,,15,,12,1,,1,,5,8600,9,0,,0,0,,
478,0x180be00000008100,3,ECI_CMD_MRSP_VICDHI,33097034595,8100,,15,,2,1,,,,2,8100,5,,,,0,,0
479,0x1813e00000008200,3,ECI_CMD_MRSP_VICDHI,33097034599,8200,,15,,4,1,,,,2,8200,5,,,,0,,0
480,0x181be00000008300,3,ECI_CMD_MRSP_VICDHI,33097034603,8300,,15,,6,1,,,,2,8300,5,,,,0,,0
481,0x1823e00000008400,3,ECI_CMD_MRSP_VICDHI,33097034607,8400,,15,,8,1,,,,2,8400,5,,,,0,,0
482,0x182be00000008500,3,ECI_CMD_MRSP_VICDHI,33097034611,8500,,15,,10,1,,,,2,8500,5,,,,0,,0
483,0x1833e00000008600,3,ECI_CMD_MRSP_VICDHI,33097034615,8600,,15,,12,1,,,,2,8600,5,,,,0,,0
484,0x4807c00000008000,9,ECI_CMD_MRSP_PSHA,33097034872,8000,0,15,0,,,0,,1,4,8000,5,0,0,,0,,0
485,0x3807e00000008000,7,ECI_CMD_MREQ_RC2D_S,33097035569,8000,,15,,,1,,,1,0,8000,7,,,0,0,0,
486,0x2804300000008200,5,ECI_CMD_MREQ_RLDX,33097035582,8200,,0,,,1,,,1,0,8200,7,,,0,4,0,
487,0x2800300000008100,5,ECI_CMD_MREQ_RLDX,33097035584,8100,,0,,,1,,,0,0,8100,7,,,0,4,0,
488,0x2804300000008300,5,ECI_CMD_MREQ_RLDX,33097035586,8300,,0,,,1,,,1,0,8300,7,,,0,4,0,
489,0x2844300000008400,5,ECI_CMD_MREQ_RLDX,33097035588,8400,,0,,,1,,,17,0,8400,7,,,0,4,0,
490,0x2840300000008500,5,ECI_CMD_MREQ_RLDX,33097035590,8500,,0,,,1,,,16,0,8500,7,,,0,4,0,
491,0x2844300000008600,5,ECI_CMD_MREQ_RLDX,33097035592,8600,,0,,,1,,,17,0,8600,7,,,0,4,0,
492,0x5004000000008000,10,ECI_CMD_MRSP_PEMD,33097035594,8000,0,0,0,,,0,,1,3,8000,11,0,0,,0,,0
493,0x5007c00000008200,10,ECI_CMD_MRSP_PEMD,33097035669,8200,0,15,0,,,0,,1,4,8200,5,0,0,,0,,0
494,0x5003c00000008100,10,ECI_CMD_MRSP_PEMD,33097035691,8100,0,15,0,,,0,,0,4,8100,5,0,0,,0,,0
495,0x5007c00000008300,10,ECI_CMD_MRSP_PEMD,33097035713,8300,0,15,0,,,0,,1,4,8300,5,0,0,,0,,0
496,0x5047c00000008400,10,ECI_CMD_MRSP_PEMD,33097035735,8400,0,15,0,,,0,,17,4,8400,5,0,0,,0,,0
497,0x5043c00000008500,10,ECI_CMD_MRSP_PEMD,33097035757,8500,0,15,0,,,0,,16,4,8500,5,0,0,,0,,0
498,0x5047c00000008600,10,ECI_CMD_MRSP_PEMD,33097035779,8600,0,15,0,,,0,,17,4,8600,5,0,0,,0,,0
499,0x5803e40000008000,11,ECI_CMD_MFWD_FEVX_EH,33097035925,8000,,15,,0,1,,1,,5,8000,9,0,,0,0,,
500,0x1803e00000008000,3,ECI_CMD_MRSP_VICDHI,33097036005,8000,,15,,0,1,,,,2,8000,5,,,,0,,0
501,0x580be40000008100,11,ECI_CMD_MFWD_FEVX_EH,33097036129,8100,,15,,2,1,,1,,5,8100,9,0,,0,0,,
502,0x5813e40000008200,11,ECI_CMD_MFWD_FEVX_EH,33097036131,8200,,15,,4,1,,1,,5,8200,9,0,,0,0,,
503,0x581be40000008300,11,ECI_CMD_MFWD_FEVX_EH,33097036133,8300,,15,,6,1,,1,,5,8300,9,0,,0,0,,
504,0x5823e40000008400,11,ECI_CMD_MFWD_FEVX_EH,33097036135,8400,,15,,8,1,,1,,5,8400,9,0,,0,0,,
505,0x582be40000008500,11,ECI_CMD_MFWD_FEVX_EH,33097036137,8500,,15,,10,1,,1,,5,8500,9,0,,0,0,,
506,0x5833e40000008600,11,ECI_CMD_MFWD_FEVX_EH,33097036139,8600,,15,,12,1,,1,,5,8600,9,0,,0,0,,
507,0x180be00000008100,3,ECI_CMD_MRSP_VICDHI,33097036208,8100,,15,,2,1,,,,2,8100,5,,,,0,,0
508,0x1813e00000008200,3,ECI_CMD_MRSP_VICDHI,33097036212,8200,,15,,4,1,,,,2,8200,5,,,,0,,0
509,0x181be00000008300,3,ECI_CMD_MRSP_VICDHI,33097036216,8300,,15,,6,1,,,,2,8300,5,,,,0,,0
510,0x1823e00000008400,3,ECI_CMD_MRSP_VICDHI,33097036220,8400,,15,,8,1,,,,2,8400,5,,,,0,,0
511,0x1833e00000008600,3,ECI_CMD_MRSP_VICDHI,33097036224,8600,,15,,12,1,,,,2,8600,5,,,,0,,0
512,0x182be00000008500,3,ECI_CMD_MRSP_VICDHI,33097036228,8500,,15,,10,1,,,,2,8500,5,,,,0,,0
513,0x2800300000008200,5,ECI_CMD_MREQ_RLDX,33097036934,8200,,0,,,1,,,0,0,8200,7,,,0,4,0,
514,0x2804300000008100,5,ECI_CMD_MREQ_RLDX,33097036936,8100,,0,,,1,,,1,0,8100,7,,,0,4,0,
515,0x2840300000008400,5,ECI_CMD_MREQ_RLDX,33097036938,8400,,0,,,1,,,16,0,8400,7,,,0,4,0,
516,0x2800300000008300,5,ECI_CMD_MREQ_RLDX,33097036940,8300,,0,,,1,,,0,0,8300,7,,,0,4,0,
517,0x2844300000008600,5,ECI_CMD_MREQ_RLDX,33097036942,8600,,0,,,1,,,17,0,8600,7,,,0,4,0,
518,0x2840300000008500,5,ECI_CMD_MREQ_RLDX,33097036944,8500,,0,,,1,,,16,0,8500,7,,,0,4,0,
519,0x5003c00000008200,10,ECI_CMD_MRSP_PEMD,33097037010,8200,0,15,0,,,0,,0,4,8200,5,0,0,,0,,0
520,0x5007c00000008100,10,ECI_CMD_MRSP_PEMD,33097037032,8100,0,15,0,,,0,,1,4,8100,5,0,0,,0,,0
521,0x5043c00000008400,10,ECI_CMD_MRSP_PEMD,33097037054,8400,0,15,0,,,0,,16,4,8400,5,0,0,,0,,0
522,0x5003c00000008300,10,ECI_CMD_MRSP_PEMD,33097037076,8300,0,15,0,,,0,,0,4,8300,5,0,0,,0,,0
523,0x5047c00000008600,10,ECI_CMD_MRSP_PEMD,33097037098,8600,0,15,0,,,0,,17,4,8600,5,0,0,,0,,0
524,0x5043c00000008500,10,ECI_CMD_MRSP_PEMD,33097037120,8500,0,15,0,,,0,,16,4,8500,5,0,0,,0,,0
525,0x0007e00000008000,0,ECI_CMD_MREQ_RLDD,33097037208,8000,,15,,,1,,,1,0,8000,7,,,0,0,0,
526,0x580be40000008100,11,ECI_CMD_MFWD_FEVX_EH,33097037480,8100,,15,,2,1,,1,,5,8100,9,0,,0,0,,
527,0x5813e40000008200,11,ECI_CMD_MFWD_FEVX_EH,33097037482,8200,,15,,4,1,,1,,5,8200,9,0,,0,0,,
528,0x581be40000008300,11,ECI_CMD_MFWD_FEVX_EH,33097037484,8300,,15,,6,1,,1,,5,8300,9,0,,0,0,,
529,0x5823e40000008400,11,ECI_CMD_MFWD_FEVX_EH,33097037486,8400,,15,,8,1,,1,,5,8400,9,0,,0,0,,
530,0x582be40000008500,11,ECI_CMD_MFWD_FEVX_EH,33097037488,8500,,15,,10,1,,1,,5,8500,9,0,,0,0,,
531,0x5833e40000008600,11,ECI_CMD_MFWD_FEVX_EH,33097037490,8600,,15,,12,1,,1,,5,8600,9,0,,0,0,,
532,0x1813e00000008200,3,ECI_CMD_MRSP_VICDHI,33097037559,8200,,15,,4,1,,,,2,8200,5,,,,0,,0
533,0x180be00000008100,3,ECI_CMD_MRSP_VICDHI,33097037563,8100,,15,,2,1,,,,2,8100,5,,,,0,,0
534,0x181be00000008300,3,ECI_CMD_MRSP_VICDHI,33097037567,8300,,15,,6,1,,,,2,8300,5,,,,0,,0
535,0x1823e00000008400,3,ECI_CMD_MRSP_VICDHI,33097037571,8400,,15,,8,1,,,,2,8400,5,,,,0,,0
536,0x182be00000008500,3,ECI_CMD_MRSP_VICDHI,33097037575,8500,,15,,10,1,,,,2,8500,5,,,,0,,0
537,0x1833e00000008600,3,ECI_CMD_MRSP_VICDHI,33097037579,8600,,15,,12,1,,,,2,8600,5,,,,0,,0
538,0x4807c00000008000,9,ECI_CMD_MRSP_PSHA,33097037835,8000,0,15,0,,,0,,1,4,8000,5,0,0,,0,,0
539,0x3803e00000008000,7,ECI_CMD_MREQ_RC2D_S,33097038265,8000,,15,,,1,,,0,0,8000,7,,,0,0,0,
540,0x2804300000008100,5,ECI_CMD_MREQ_RLDX,33097038277,8100,,0,,,1,,,1,0,8100,7,,,0,4,0,
541,0x2804300000008200,5,ECI_CMD_MREQ_RLDX,33097038279,8200,,0,,,1,,,1,0,8200,7,,,0,4,0,
542,0x2800300000008300,5,ECI_CMD_MREQ_RLDX,33097038281,8300,,0,,,1,,,0,0,8300,7,,,0,4,0,
543,0x2840300000008400,5,ECI_CMD_MREQ_RLDX,33097038283,8400,,0,,,1,,,16,0,8400,7,,,0,4,0,
544,0x2840300000008500,5,ECI_CMD_MREQ_RLDX,33097038285,8500,,0,,,1,,,16,0,8500,7,,,0,4,0,
33,0x2844300000008600,5,ECI_CMD_MREQ_RLDX,33097038287,8600,,0,,,1,,,17,0,8600,7,,,0,4,0,
34,0x5000000000008000,10,ECI_CMD_MRSP_PEMD,33097038289,8000,0,0,0,,,0,,0,3,8000,11,0,0,,0,,0
35,0x5007c00000008100,10,ECI_CMD_MRSP_PEMD,33097038364,8100,0,15,0,,,0,,1,4,8100,5,0,0,,0,,0
36,0x5007c00000008200,10,ECI_CMD_MRSP_PEMD,33097038386,8200,0,15,0,,,0,,1,4,8200,5,0,0,,0,,0
37,0x5003c00000008300,10,ECI_CMD_MRSP_PEMD,33097038408,8300,0,15,0,,,0,,0,4,8300,5,0,0,,0,,0
38,0x5043c00000008400,10,ECI_CMD_MRSP_PEMD,33097038430,8400,0,15,0,,,0,,16,4,8400,5,0,0,,0,,0
39,0x5043c00000008500,10,ECI_CMD_MRSP_PEMD,33097038452,8500,0,15,0,,,0,,16,4,8500,5,0,0,,0,,0
40,0x5047c00000008600,10,ECI_CMD_MRSP_PEMD,33097038474,8600,0,15,0,,,0,,17,4,8600,5,0,0,,0,,0
41,0x5803e40000008000,11,ECI_CMD_MFWD_FEVX_EH,33097038619,8000,,15,,0,1,,1,,5,8000,9,0,,0,0,,
42,0x1803e00000008000,3,ECI_CMD_MRSP_VICDHI,33097038699,8000,,15,,0,1,,,,2,8000,5,,,,0,,0
43,0x580be40000008100,11,ECI_CMD_MFWD_FEVX_EH,33097038823,8100,,15,,2,1,,1,,5,8100,9,0,,0,0,,
44,0x5813e40000008200,11,ECI_CMD_MFWD_FEVX_EH,33097038825,8200,,15,,4,1,,1,,5,8200,9,0,,0,0,,
45,0x581be40000008300,11,ECI_CMD_MFWD_FEVX_EH,33097038827,8300,,15,,6,1,,1,,5,8300,9,0,,0,0,,
46,0x5823e40000008400,11,ECI_CMD_MFWD_FEVX_EH,33097038829,8400,,15,,8,1,,1,,5,8400,9,0,,0,0,,
47,0x582be40000008500,11,ECI_CMD_MFWD_FEVX_EH,33097038831,8500,,15,,10,1,,1,,5,8500,9,0,,0,0,,
48,0x5833e40000008600,11,ECI_CMD_MFWD_FEVX_EH,33097038833,8600,,15,,12,1,,1,,5,8600,9,0,,0,0,,
49,0x180be00000008100,3,ECI_CMD_MRSP_VICDHI,33097038901,8100,,15,,2,1,,,,2,8100,5,,,,0,,0
50,0x1813e00000008200,3,ECI_CMD_MRSP_VICDHI,33097038905,8200,,15,,4,1,,,,2,8200,5,,,,0,,0
51,0x181be00000008300,3,ECI_CMD_MRSP_VICDHI,33097038909,8300,,15,,6,1,,,,2,8300,5,,,,0,,0
52,0x1823e00000008400,3,ECI_CMD_MRSP_VICDHI,33097038913,8400,,15,,8,1,,,,2,8400,5,,,,0,,0
53,0x182be00000008500,3,ECI_CMD_MRSP_VICDHI,33097038917,8500,,15,,10,1,,,,2,8500,5,,,,0,,0
54,0x1833e00000008600,3,ECI_CMD_MRSP_VICDHI,33097038921,8600,,15,,12,1,,,,2,8600,5,,,,0,,0
55,0x000be00000000000,0,ECI_CMD_MREQ_RLDD,33097039400,0,,15,,,1,,,2,0,0,7,,,0,0,0,
56,0x480bc00000000000,9,ECI_CMD_MRSP_PSHA,33097039614,0,0,15,0,,,0,,2,4,0,5,0,0,,0,,0
57,0x2800300000008100,5,ECI_CMD_MREQ_RLDX,33097039915,8100,,0,,,1,,,0,0,8100,7,,,0,4,0,
58,0x2800300000008200,5,ECI_CMD_MREQ_RLDX,33097039917,8200,,0,,,1,,,0,0,8200,7,,,0,4,0,
59,0x2800300000008300,5,ECI_CMD_MREQ_RLDX,33097039919,8300,,0,,,1,,,0,0,8300,7,,,0,4,0,
60,0x2844300000008400,5,ECI_CMD_MREQ_RLDX,33097039921,8400,,0,,,1,,,17,0,8400,7,,,0,4,0,
61,0x2840300000008500,5,ECI_CMD_MREQ_RLDX,33097039923,8500,,0,,,1,,,16,0,8500,7,,,0,4,0,
62,0x2844300000008600,5,ECI_CMD_MREQ_RLDX,33097039925,8600,,0,,,1,,,17,0,8600,7,,,0,4,0,
63,0x5003c00000008100,10,ECI_CMD_MRSP_PEMD,33097039991,8100,0,15,0,,,0,,0,4,8100,5,0,0,,0,,0
64,0x5003c00000008200,10,ECI_CMD_MRSP_PEMD,33097040013,8200,0,15,0,,,0,,0,4,8200,5,0,0,,0,,0
65,0x5003c00000008300,10,ECI_CMD_MRSP_PEMD,33097040035,8300,0,15,0,,,0,,0,4,8300,5,0,0,,0,,0
66,0x5047c00000008400,10,ECI_CMD_MRSP_PEMD,33097040057,8400,0,15,0,,,0,,17,4,8400,5,0,0,,0,,0
67,0x5043c00000008500,10,ECI_CMD_MRSP_PEMD,33097040079,8500,0,15,0,,,0,,16,4,8500,5,0,0,,0,,0
68,0x5047c00000008600,10,ECI_CMD_MRSP_PEMD,33097040101,8600,0,15,0,,,0,,17,4,8600,5,0,0,,0,,0
69,0x0007e00000008000,0,ECI_CMD_MREQ_RLDD,33097040193,8000,,15,,,1,,,1,0,8000,7,,,0,0,0,
70,0x580be40000008100,11,ECI_CMD_MFWD_FEVX_EH,33097040464,8100,,15,,2,1,,1,,5,8100,9,0,,0,0,,
71,0x5813e40000008200,11,ECI_CMD_MFWD_FEVX_EH,33097040466,8200,,15,,4,1,,1,,5,8200,9,0,,0,0,,
72,0x581be40000008300,11,ECI_CMD_MFWD_FEVX_EH,33097040468,8300,,15,,6,1,,1,,5,8300,9,0,,0,0,,
73,0x5823e40000008400,11,ECI_CMD_MFWD_FEVX_EH,33097040470,8400,,15,,8,1,,1,,5,8400,9,0,,0,0,,
74,0x582be40000008500,11,ECI_CMD_MFWD_FEVX_EH,33097040472,8500,,15,,10,1,,1,,5,8500,9,0,,0,0,,
75,0x5833e40000008600,11,ECI_CMD_MFWD_FEVX_EH,33097040474,8600,,15,,12,1,,1,,5,8600,9,0,,0,0,,
76,0x180be00000008100,3,ECI_CMD_MRSP_VICDHI,33097040541,8100,,15,,2,1,,,,2,8100,5,,,,0,,0
77,0x1813e00000008200,3,ECI_CMD_MRSP_VICDHI,33097040545,8200,,15,,4,1,,,,2,8200,5,,,,0,,0
78,0x181be00000008300,3,ECI_CMD_MRSP_VICDHI,33097040549,8300,,15,,6,1,,,,2,8300,5,,,,0,,0
79,0x1823e00000008400,3,ECI_CMD_MRSP_VICDHI,33097040553,8400,,15,,8,1,,,,2,8400,5,,,,0,,0
80,0x182be00000008500,3,ECI_CMD_MRSP_VICDHI,33097040557,8500,,15,,10,1,,,,2,8500,5,,,,0,,0
81,0x1833e00000008600,3,ECI_CMD_MRSP_VICDHI,33097040561,8600,,15,,12,1,,,,2,8600,5,,,,0,,0
82,0x4807c00000008000,9,ECI_CMD_MRSP_PSHA,33097040817,8000,0,15,0,,,0,,1,4,8000,5,0,0,,0,,0
83,0x7003e40000000000,14,ECI_CMD_MFWD_SINV_H,33097041041,0,,15,,0,1,,1,,5,0,9,0,,0,0,,
84,0x2000200000000000,4,ECI_CMD_MRSP_HAKD,33097041107,0,,0,,0,1,,,,1,0,11,,,,0,,0
85,0x3807e00000008000,7,ECI_CMD_MREQ_RC2D_S,33097041456,8000,,15,,,1,,,1,0,8000,7,,,0,0,0,
86,0x2800300000008100,5,ECI_CMD_MREQ_RLDX,33097041468,8100,,0,,,1,,,0,0,8100,7,,,0,4,0,
87,0x2800300000008200,5,ECI_CMD_MREQ_RLDX,33097041470,8200,,0,,,1,,,0,0,8200,7,,,0,4,0,
88,0x2800300000008300,5,ECI_CMD_MREQ_RLDX,33097041472,8300,,0,,,1,,,0,0,8300,7,,,0,4,0,
89,0x2844300000008400,5,ECI_CMD_MREQ_RLDX,33097041474,8400,,0,,,1,,,17,0,8400,7,,,0,4,0,
90,0x2844300000008500,5,ECI_CMD_MREQ_RLDX,33097041476,8500,,0,,,1,,,17,0,8500,7,,,0,4,0,
91,0x2844300000008600,5,ECI_CMD_MREQ_RLDX,33097041478,8600,,0,,,1,,,17,0,8600,7,,,0,4,0,
92,0x5004000000008000,10,ECI_CMD_MRSP_PEMD,33097041480,8000,0,0,0,,,0,,1,3,8000,11,0,0,,0,,0
93,0x5003c00000008100,10,ECI_CMD_MRSP_PEMD,33097041555,8100,0,15,0,,,0,,0,4,8100,5,0,0,,0,,0
94,0x5003c00000008200,10,ECI_CMD_MRSP_PEMD,33097041577,8200,0,15,0,,,0,,0,4,8200,5,0,0,,0,,0
95,0x5003c00000008300,10,ECI_CMD_MRSP_PEMD,33097041599,8300,0,15,0,,,0,,0,4,8300,5,0,0,,0,,0
96,0x5047c00000008400,10,ECI_CMD_MRSP_PEMD,33097041621,8400,0,15,0,,,0,,17,4,8400,5,0,0,,0,,0
97,0x5047c00000008500,10,ECI_CMD_MRSP_PEMD,33097041643,8500,0,15,0,,,0,,17,4,8500,5,0,0,,0,,0
98,0x5047c00000008600,10,ECI_CMD_MRSP_PEMD,33097041665,8600,0,15,0,,,0,,17,4,8600,5,0,0,,0,,0
99,0x5803e40000008000,11,ECI_CMD_MFWD_FEVX_EH,33097041810,8000,,15,,0,1,,1,,5,8000,9,0,,0,0,,
100,0x1803e00000008000,3,ECI_CMD_MRSP_VICDHI,33097041889,8000,,15,,0,1,,,,2,8000,5,,,,0,,0
101,0x580be40000008100,11,ECI_CMD_MFWD_FEVX_EH,33097042013,8100,,15,,2,1,,1,,5,8100,9,0,,0,0,,
102,0x5813e40000008200,11,ECI_CMD_MFWD_FEVX_EH,33097042015,8200,,15,,4,1,,1,,5,8200,9,0,,0,0,,
103,0x581be40000008300,11,ECI_CMD_MFWD_FEVX_EH,33097042017,8300,,15,,6,1,,1,,5,8300,9,0,,0,0,,
104,0x5823e40000008400,11,ECI_CMD_MFWD_FEVX_EH,33097042019,8400,,15,,8,1,,1,,5,8400,9,0,,0,0,,
105,0x582be40000008500,11,ECI_CMD_MFWD_FEVX_EH,33097042021,8500,,15,,10,1,,1,,5,8500,9,0,,0,0,,
106,0x5833e40000008600,11,ECI_CMD_MFWD_FEVX_EH,33097042023,8600,,15,,12,1,,1,,5,8600,9,0,,0,0,,
107,0x180be00000008100,3,ECI_CMD_MRSP_VICDHI,33097042091,8100,,15,,2,1,,,,2,8100,5,,,,0,,0
108,0x1813e00000008200,3,ECI_CMD_MRSP_VICDHI,33097042095,8200,,15,,4,1,,,,2,8200,5,,,,0,,0
109,0x181be00000008300,3,ECI_CMD_MRSP_VICDHI,33097042099,8300,,15,,6,1,,,,2,8300,5,,,,0,,0
110,0x1823e00000008400,3,ECI_CMD_MRSP_VICDHI,33097042103,8400,,15,,8,1,,,,2,8400,5,,,,0,,0
111,0x182be00000008500,3,ECI_CMD_MRSP_VICDHI,33097042107,8500,,15,,10,1,,,,2,8500,5,,,,0,,0
112,0x1833e00000008600,3,ECI_CMD_MRSP_VICDHI,33097042111,8600,,15,,12,1,,,,2,8600,5,,,,0,,0
113,0x2804300000008200,5,ECI_CMD_MREQ_RLDX,33097042813,8200,,0,,,1,,,1,0,8200,7,,,0,4,0,
114,0x2800300000008100,5,ECI_CMD_MREQ_RLDX,33097042815,8100,,0,,,1,,,0,0,8100,7,,,0,4,0,
115,0x2840300000008400,5,ECI_CMD_MREQ_RLDX,33097042817,8400,,0,,,1,,,16,0,8400,7,,,0,4,0,
116,0x2800300000008300,5,ECI_CMD_MREQ_RLDX,33097042819,8300,,0,,,1,,,0,0,8300,7,,,0,4,0,
117,0x2840300000008600,5,ECI_CMD_MREQ_RLDX,33097042821,8600,,0,,,1,,,16,0,8600,7,,,0,4,0,
118,0x2844300000008500,5,ECI_CMD_MREQ_RLDX,33097042823,8500,,0,,,1,,,17,0,8500,7,,,0,4,0,
119,0x5007c00000008200,10,ECI_CMD_MRSP_PEMD,33097042889,8200,0,15,0,,,0,,1,4,8200,5,0,0,,0,,0
120,0x5003c00000008100,10,ECI_CMD_MRSP_PEMD,33097042911,8100,0,15,0,,,0,,0,4,8100,5,0,0,,0,,0
121,0x5043c00000008400,10,ECI_CMD_MRSP_PEMD,33097042933,8400,0,15,0,,,0,,16,4,8400,5,0,0,,0,,0
122,0x5003c00000008300,10,ECI_CMD_MRSP_PEMD,33097042955,8300,0,15,0,,,0,,0,4,8300,5,0,0,,0,,0
123,0x5043c00000008600,10,ECI_CMD_MRSP_PEMD,33097042977,8600,0,15,0,,,0,,16,4,8600,5,0,0,,0,,0
124,0x5047c00000008500,10,ECI_CMD_MRSP_PEMD,33097042999,8500,0,15,0,,,0,,17,4,8500,5,0,0,,0,,0
125,0x0007e00000008000,0,ECI_CMD_MREQ_RLDD,33097043088,8000,,15,,,1,,,1,0,8000,7,,,0,0,0,
126,0x580be40000008100,11,ECI_CMD_MFWD_FEVX_EH,33097043361,8100,,15,,2,1,,1,,5,8100,9,0,,0,0,,
127,0x5813e40000008200,11,ECI_CMD_MFWD_FEVX_EH,33097043363,8200,,15,,4,1,,1,,5,8200,9,0,,0,0,,
128,0x581be40000008300,11,ECI_CMD_MFWD_FEVX_EH,33097043365,8300,,15,,6,1,,1,,5,8300,9,0,,0,0,,
129,0x5823e40000008400,11,ECI_CMD_MFWD_FEVX_EH,33097043367,8400,,15,,8,1,,1,,5,8400,9,0,,0,0,,
130,0x582be40000008500,11,ECI_CMD_MFWD_FEVX_EH,33097043369,8500,,15,,10,1,,1,,5,8500,9,0,,0,0,,
131,0x5833e40000008600,11,ECI_CMD_MFWD_FEVX_EH,33097043371,8600,,15,,12,1,,1,,5,8600,9,0,,0,0,,
132,0x180be00000008100,3,ECI_CMD_MRSP_VICDHI,33097043439,8100,,15,,2,1,,,,2,8100,5,,,,0,,0
133,0x1813e00000008200,3,ECI_CMD_MRSP_VICDHI,33097043443,8200,,15,,4,1,,,,2,8200,5,,,,0,,0
134,0x181be00000008300,3,ECI_CMD_MRSP_VICDHI,33097043447,8300,,15,,6,1,,,,2,8300,5,,,,0,,0
135,0x1823e00000008400,3,ECI_CMD_MRSP_VICDHI,33097043451,8400,,15,,8,1,,,,2,8400,5,,,,0,,0
136,0x182be00000008500,3,ECI_CMD_MRSP_VICDHI,33097043455,8500,,15,,10,1,,,,2,8500,5,,,,0,,0
137,0x1833e00000008600,3,ECI_CMD_MRSP_VICDHI,33097043459,8600,,15,,12,1,,,,2,8600,5,,,,0,,0
138,0x4807c00000008000,9,ECI_CMD_MRSP_PSHA,33097043715,8000,0,15,0,,,0,,1,4,8000,5,0,0,,0,,0
139,0x3803e00000008000,7,ECI_CMD_MREQ_RC2D_S,33097044144,8000,,15,,,1,,,0,0,8000,7,,,0,0,0,
140,0x2800300000008100,5,ECI_CMD_MREQ_RLDX,33097044156,8100,,0,,,1,,,0,0,8100,7,,,0,4,0,
141,0x2804300000008200,5,ECI_CMD_MREQ_RLDX,33097044158,8200,,0,,,1,,,1,0,8200,7,,,0,4,0,
142,0x2804300000008300,5,ECI_CMD_MREQ_RLDX,33097044160,8300,,0,,,1,,,1,0,8300,7,,,0,4,0,
143,0x2844300000008400,5,ECI_CMD_MREQ_RLDX,33097044162,8400,,0,,,1,,,17,0,8400,7,,,0,4,0,
144,0x2844300000008500,5,ECI_CMD_MREQ_RLDX,33097044164,8500,,0,,,1,,,17,0,8500,7,,,0,4,0,
145,0x2844300000008600,5,ECI_CMD_MREQ_RLDX,33097044166,8600,,0,,,1,,,17,0,8600,7,,,0,4,0,
146,0x5000000000008000,10,ECI_CMD_MRSP_PEMD,33097044168,8000,0,0,0,,,0,,0,3,8000,11,0,0,,0,,0
147,0x5003c00000008100,10,ECI_CMD_MRSP_PEMD,33097044243,8100,0,15,0,,,0,,0,4,8100,5,0,0,,0,,0
148,0x5007c00000008200,10,ECI_CMD_MRSP_PEMD,33097044265,8200,0,15,0,,,0,,1,4,8200,5,0,0,,0,,0
149,0x5007c00000008300,10,ECI_CMD_MRSP_PEMD,33097044287,8300,0,15,0,,,0,,1,4,8300,5,0,0,,0,,0
150,0x5047c00000008400,10,ECI_CMD_MRSP_PEMD,33097044309,8400,0,15,0,,,0,,17,4,8400,5,0,0,,0,,0
151,0x5047c00000008500,10,ECI_CMD_MRSP_PEMD,33097044331,8500,0,15,0,,,0,,17,4,8500,5,0,0,,0,,0
152,0x5047c00000008600,10,ECI_CMD_MRSP_PEMD,33097044353,8600,0,15,0,,,0,,17,4,8600,5,0,0,,0,,0
153,0x5803e40000008000,11,ECI_CMD_MFWD_FEVX_EH,33097044503,8000,,15,,0,1,,1,,5,8000,9,0,,0,0,,
154,0x1803e00000008000,3,ECI_CMD_MRSP_VICDHI,33097044582,8000,,15,,0,1,,,,2,8000,5,,,,0,,0
155,0x580be40000008100,11,ECI_CMD_MFWD_FEVX_EH,33097044706,8100,,15,,2,1,,1,,5,8100,9,0,,0,0,,
156,0x5813e40000008200,11,ECI_CMD_MFWD_FEVX_EH,33097044708,8200,,15,,4,1,,1,,5,8200,9,0,,0,0,,
157,0x581be40000008300,11,ECI_CMD_MFWD_FEVX_EH,33097044710,8300,,15,,6,1,,1,,5,8300,9,0,,0,0,,
158,0x5823e40000008400,11,ECI_CMD_MFWD_FEVX_EH,33097044712,8400,,15,,8,1,,1,,5,8400,9,0,,0,0,,
159,0x582be40000008500,11,ECI_CMD_MFWD_FEVX_EH,33097044714,8500,,15,,10,1,,1,,5,8500,9,0,,0,0,,
160,0x5833e40000008600,11,ECI_CMD_MFWD_FEVX_EH,33097044716,8600,,15,,12,1,,1,,5,8600,9,0,,0,0,,
161,0x180be00000008100,3,ECI_CMD_MRSP_VICDHI,33097044784,8100,,15,,2,1,,,,2,8100,5,,,,0,,0
162,0x1813e00000008200,3,ECI_CMD_MRSP_VICDHI,33097044788,8200,,15,,4,1,,,,2,8200,5,,,,0,,0
163,0x181be00000008300,3,ECI_CMD_MRSP_VICDHI,33097044792,8300,,15,,6,1,,,,2,8300,5,,,,0,,0
164,0x1823e00000008400,3,ECI_CMD_MRSP_VICDHI,33097044796,8400,,15,,8,1,,,,2,8400,5,,,,0,,0
165,0x182be00000008500,3,ECI_CMD_MRSP_VICDHI,33097044800,8500,,15,,10,1,,,,2,8500,5,,,,0,,0
166,0x1833e00000008600,3,ECI_CMD_MRSP_VICDHI,33097044804,8600,,15,,12,1,,,,2,8600,5,,,,0,,0
167,0x0003e00000000000,0,ECI_CMD_MREQ_RLDD,33097045168,0,,15,,,1,,,0,0,0,7,,,0,0,0,
168,0x4803c00000000000,9,ECI_CMD_MRSP_PSHA,33097045383,0,0,15,0,,,0,,0,4,0,5,0,0,,0,,0
169,0x2800300000008100,5,ECI_CMD_MREQ_RLDX,33097045683,8100,,0,,,1,,,0,0,8100,7,,,0,4,0,
170,0x2804300000008200,5,ECI_CMD_MREQ_RLDX,33097045685,8200,,0,,,1,,,1,0,8200,7,,,0,4,0,
171,0x2800300000008300,5,ECI_CMD_MREQ_RLDX,33097045687,8300,,0,,,1,,,0,0,8300,7,,,0,4,0,
172,0x2844300000008400,5,ECI_CMD_MREQ_RLDX,33097045689,8400,,0,,,1,,,17,0,8400,7,,,0,4,0,
173,0x2840300000008500,5,ECI_CMD_MREQ_RLDX,33097045691,8500,,0,,,1,,,16,0,8500,7,,,0,4,0,
174,0x2840300000008600,5,ECI_CMD_MREQ_RLDX,33097045693,8600,,0,,,1,,,16,0,8600,7,,,0,4,0,
175,0x5003c00000008100,10,ECI_CMD_MRSP_PEMD,33097045759,8100,0,15,0,,,0,,0,4,8100,5,0,0,,0,,0
176,0x5007c00000008200,10,ECI_CMD_MRSP_PEMD,33097045781,8200,0,15,0,,,0,,1,4,8200,5,0,0,,0,,0
177,0x5003c00000008300,10,ECI_CMD_MRSP_PEMD,33097045803,8300,0,15,0,,,0,,0,4,8300,5,0,0,,0,,0
178,0x5047c00000008400,10,ECI_CMD_MRSP_PEMD,33097045825,8400,0,15,0,,,0,,17,4,8400,5,0,0,,0,,0
179,0x5043c00000008500,10,ECI_CMD_MRSP_PEMD,33097045847,8500,0,15,0,,,0,,16,4,8500,5,0,0,,0,,0
180,0x5043c00000008600,10,ECI_CMD_MRSP_PEMD,33097045869,8600,0,15,0,,,0,,16,4,8600,5,0,0,,0,,0
181,0x0003e00000008000,0,ECI_CMD_MREQ_RLDD,33097045961,8000,,15,,,1,,,0,0,8000,7,,,0,0,0,
182,0x580be40000008100,11,ECI_CMD_MFWD_FEVX_EH,33097046232,8100,,15,,2,1,,1,,5,8100,9,0,,0,0,,
183,0x5813e40000008200,11,ECI_CMD_MFWD_FEVX_EH,33097046234,8200,,15,,4,1,,1,,5,8200,9,0,,0,0,,
184,0x581be40000008300,11,ECI_CMD_MFWD_FEVX_EH,33097046236,8300,,15,,6,1,,1,,5,8300,9,0,,0,0,,
185,0x5823e40000008400,11,ECI_CMD_MFWD_FEVX_EH,33097046238,8400,,15,,8,1,,1,,5,8400,9,0,,0,0,,
186,0x582be40000008500,11,ECI_CMD_MFWD_FEVX_EH,33097046240,8500,,15,,10,1,,1,,5,8500,9,0,,0,0,,
187,0x5833e40000008600,11,ECI_CMD_MFWD_FEVX_EH,33097046242,8600,,15,,12,1,,1,,5,8600,9,0,,0,0,,
188,0x180be00000008100,3,ECI_CMD_MRSP_VICDHI,33097046311,8100,,15,,2,1,,,,2,8100,5,,,,0,,0
189,0x1813e00000008200,3,ECI_CMD_MRSP_VICDHI,33097046315,8200,,15,,4,1,,,,2,8200,5,,,,0,,0
190,0x181be00000008300,3,ECI_CMD_MRSP_VICDHI,33097046319,8300,,15,,6,1,,,,2,8300,5,,,,0,,0
191,0x1823e00000008400,3,ECI_CMD_MRSP_VICDHI,33097046323,8400,,15,,8,1,,,,2,8400,5,,,,0,,0
192,0x182be00000008500,3,ECI_CMD_MRSP_VICDHI,33097046327,8500,,15,,10,1,,,,2,8500,5,,,,0,,0
193,0x1833e00000008600,3,ECI_CMD_MRSP_VICDHI,33097046331,8600,,15,,12,1,,,,2,8600,5,,,,0,,0
194,0x4803c00000008000,9,ECI_CMD_MRSP_PSHA,33097046584,8000,0,15,0,,,0,,0,4,8000,5,0,0,,0,,0
195,0x7003e40000000000,14,ECI_CMD_MFWD_SINV_H,33097046807,0,,15,,0,1,,1,,5,0,9,0,,0,0,,
196,0x2000200000000000,4,ECI_CMD_MRSP_HAKD,33097046874,0,,0,,0,1,,,,1,0,11,,,,0,,0
197,0x3803e00000008000,7,ECI_CMD_MREQ_RC2D_S,33097047241,8000,,15,,,1,,,0,0,8000,7,,,0,0,0,
198,0x2804300000008100,5,ECI_CMD_MREQ_RLDX,33097047254,8100,,0,,,1,,,1,0,8100,7,,,0,4,0,
199,0x2804300000008300,5,ECI_CMD_MREQ_RLDX,33097047256,8300,,0,,,1,,,1,0,8300,7,,,0,4,0,
200,0x2804300000008200,5,ECI_CMD_MREQ_RLDX,33097047258,8200,,0,,,1,,,1,0,8200,7,,,0,4,0,
201,0x2840300000008500,5,ECI_CMD_MREQ_RLDX,33097047260,8500,,0,,,1,,,16,0,8500,7,,,0,4,0,
202,0x2840300000008400,5,ECI_CMD_MREQ_RLDX,33097047262,8400,,0,,,1,,,16,0,8400,7,,,0,4,0,
203,0x2840300000008600,5,ECI_CMD_MREQ_RLDX,33097047264,8600,,0,,,1,,,16,0,8600,7,,,0,4,0,
204,0x5000000000008000,10,ECI_CMD_MRSP_PEMD,33097047266,8000,0,0,0,,,0,,0,3,8000,11,0,0,,0,,0
205,0x5007c00000008100,10,ECI_CMD_MRSP_PEMD,33097047341,8100,0,15,0,,,0,,1,4,8100,5,0,0,,0,,0
206,0x5007c00000008300,10,ECI_CMD_MRSP_PEMD,33097047363,8300,0,15,0,,,0,,1,4,8300,5,0,0,,0,,0
207,0x5007c00000008200,10,ECI_CMD_MRSP_PEMD,33097047385,8200,0,15,0,,,0,,1,4,8200,5,0,0,,0,,0
208,0x5043c00000008500,10,ECI_CMD_MRSP_PEMD,33097047407,8500,0,15,0,,,0,,16,4,8500,5,0,0,,0,,0
209,0x5043c00000008400,10,ECI_CMD_MRSP_PEMD,33097047429,8400,0,15,0,,,0,,16,4,8400,5,0,0,,0,,0
210,0x5043c00000008600,10,ECI_CMD_MRSP_PEMD,33097047451,8600,0,15,0,,,0,,16,4,8600,5,0,0,,0,,0
211,0x5803e40000008000,11,ECI_CMD_MFWD_FEVX_EH,33097047601,8000,,15,,0,1,,1,,5,8000,9,0,,0,0,,
212,0x1803e00000008000,3,ECI_CMD_MRSP_VICDHI,33097047681,8000,,15,,0,1,,,,2,8000,5,,,,0,,0
213,0x580be40000008100,11,ECI_CMD_MFWD_FEVX_EH,33097047805,8100,,15,,2,1,,1,,5,8100,9,0,,0,0,,
214,0x5813e40000008200,11,ECI_CMD_MFWD_FEVX_EH,33097047807,8200,,15,,4,1,,1,,5,8200,9,0,,0,0,,
215,0x581be40000008300,11,ECI_CMD_MFWD_FEVX_EH,33097047809,8300,,15,,6,1,,1,,5,8300,9,0,,0,0,,
216,0x5823e40000008400,11,ECI_CMD_MFWD_FEVX_EH,33097047811,8400,,15,,8,1,,1,,5,8400,9,0,,0,0,,
217,0x582be40000008500,11,ECI_CMD_MFWD_FEVX_EH,33097047813,8500,,15,,10,1,,1,,5,8500,9,0,,0,0,,
218,0x5833e40000008600,11,ECI_CMD_MFWD_FEVX_EH,33097047815,8600,,15,,12,1,,1,,5,8600,9,0,,0,0,,
219,0x180be00000008100,3,ECI_CMD_MRSP_VICDHI,33097047883,8100,,15,,2,1,,,,2,8100,5,,,,0,,0
220,0x1813e00000008200,3,ECI_CMD_MRSP_VICDHI,33097047887,8200,,15,,4,1,,,,2,8200,5,,,,0,,0
221,0x181be00000008300,3,ECI_CMD_MRSP_VICDHI,33097047891,8300,,15,,6,1,,,,2,8300,5,,,,0,,0
222,0x1823e00000008400,3,ECI_CMD_MRSP_VICDHI,33097047895,8400,,15,,8,1,,,,2,8400,5,,,,0,,0
223,0x182be00000008500,3,ECI_CMD_MRSP_VICDHI,33097047899,8500,,15,,10,1,,,,2,8500,5,,,,0,,0
224,0x1833e00000008600,3,ECI_CMD_MRSP_VICDHI,33097047903,8600,,15,,12,1,,,,2,8600,5,,,,0,,0
225,0x0003e00000000000,0,ECI_CMD_MREQ_RLDD,33097048268,0,,15,,,1,,,0,0,0,7,,,0,0,0,
226,0x4803c00000000000,9,ECI_CMD_MRSP_PSHA,33097048530,0,0,15,0,,,0,,0,4,0,5,0,0,,0,,0
227,0x2804300000008200,5,ECI_CMD_MREQ_RLDX,33097048829,8200,,0,,,1,,,1,0,8200,7,,,0,4,0,
228,0x2804300000008100,5,ECI_CMD_MREQ_RLDX,33097048831,8100,,0,,,1,,,1,0,8100,7,,,0,4,0,
229,0x2844300000008400,5,ECI_CMD_MREQ_RLDX,33097048833,8400,,0,,,1,,,17,0,8400,7,,,0,4,0,
230,0x2800300000008300,5,ECI_CMD_MREQ_RLDX,33097048835,8300,,0,,,1,,,0,0,8300,7,,,0,4,0,
231,0x2840300000008600,5,ECI_CMD_MREQ_RLDX,33097048837,8600,,0,,,1,,,16,0,8600,7,,,0,4,0,
232,0x2840300000008500,5,ECI_CMD_MREQ_RLDX,33097048839,8500,,0,,,1,,,16,0,8500,7,,,0,4,0,
233,0x5007c00000008200,10,ECI_CMD_MRSP_PEMD,33097048905,8200,0,15,0,,,0,,1,4,8200,5,0,0,,0,,0
234,0x5007c00000008100,10,ECI_CMD_MRSP_PEMD,33097048927,8100,0,15,0,,,0,,1,4,8100,5,0,0,,0,,0
235,0x5047c00000008400,10,ECI_CMD_MRSP_PEMD,33097048949,8400,0,15,0,,,0,,17,4,8400,5,0,0,,0,,0
236,0x5003c00000008300,10,ECI_CMD_MRSP_PEMD,33097048971,8300,0,15,0,,,0,,0,4,8300,5,0,0,,0,,0
237,0x5043c00000008600,10,ECI_CMD_MRSP_PEMD,33097048993,8600,0,15,0,,,0,,16,4,8600,5,0,0,,0,,0
238,0x5043c00000008500,10,ECI_CMD_MRSP_PEMD,33097049015,8500,0,15,0,,,0,,16,4,8500,5,0,0,,0,,0
239,0x0007e00000008000,0,ECI_CMD_MREQ_RLDD,33097049107,8000,,15,,,1,,,1,0,8000,7,,,0,0,0,
240,0x580be40000008100,11,ECI_CMD_MFWD_FEVX_EH,33097049379,8100,,15,,2,1,,1,,5,8100,9,0,,0,0,,
241,0x5813e40000008200,11,ECI_CMD_MFWD_FEVX_EH,33097049381,8200,,15,,4,1,,1,,5,8200,9,0,,0,0,,
242,0x581be40000008300,11,ECI_CMD_MFWD_FEVX_EH,33097049383,8300,,15,,6,1,,1,,5,8300,9,0,,0,0,,
243,0x5823e40000008400,11,ECI_CMD_MFWD_FEVX_EH,33097049385,8400,,15,,8,1,,1,,5,8400,9,0,,0,0,,
244,0x582be40000008500,11,ECI_CMD_MFWD_FEVX_EH,33097049387,8500,,15,,10,1,,1,,5,8500,9,0,,0,0,,
245,0x5833e40000008600,11,ECI_CMD_MFWD_FEVX_EH,33097049389,8600,,15,,12,1,,1,,5,8600,9,0,,0,0,,
246,0x180be00000008100,3,ECI_CMD_MRSP_VICDHI,33097049457,8100,,15,,2,1,,,,2,8100,5,,,,0,,0
247,0x1813e00000008200,3,ECI_CMD_MRSP_VICDHI,33097049461,8200,,15,,4,1,,,,2,8200,5,,,,0,,0
248,0x181be00000008300,3,ECI_CMD_MRSP_VICDHI,33097049465,8300,,15,,6,1,,,,2,8300,5,,,,0,,0
249,0x1823e00000008400,3,ECI_CMD_MRSP_VICDHI,33097049469,8400,,15,,8,1,,,,2,8400,5,,,,0,,0
250,0x1833e00000008600,3,ECI_CMD_MRSP_VICDHI,33097049473,8600,,15,,12,1,,,,2,8600,5,,,,0,,0
251,0x182be00000008500,3,ECI_CMD_MRSP_VICDHI,33097049477,8500,,15,,10,1,,,,2,8500,5,,,,0,,0
252,0x4807c00000008000,9,ECI_CMD_MRSP_PSHA,33097049734,8000,0,15,0,,,0,,1,4,8000,5,0,0,,0,,0
253,0x7003e40000000000,14,ECI_CMD_MFWD_SINV_H,33097049959,0,,15,,0,1,,1,,5,0,9,0,,0,0,,
254,0x2000200000000000,4,ECI_CMD_MRSP_HAKD,33097050026,0,,0,,0,1,,,,1,0,11,,,,0,,0
255,0x3807e00000008000,7,ECI_CMD_MREQ_RC2D_S,33097050374,8000,,15,,,1,,,1,0,8000,7,,,0,0,0,
256,0x2800300000008100,5,ECI_CMD_MREQ_RLDX,33097050388,8100,,0,,,1,,,0,0,8100,7,,,0,4,0,
257,0x2800300000008200,5,ECI_CMD_MREQ_RLDX,33097050390,8200,,0,,,1,,,0,0,8200,7,,,0,4,0,
258,0x2800300000008300,5,ECI_CMD_MREQ_RLDX,33097050392,8300,,0,,,1,,,0,0,8300,7,,,0,4,0,
259,0x2844300000008400,5,ECI_CMD_MREQ_RLDX,33097050394,8400,,0,,,1,,,17,0,8400,7,,,0,4,0,
260,0x2844300000008500,5,ECI_CMD_MREQ_RLDX,33097050396,8500,,0,,,1,,,17,0,8500,7,,,0,4,0,
261,0x2844300000008600,5,ECI_CMD_MREQ_RLDX,33097050398,8600,,0,,,1,,,17,0,8600,7,,,0,4,0,
262,0x5004000000008000,10,ECI_CMD_MRSP_PEMD,33097050400,8000,0,0,0,,,0,,1,3,8000,11,0,0,,0,,0
263,0x5003c00000008100,10,ECI_CMD_MRSP_PEMD,33097050474,8100,0,15,0,,,0,,0,4,8100,5,0,0,,0,,0
264,0x5003c00000008200,10,ECI_CMD_MRSP_PEMD,33097050496,8200,0,15,0,,,0,,0,4,8200,5,0,0,,0,,0
265,0x5003c00000008300,10,ECI_CMD_MRSP_PEMD,33097050518,8300,0,15,0,,,0,,0,4,8300,5,0,0,,0,,0
266,0x5047c00000008400,10,ECI_CMD_MRSP_PEMD,33097050540,8400,0,15,0,,,0,,17,4,8400,5,0,0,,0,,0
267,0x5047c00000008500,10,ECI_CMD_MRSP_PEMD,33097050562,8500,0,15,0,,,0,,17,4,8500,5,0,0,,0,,0
268,0x5047c00000008600,10,ECI_CMD_MRSP_PEMD,33097050584,8600,0,15,0,,,0,,17,4,8600,5,0,0,,0,,0
269,0x5803e40000008000,11,ECI_CMD_MFWD_FEVX_EH,33097050730,8000,,15,,0,1,,1,,5,8000,9,0,,0,0,,
270,0x1803e00000008000,3,ECI_CMD_MRSP_VICDHI,33097050810,8000,,15,,0,1,,,,2,8000,5,,,,0,,0
271,0x580be40000008100,11,ECI_CMD_MFWD_FEVX_EH,33097050934,8100,,15,,2,1,,1,,5,8100,9,0,,0,0,,
272,0x5813e40000008200,11,ECI_CMD_MFWD_FEVX_EH,33097050936,8200,,15,,4,1,,1,,5,8200,9,0,,0,0,,
273,0x581be40000008300,11,ECI_CMD_MFWD_FEVX_EH,33097050938,8300,,15,,6,1,,1,,5,8300,9,0,,0,0,,
274,0x5823e40000008400,11,ECI_CMD_MFWD_FEVX_EH,33097050940,8400,,15,,8,1,,1,,5,8400,9,0,,0,0,,
275,0x582be40000008500,11,ECI_CMD_MFWD_FEVX_EH,33097050942,8500,,15,,10,1,,1,,5,8500,9,0,,0,0,,
276,0x5833e40000008600,11,ECI_CMD_MFWD_FEVX_EH,33097050944,8600,,15,,12,1,,1,,5,8600,9,0,,0,0,,
277,0x180be00000008100,3,ECI_CMD_MRSP_VICDHI,33097051012,8100,,15,,2,1,,,,2,8100,5,,,,0,,0
278,0x1813e00000008200,3,ECI_CMD_MRSP_VICDHI,33097051016,8200,,15,,4,1,,,,2,8200,5,,,,0,,0
279,0x181be00000008300,3,ECI_CMD_MRSP_VICDHI,33097051020,8300,,15,,6,1,,,,2,8300,5,,,,0,,0
280,0x1823e00000008400,3,ECI_CMD_MRSP_VICDHI,33097051024,8400,,15,,8,1,,,,2,8400,5,,,,0,,0
281,0x182be00000008500,3,ECI_CMD_MRSP_VICDHI,33097051028,8500,,15,,10,1,,,,2,8500,5,,,,0,,0
282,0x1833e00000008600,3,ECI_CMD_MRSP_VICDHI,33097051032,8600,,15,,12,1,,,,2,8600,5,,,,0,,0
283,0x2800300000008100,5,ECI_CMD_MREQ_RLDX,33097051731,8100,,0,,,1,,,0,0,8100,7,,,0,4,0,
284,0x2800300000008200,5,ECI_CMD_MREQ_RLDX,33097051733,8200,,0,,,1,,,0,0,8200,7,,,0,4,0,
285,0x2844300000008400,5,ECI_CMD_MREQ_RLDX,33097051735,8400,,0,,,1,,,17,0,8400,7,,,0,4,0,
286,0x2800300000008300,5,ECI_CMD_MREQ_RLDX,33097051737,8300,,0,,,1,,,0,0,8300,7,,,0,4,0,
287,0x2840300000008600,5,ECI_CMD_MREQ_RLDX,33097051739,8600,,0,,,1,,,16,0,8600,7,,,0,4,0,
288,0x2844300000008500,5,ECI_CMD_MREQ_RLDX,33097051741,8500,,0,,,1,,,17,0,8500,7,,,0,4,0,
289,0x5003c00000008100,10,ECI_CMD_MRSP_PEMD,33097051807,8100,0,15,0,,,0,,0,4,8100,5,0,0,,0,,0
290,0x5003c00000008200,10,ECI_CMD_MRSP_PEMD,33097051829,8200,0,15,0,,,0,,0,4,8200,5,0,0,,0,,0
291,0x5047c00000008400,10,ECI_CMD_MRSP_PEMD,33097051851,8400,0,15,0,,,0,,17,4,8400,5,0,0,,0,,0
292,0x5003c00000008300,10,ECI_CMD_MRSP_PEMD,33097051873,8300,0,15,0,,,0,,0,4,8300,5,0,0,,0,,0
293,0x5043c00000008600,10,ECI_CMD_MRSP_PEMD,33097051895,8600,0,15,0,,,0,,16,4,8600,5,0,0,,0,,0
294,0x5047c00000008500,10,ECI_CMD_MRSP_PEMD,33097051917,8500,0,15,0,,,0,,17,4,8500,5,0,0,,0,,0
295,0x0003e00000008000,0,ECI_CMD_MREQ_RLDD,33097052004,8000,,15,,,1,,,0,0,8000,7,,,0,0,0,
296,0x580be40000008100,11,ECI_CMD_MFWD_FEVX_EH,33097052276,8100,,15,,2,1,,1,,5,8100,9,0,,0,0,,
297,0x5813e40000008200,11,ECI_CMD_MFWD_FEVX_EH,33097052278,8200,,15,,4,1,,1,,5,8200,9,0,,0,0,,
298,0x581be40000008300,11,ECI_CMD_MFWD_FEVX_EH,33097052280,8300,,15,,6,1,,1,,5,8300,9,0,,0,0,,
299,0x5823e40000008400,11,ECI_CMD_MFWD_FEVX_EH,33097052282,8400,,15,,8,1,,1,,5,8400,9,0,,0,0,,
300,0x582be40000008500,11,ECI_CMD_MFWD_FEVX_EH,33097052284,8500,,15,,10,1,,1,,5,8500,9,0,,0,0,,
301,0x5833e40000008600,11,ECI_CMD_MFWD_FEVX_EH,33097052286,8600,,15,,12,1,,1,,5,8600,9,0,,0,0,,
302,0x180be00000008100,3,ECI_CMD_MRSP_VICDHI,33097052355,8100,,15,,2,1,,,,2,8100,5,,,,0,,0
303,0x1813e00000008200,3,ECI_CMD_MRSP_VICDHI,33097052359,8200,,15,,4,1,,,,2,8200,5,,,,0,,0
304,0x181be00000008300,3,ECI_CMD_MRSP_VICDHI,33097052363,8300,,15,,6,1,,,,2,8300,5,,,,0,,0
305,0x1823e00000008400,3,ECI_CMD_MRSP_VICDHI,33097052367,8400,,15,,8,1,,,,2,8400,5,,,,0,,0
306,0x182be00000008500,3,ECI_CMD_MRSP_VICDHI,33097052371,8500,,15,,10,1,,,,2,8500,5,,,,0,,0
307,0x1833e00000008600,3,ECI_CMD_MRSP_VICDHI,33097052375,8600,,15,,12,1,,,,2,8600,5,,,,0,,0
308,0x4803c00000008000,9,ECI_CMD_MRSP_PSHA,33097052629,8000,0,15,0,,,0,,0,4,8000,5,0,0,,0,,0
309,0x0007e00000000000,0,ECI_CMD_MREQ_RLDD,33097052735,0,,15,,,1,,,1,0,0,7,,,0,0,0,
310,0x4807c00000000000,9,ECI_CMD_MRSP_PSHA,33097052951,0,0,15,0,,,0,,1,4,0,5,0,0,,0,,0
311,0x3807e00000008000,7,ECI_CMD_MREQ_RC2D_S,33097053239,8000,,15,,,1,,,1,0,8000,7,,,0,0,0,
312,0x2804300000008100,5,ECI_CMD_MREQ_RLDX,33097053251,8100,,0,,,1,,,1,0,8100,7,,,0,4,0,
313,0x2800300000008200,5,ECI_CMD_MREQ_RLDX,33097053253,8200,,0,,,1,,,0,0,8200,7,,,0,4,0,
314,0x2800300000008300,5,ECI_CMD_MREQ_RLDX,33097053255,8300,,0,,,1,,,0,0,8300,7,,,0,4,0,
315,0x2844300000008400,5,ECI_CMD_MREQ_RLDX,33097053257,8400,,0,,,1,,,17,0,8400,7,,,0,4,0,
316,0x2840300000008500,5,ECI_CMD_MREQ_RLDX,33097053259,8500,,0,,,1,,,16,0,8500,7,,,0,4,0,
317,0x2844300000008600,5,ECI_CMD_MREQ_RLDX,33097053261,8600,,0,,,1,,,17,0,8600,7,,,0,4,0,
318,0x5004000000008000,10,ECI_CMD_MRSP_PEMD,33097053263,8000,0,0,0,,,0,,1,3,8000,11,0,0,,0,,0
319,0x5007c00000008100,10,ECI_CMD_MRSP_PEMD,33097053338,8100,0,15,0,,,0,,1,4,8100,5,0,0,,0,,0
320,0x5003c00000008200,10,ECI_CMD_MRSP_PEMD,33097053360,8200,0,15,0,,,0,,0,4,8200,5,0,0,,0,,0
321,0x5003c00000008300,10,ECI_CMD_MRSP_PEMD,33097053382,8300,0,15,0,,,0,,0,4,8300,5,0,0,,0,,0
322,0x5047c00000008400,10,ECI_CMD_MRSP_PEMD,33097053404,8400,0,15,0,,,0,,17,4,8400,5,0,0,,0,,0
323,0x5043c00000008500,10,ECI_CMD_MRSP_PEMD,33097053426,8500,0,15,0,,,0,,16,4,8500,5,0,0,,0,,0
324,0x5047c00000008600,10,ECI_CMD_MRSP_PEMD,33097053448,8600,0,15,0,,,0,,17,4,8600,5,0,0,,0,,0
325,0x5803e40000008000,11,ECI_CMD_MFWD_FEVX_EH,33097053598,8000,,15,,0,1,,1,,5,8000,9,0,,0,0,,
326,0x1803e00000008000,3,ECI_CMD_MRSP_VICDHI,33097053676,8000,,15,,0,1,,,,2,8000,5,,,,0,,0
327,0x580be40000008100,11,ECI_CMD_MFWD_FEVX_EH,33097053800,8100,,15,,2,1,,1,,5,8100,9,0,,0,0,,
328,0x5813e40000008200,11,ECI_CMD_MFWD_FEVX_EH,33097053802,8200,,15,,4,1,,1,,5,8200,9,0,,0,0,,
329,0x581be40000008300,11,ECI_CMD_MFWD_FEVX_EH,33097053804,8300,,15,,6,1,,1,,5,8300,9,0,,0,0,,
330,0x5823e40000008400,11,ECI_CMD_MFWD_FEVX_EH,33097053806,8400,,15,,8,1,,1,,5,8400,9,0,,0,0,,
331,0x582be40000008500,11,ECI_CMD_MFWD_FEVX_EH,33097053808,8500,,15,,10,1,,1,,5,8500,9,0,,0,0,,
332,0x5833e40000008600,11,ECI_CMD_MFWD_FEVX_EH,33097053810,8600,,15,,12,1,,1,,5,8600,9,0,,0,0,,
333,0x180be00000008100,3,ECI_CMD_MRSP_VICDHI,33097053878,8100,,15,,2,1,,,,2,8100,5,,,,0,,0
334,0x1813e00000008200,3,ECI_CMD_MRSP_VICDHI,33097053882,8200,,15,,4,1,,,,2,8200,5,,,,0,,0
335,0x181be00000008300,3,ECI_CMD_MRSP_VICDHI,33097053886,8300,,15,,6,1,,,,2,8300,5,,,,0,,0
336,0x1823e00000008400,3,ECI_CMD_MRSP_VICDHI,33097053890,8400,,15,,8,1,,,,2,8400,5,,,,0,,0
337,0x182be00000008500,3,ECI_CMD_MRSP_VICDHI,33097053894,8500,,15,,10,1,,,,2,8500,5,,,,0,,0
338,0x1833e00000008600,3,ECI_CMD_MRSP_VICDHI,33097053898,8600,,15,,12,1,,,,2,8600,5,,,,0,,0
339,0x7003e40000000000,14,ECI_CMD_MFWD_SINV_H,33097054381,0,,15,,0,1,,1,,5,0,9,0,,0,0,,
340,0x2000200000000000,4,ECI_CMD_MRSP_HAKD,33097054449,0,,0,,0,1,,,,1,0,11,,,,0,,0
341,0x2804300000008100,5,ECI_CMD_MREQ_RLDX,33097054831,8100,,0,,,1,,,1,0,8100,7,,,0,4,0,
342,0x2800300000008200,5,ECI_CMD_MREQ_RLDX,33097054833,8200,,0,,,1,,,0,0,8200,7,,,0,4,0,
343,0x2804300000008300,5,ECI_CMD_MREQ_RLDX,33097054835,8300,,0,,,1,,,1,0,8300,7,,,0,4,0,
344,0x2840300000008400,5,ECI_CMD_MREQ_RLDX,33097054837,8400,,0,,,1,,,16,0,8400,7,,,0,4,0,
345,0x2840300000008500,5,ECI_CMD_MREQ_RLDX,33097054839,8500,,0,,,1,,,16,0,8500,7,,,0,4,0,
346,0x2844300000008600,5,ECI_CMD_MREQ_RLDX,33097054841,8600,,0,,,1,,,17,0,8600,7,,,0,4,0,
347,0x5007c00000008100,10,ECI_CMD_MRSP_PEMD,33097054919,8100,0,15,0,,,0,,1,4,8100,5,0,0,,0,,0
348,0x5003c00000008200,10,ECI_CMD_MRSP_PEMD,33097054941,8200,0,15,0,,,0,,0,4,8200,5,0,0,,0,,0
349,0x5007c00000008300,10,ECI_CMD_MRSP_PEMD,33097054963,8300,0,15,0,,,0,,1,4,8300,5,0,0,,0,,0
350,0x5043c00000008400,10,ECI_CMD_MRSP_PEMD,33097054985,8400,0,15,0,,,0,,16,4,8400,5,0,0,,0,,0
351,0x5043c00000008500,10,ECI_CMD_MRSP_PEMD,33097055007,8500,0,15,0,,,0,,16,4,8500,5,0,0,,0,,0
352,0x5047c00000008600,10,ECI_CMD_MRSP_PEMD,33097055029,8600,0,15,0,,,0,,17,4,8600,5,0,0,,0,,0
353,0x0007e00000008000,0,ECI_CMD_MREQ_RLDD,33097055107,8000,,15,,,1,,,1,0,8000,7,,,0,0,0,
354,0x580be40000008100,11,ECI_CMD_MFWD_FEVX_EH,33097055379,8100,,15,,2,1,,1,,5,8100,9,0,,0,0,,
355,0x5813e40000008200,11,ECI_CMD_MFWD_FEVX_EH,33097055381,8200,,15,,4,1,,1,,5,8200,9,0,,0,0,,
356,0x581be40000008300,11,ECI_CMD_MFWD_FEVX_EH,33097055383,8300,,15,,6,1,,1,,5,8300,9,0,,0,0,,
357,0x5823e40000008400,11,ECI_CMD_MFWD_FEVX_EH,33097055385,8400,,15,,8,1,,1,,5,8400,9,0,,0,0,,
358,0x582be40000008500,11,ECI_CMD_MFWD_FEVX_EH,33097055387,8500,,15,,10,1,,1,,5,8500,9,0,,0,0,,
359,0x5833e40000008600,11,ECI_CMD_MFWD_FEVX_EH,33097055389,8600,,15,,12,1,,1,,5,8600,9,0,,0,0,,
360,0x180be00000008100,3,ECI_CMD_MRSP_VICDHI,33097055458,8100,,15,,2,1,,,,2,8100,5,,,,0,,0
361,0x1813e00000008200,3,ECI_CMD_MRSP_VICDHI,33097055462,8200,,15,,4,1,,,,2,8200,5,,,,0,,0
362,0x181be00000008300,3,ECI_CMD_MRSP_VICDHI,33097055466,8300,,15,,6,1,,,,2,8300,5,,,,0,,0
363,0x1823e00000008400,3,ECI_CMD_MRSP_VICDHI,33097055470,8400,,15,,8,1,,,,2,8400,5,,,,0,,0
364,0x182be00000008500,3,ECI_CMD_MRSP_VICDHI,33097055474,8500,,15,,10,1,,,,2,8500,5,,,,0,,0
365,0x1833e00000008600,3,ECI_CMD_MRSP_VICDHI,33097055478,8600,,15,,12,1,,,,2,8600,5,,,,0,,0
366,0x4807c00000008000,9,ECI_CMD_MRSP_PSHA,33097055732,8000,0,15,0,,,0,,1,4,8000,5,0,0,,0,,0
367,0x0007e00000000000,0,ECI_CMD_MREQ_RLDD,33097055838,0,,15,,,1,,,1,0,0,7,,,0,0,0,
368,0x4807c00000000000,9,ECI_CMD_MRSP_PSHA,33097056094,0,0,15,0,,,0,,1,4,0,5,0,0,,0,,0
369,0x3803e00000008000,7,ECI_CMD_MREQ_RC2D_S,33097056367,8000,,15,,,1,,,0,0,8000,7,,,0,0,0,
370,0x2800300000008100,5,ECI_CMD_MREQ_RLDX,33097056380,8100,,0,,,1,,,0,0,8100,7,,,0,4,0,
371,0x2804300000008200,5,ECI_CMD_MREQ_RLDX,33097056382,8200,,0,,,1,,,1,0,8200,7,,,0,4,0,
372,0x2800300000008300,5,ECI_CMD_MREQ_RLDX,33097056384,8300,,0,,,1,,,0,0,8300,7,,,0,4,0,
373,0x2844300000008400,5,ECI_CMD_MREQ_RLDX,33097056386,8400,,0,,,1,,,17,0,8400,7,,,0,4,0,
374,0x2840300000008500,5,ECI_CMD_MREQ_RLDX,33097056388,8500,,0,,,1,,,16,0,8500,7,,,0,4,0,
375,0x2844300000008600,5,ECI_CMD_MREQ_RLDX,33097056390,8600,,0,,,1,,,17,0,8600,7,,,0,4,0,
376,0x5000000000008000,10,ECI_CMD_MRSP_PEMD,33097056392,8000,0,0,0,,,0,,0,3,8000,11,0,0,,0,,0
377,0x5003c00000008100,10,ECI_CMD_MRSP_PEMD,33097056468,8100,0,15,0,,,0,,0,4,8100,5,0,0,,0,,0
378,0x5007c00000008200,10,ECI_CMD_MRSP_PEMD,33097056490,8200,0,15,0,,,0,,1,4,8200,5,0,0,,0,,0
379,0x5003c00000008300,10,ECI_CMD_MRSP_PEMD,33097056512,8300,0,15,0,,,0,,0,4,8300,5,0,0,,0,,0
380,0x5047c00000008400,10,ECI_CMD_MRSP_PEMD,33097056534,8400,0,15,0,,,0,,17,4,8400,5,0,0,,0,,0
381,0x5043c00000008500,10,ECI_CMD_MRSP_PEMD,33097056556,8500,0,15,0,,,0,,16,4,8500,5,0,0,,0,,0
382,0x5047c00000008600,10,ECI_CMD_MRSP_PEMD,33097056578,8600,0,15,0,,,0,,17,4,8600,5,0,0,,0,,0
383,0x5803e40000008000,11,ECI_CMD_MFWD_FEVX_EH,33097056724,8000,,15,,0,1,,1,,5,8000,9,0,,0,0,,
384,0x1803e00000008000,3,ECI_CMD_MRSP_VICDHI,33097056804,8000,,15,,0,1,,,,2,8000,5,,,,0,,0
385,0x580be40000008100,11,ECI_CMD_MFWD_FEVX_EH,33097056928,8100,,15,,2,1,,1,,5,8100,9,0,,0,0,,
386,0x5813e40000008200,11,ECI_CMD_MFWD_FEVX_EH,33097056930,8200,,15,,4,1,,1,,5,8200,9,0,,0,0,,
387,0x581be40000008300,11,ECI_CMD_MFWD_FEVX_EH,33097056932,8300,,15,,6,1,,1,,5,8300,9,0,,0,0,,
388,0x5823e40000008400,11,ECI_CMD_MFWD_FEVX_EH,33097056934,8400,,15,,8,1,,1,,5,8400,9,0,,0,0,,
389,0x582be40000008500,11,ECI_CMD_MFWD_FEVX_EH,33097056936,8500,,15,,10,1,,1,,5,8500,9,0,,0,0,,
390,0x5833e40000008600,11,ECI_CMD_MFWD_FEVX_EH,33097056938,8600,,15,,12,1,,1,,5,8600,9,0,,0,0,,
391,0x180be00000008100,3,ECI_CMD_MRSP_VICDHI,33097057006,8100,,15,,2,1,,,,2,8100,5,,,,0,,0
392,0x1813e00000008200,3,ECI_CMD_MRSP_VICDHI,33097057010,8200,,15,,4,1,,,,2,8200,5,,,,0,,0
393,0x1823e00000008400,3,ECI_CMD_MRSP_VICDHI,33097057014,8400,,15,,8,1,,,,2,8400,5,,,,0,,0
394,0x181be00000008300,3,ECI_CMD_MRSP_VICDHI,33097057018,8300,,15,,6,1,,,,2,8300,5,,,,0,,0
395,0x182be00000008500,3,ECI_CMD_MRSP_VICDHI,33097057022,8500,,15,,10,1,,,,2,8500,5,,,,0,,0
396,0x1833e00000008600,3,ECI_CMD_MRSP_VICDHI,33097057026,8600,,15,,12,1,,,,2,8600,5,,,,0,,0
397,0x7003e40000000000,14,ECI_CMD_MFWD_SINV_H,33097057479,0,,15,,0,1,,1,,5,0,9,0,,0,0,,
