Sample in Buffer,Sample in Window,TRIGGER,i_app/dcs_even/i_trace_app/traceOut_event_data[63:0],i_app/dcs_even/i_trace_app/traceOut_event_size[4:0],i_app/dcs_even/i_trace_app/traceOut_event_vc[4:0],i_app/dcs_even/i_trace_app/traceOut_src[2:0],i_app/dcs_even/i_trace_app/traceOut_ts[63:0],i_app/dcs_even/i_trace_app/dump_1,i_app/dcs_even/i_trace_app/sampleLost
Radix - UNSIGNED,UNSIGNED,UNSIGNED,HEX,HEX,HEX,HEX,HEX,HEX,HEX
0,0,0,0000000000000000,00,00,0,0000000000000000,0,0
1,1,0,0000000000000000,00,00,0,0000000000000000,0,0
2,2,0,0000000000000000,00,00,0,0000000000000000,0,0
3,3,0,0000000000000000,00,00,0,0000000000000000,0,0
4,4,0,0000000000000000,00,00,0,0000000000000000,0,0
5,5,0,0000000000000000,00,00,0,0000000000000000,0,0
6,6,0,0000000000000000,00,00,0,0000000000000000,0,0
7,7,0,0000000000000000,00,00,0,0000000000000000,0,0
8,8,0,0000000000000000,00,00,0,0000000000000000,0,0
9,9,0,0000000000000000,00,00,0,0000000000000000,0,0
10,10,0,0000000000000000,00,00,0,0000000000000000,0,0
11,11,0,0000000000000000,00,00,0,0000000000000000,0,0
12,12,0,0000000000000000,00,00,0,0000000000000000,0,0
13,13,0,0000000000000000,00,00,0,0000000000000000,0,0
14,14,0,0000000000000000,00,00,0,0000000000000000,0,0
15,15,0,0000000000000000,00,00,0,0000000000000000,0,0
16,16,1,0000000000000000,00,00,0,0000000000000000,1,0
17,17,0,284c300000008480,01,06,0,0000001017638bc8,1,0
18,18,0,2840300000008580,01,06,0,0000001017638bca,1,0
19,19,0,2843f00000008680,01,06,0,0000001017638bcc,1,0
20,20,0,5000000000008080,01,0a,3,0000001017638bce,1,0
21,21,0,5003c00000008180,11,04,4,0000001017638c1b,1,0
22,22,0,5003c00000008280,11,04,4,0000001017638c31,1,0
23,23,0,5003c00000008380,11,04,4,0000001017638c47,1,0
24,24,0,504fc00000008480,11,04,4,0000001017638c5d,1,0
25,25,0,0007e00000008180,11,04,2,0000001017638c6e,1,0
26,26,0,5043c00000008580,11,04,4,0000001017638c73,1,0
27,27,0,0007e00000008280,11,04,2,0000001017638c83,1,0
28,28,0,5043c00000008680,11,04,4,0000001017638c89,1,0
29,29,0,0007e00000008380,11,04,2,0000001017638c99,1,0
30,30,0,0007e00000008480,11,04,2,0000001017638cb0,1,0
31,31,0,0007e00000008580,11,04,2,0000001017638cc6,1,0
32,32,0,0007e00000008680,11,04,2,0000001017638cdd,1,0
33,33,0,5807e40000008080,01,08,5,0000001017638d1f,1,0
34,34,0,1807e00000008080,11,04,2,0000001017638d6c,1,0
35,35,0,7007e40000000080,01,08,5,0000001017638f04,1,0
36,36,0,2004200000000080,01,0a,1,0000001017638f44,1,0
37,37,0,2800300000008180,01,06,0,00000010176390a9,1,0
38,38,0,2800300000008280,01,06,0,00000010176390ab,1,0
39,39,0,2800300000008380,01,06,0,00000010176390ad,1,0
40,40,0,2844300000008480,01,06,0,00000010176390af,1,0
41,41,0,2844300000008580,01,06,0,00000010176390b1,1,0
42,42,0,2847f00000008680,01,06,0,00000010176390b3,1,0
43,43,0,5003c00000008180,11,04,4,0000001017639104,1,0
44,44,0,5003c00000008280,11,04,4,000000101763911a,1,0
45,45,0,5003c00000008380,11,04,4,0000001017639130,1,0
46,46,0,5047c00000008480,11,04,4,0000001017639146,1,0
47,47,0,0007e00000008180,11,04,2,0000001017639157,1,0
48,48,0,5047c00000008580,11,04,4,000000101763915c,1,0
49,49,0,0007e00000008280,11,04,2,000000101763916e,1,0
50,50,0,5047c00000008680,11,04,4,0000001017639172,1,0
51,51,0,0007e00000008380,11,04,2,0000001017639181,1,0
52,52,0,0007e00000008480,11,04,2,0000001017639198,1,0
53,53,0,0007e00000008580,11,04,2,00000010176391af,1,0
54,54,0,0003e00000008080,01,06,0,00000010176391c0,1,0
55,55,0,0007e00000008680,11,04,2,00000010176391c6,1,0
56,56,0,4803c00000008080,11,04,4,000000101763930e,1,0
57,57,0,3803e00000008080,01,06,0,00000010176394d6,1,0
58,58,0,2804300000008180,01,06,0,00000010176394e4,1,0
59,59,0,2800300000008280,01,06,0,00000010176394e6,1,0
60,60,0,2800300000008380,01,06,0,00000010176394e8,1,0
61,61,0,2844300000008480,01,06,0,00000010176394ea,1,0
62,62,0,2840300000008580,01,06,0,00000010176394ec,1,0
63,63,0,2847f00000008680,01,06,0,00000010176394ee,1,0
64,64,0,5000000000008080,01,0a,3,00000010176394f0,1,0
65,65,0,5007c00000008180,11,04,4,000000101763953f,1,0
66,66,0,5003c00000008280,11,04,4,0000001017639555,1,0
67,67,0,5003c00000008380,11,04,4,000000101763956b,1,0
68,68,0,5047c00000008480,11,04,4,0000001017639581,1,0
69,69,0,0007e00000008180,11,04,2,0000001017639593,1,0
70,70,0,5043c00000008580,11,04,4,0000001017639597,1,0
71,71,0,0007e00000008280,11,04,2,00000010176395a8,1,0
72,72,0,5047c00000008680,11,04,4,00000010176395ad,1,0
73,73,0,0007e00000008380,11,04,2,00000010176395be,1,0
74,74,0,0007e00000008480,11,04,2,00000010176395d3,1,0
75,75,0,0007e00000008580,11,04,2,00000010176395ea,1,0
76,76,0,0007e00000008680,11,04,2,0000001017639601,1,0
77,77,0,5807e40000008080,01,08,5,000000101763963f,1,0
78,78,0,1807e00000008080,11,04,2,000000101763968c,1,0
79,79,0,0003e00000000080,01,06,0,00000010176397b3,1,0
80,80,0,4803c00000000080,11,04,4,0000001017639889,1,0
81,81,0,2800300000008180,01,06,0,00000010176399b7,1,0
82,82,0,2800300000008280,01,06,0,00000010176399b9,1,0
83,83,0,2804300000008380,01,06,0,00000010176399bb,1,0
84,84,0,2840300000008480,01,06,0,00000010176399bd,1,0
85,85,0,2840300000008580,01,06,0,00000010176399bf,1,0
86,86,0,2843f00000008680,01,06,0,00000010176399c1,1,0
87,87,0,5003c00000008180,11,04,4,0000001017639a10,1,0
88,88,0,5003c00000008280,11,04,4,0000001017639a26,1,0
89,89,0,5007c00000008380,11,04,4,0000001017639a3c,1,0
90,90,0,5043c00000008480,11,04,4,0000001017639a52,1,0
91,91,0,0007e00000008180,11,04,2,0000001017639a62,1,0
92,92,0,5043c00000008580,11,04,4,0000001017639a68,1,0
93,93,0,0007e00000008280,11,04,2,0000001017639a78,1,0
94,94,0,5043c00000008680,11,04,4,0000001017639a7e,1,0
95,95,0,0007e00000008380,11,04,2,0000001017639a8f,1,0
96,96,0,0007e00000008480,11,04,2,0000001017639aa5,1,0
97,97,0,0007e00000008580,11,04,2,0000001017639abb,1,0
98,98,0,0003e00000008080,01,06,0,0000001017639ad2,1,0
99,99,0,0007e00000008680,11,04,2,0000001017639ad2,1,0
100,100,0,4803c00000008080,11,04,4,0000001017639c20,1,0
101,101,0,7007e40000000080,01,08,5,0000001017639cfa,1,0
102,102,0,2004200000000080,01,0a,1,0000001017639d3c,1,0
103,103,0,3803e00000008080,01,06,0,0000001017639e92,1,0
104,104,0,2804300000008180,01,06,0,0000001017639ea0,1,0
105,105,0,2800300000008280,01,06,0,0000001017639ea2,1,0
106,106,0,2804300000008380,01,06,0,0000001017639ea4,1,0
107,107,0,2840300000008480,01,06,0,0000001017639ea6,1,0
108,108,0,2844300000008580,01,06,0,0000001017639ea8,1,0
109,109,0,2843f00000008680,01,06,0,0000001017639eaa,1,0
110,110,0,5000000000008080,01,0a,3,0000001017639eaa,1,0
111,111,0,5007c00000008180,11,04,4,0000001017639ef9,1,0
112,112,0,5003c00000008280,11,04,4,0000001017639f0f,1,0
113,113,0,5007c00000008380,11,04,4,0000001017639f25,1,0
114,114,0,5043c00000008480,11,04,4,0000001017639f3b,1,0
115,115,0,0007e00000008180,11,04,2,0000001017639f4c,1,0
116,116,0,5047c00000008580,11,04,4,0000001017639f51,1,0
117,117,0,0007e00000008280,11,04,2,0000001017639f62,1,0
118,118,0,5043c00000008680,11,04,4,0000001017639f67,1,0
119,119,0,0007e00000008380,11,04,2,0000001017639f77,1,0
120,120,0,0007e00000008480,11,04,2,0000001017639f8d,1,0
121,121,0,0007e00000008580,11,04,2,0000001017639fa5,1,0
122,122,0,0007e00000008680,11,04,2,0000001017639fbb,1,0
123,123,0,5807e40000008080,01,08,5,0000001017639ffa,1,0
124,124,0,2800300000008380,01,06,0,000000101763370f,1,0
125,125,0,2840300000008480,01,06,0,0000001017633711,1,0
126,126,0,2844300000008580,01,06,0,0000001017633713,1,0
127,127,0,2843f00000008680,01,06,0,0000001017633715,1,0
128,128,0,5004000000008080,01,0a,3,0000001017633717,1,0
129,129,0,5003c00000008180,11,04,4,0000001017633763,1,0
130,130,0,5007c00000008280,11,04,4,0000001017633779,1,0
131,131,0,5003c00000008380,11,04,4,000000101763378f,1,0
132,132,0,5043c00000008480,11,04,4,00000010176337a5,1,0
133,133,0,0007e00000008180,11,04,2,00000010176337b5,1,0
134,134,0,5047c00000008580,11,04,4,00000010176337bb,1,0
135,135,0,0007e00000008280,11,04,2,00000010176337cd,1,0
136,136,0,5043c00000008680,11,04,4,00000010176337d1,1,0
137,137,0,0007e00000008380,11,04,2,00000010176337e3,1,0
138,138,0,0007e00000008480,11,04,2,00000010176337f8,1,0
139,139,0,0007e00000008580,11,04,2,000000101763380d,1,0
140,140,0,0007e00000008680,11,04,2,0000001017633825,1,0
141,141,0,5807e40000008080,01,08,5,0000001017633863,1,0
142,142,0,1807e00000008080,11,04,2,00000010176338af,1,0
143,143,0,0003e00000000080,01,06,0,00000010176339d7,1,0
144,144,0,4803c00000000080,11,04,4,0000001017633aac,1,0
145,145,0,2800300000008180,01,06,0,0000001017633bdb,1,0
146,146,0,2804300000008280,01,06,0,0000001017633bdd,1,0
147,147,0,2804300000008380,01,06,0,0000001017633bdf,1,0
148,148,0,2840300000008480,01,06,0,0000001017633be1,1,0
149,149,0,2840300000008580,01,06,0,0000001017633be3,1,0
150,150,0,2843f00000008680,01,06,0,0000001017633be5,1,0
151,151,0,5003c00000008180,11,04,4,0000001017633c36,1,0
152,152,0,5007c00000008280,11,04,4,0000001017633c4c,1,0
153,153,0,5007c00000008380,11,04,4,0000001017633c62,1,0
154,154,0,5043c00000008480,11,04,4,0000001017633c78,1,0
155,155,0,0007e00000008180,11,04,2,0000001017633c89,1,0
156,156,0,5043c00000008580,11,04,4,0000001017633c8e,1,0
157,157,0,0007e00000008280,11,04,2,0000001017633ca0,1,0
158,158,0,5043c00000008680,11,04,4,0000001017633ca4,1,0
159,159,0,0007e00000008380,11,04,2,0000001017633cb5,1,0
160,160,0,0007e00000008480,11,04,2,0000001017633ccb,1,0
161,161,0,0007e00000008580,11,04,2,0000001017633ce1,1,0
162,162,0,0003e00000008080,01,06,0,0000001017633cf7,1,0
163,163,0,0007e00000008680,11,04,2,0000001017633cf9,1,0
164,164,0,4803c00000008080,11,04,4,0000001017633e45,1,0
165,165,0,7007e40000000080,01,08,5,0000001017633f1f,1,0
166,166,0,2004200000000080,01,0a,1,0000001017633f60,1,0
167,167,0,3803e00000008080,01,06,0,00000010176340b9,1,0
168,168,0,2800300000008180,01,06,0,00000010176340c6,1,0
169,169,0,2800300000008280,01,06,0,00000010176340c8,1,0
170,170,0,2804300000008380,01,06,0,00000010176340ca,1,0
171,171,0,2840300000008480,01,06,0,00000010176340cc,1,0
172,172,0,2840300000008580,01,06,0,00000010176340ce,1,0
173,173,0,2843f00000008680,01,06,0,00000010176340d0,1,0
174,174,0,5000000000008080,01,0a,3,00000010176340d2,1,0
175,175,0,5003c00000008180,11,04,4,000000101763411f,1,0
176,176,0,5003c00000008280,11,04,4,0000001017634135,1,0
177,177,0,5007c00000008380,11,04,4,000000101763414b,1,0
178,178,0,5043c00000008480,11,04,4,0000001017634161,1,0
179,179,0,0007e00000008180,11,04,2,0000001017634173,1,0
180,180,0,5043c00000008580,11,04,4,0000001017634177,1,0
181,181,0,0007e00000008280,11,04,2,0000001017634189,1,0
182,182,0,5043c00000008680,11,04,4,000000101763418d,1,0
183,183,0,0007e00000008380,11,04,2,000000101763419e,1,0
184,184,0,0007e00000008480,11,04,2,00000010176341b3,1,0
185,185,0,0007e00000008580,11,04,2,00000010176341c9,1,0
186,186,0,0007e00000008680,11,04,2,00000010176341e0,1,0
187,187,0,5807e40000008080,01,08,5,000000101763421f,1,0
188,188,0,1807e00000008080,11,04,2,000000101763426b,1,0
189,189,0,2804300000008180,01,06,0,00000010176344e8,1,0
190,190,0,2800300000008280,01,06,0,00000010176344ea,1,0
191,191,0,2800300000008380,01,06,0,00000010176344ec,1,0
192,192,0,2844300000008480,01,06,0,00000010176344ee,1,0
193,193,0,2840300000008580,01,06,0,00000010176344f0,1,0
194,194,0,2843f00000008680,01,06,0,00000010176344f2,1,0
195,195,0,5007c00000008180,11,04,4,0000001017634543,1,0
196,196,0,5003c00000008280,11,04,4,0000001017634559,1,0
197,197,0,5003c00000008380,11,04,4,000000101763456f,1,0
198,198,0,5047c00000008480,11,04,4,0000001017634585,1,0
199,199,0,0007e00000008180,11,04,2,0000001017634595,1,0
200,200,0,5043c00000008580,11,04,4,000000101763459b,1,0
201,201,0,0007e00000008280,11,04,2,00000010176345ad,1,0
202,202,0,5043c00000008680,11,04,4,00000010176345b1,1,0
203,203,0,0007e00000008380,11,04,2,00000010176345c2,1,0
204,204,0,0007e00000008480,11,04,2,00000010176345d8,1,0
205,205,0,0007e00000008580,11,04,2,00000010176345ee,1,0
206,206,0,0003e00000008080,01,06,0,00000010176345fd,1,0
207,207,0,0007e00000008680,11,04,2,0000001017634603,1,0
208,208,0,4803c00000008080,11,04,4,000000101763474a,1,0
209,209,0,3807e00000008080,01,06,0,0000001017634917,1,0
210,210,0,2800300000008180,01,06,0,0000001017634925,1,0
211,211,0,2800300000008280,01,06,0,0000001017634927,1,0
212,212,0,2804300000008380,01,06,0,0000001017634929,1,0
213,213,0,2844300000008480,01,06,0,000000101763492b,1,0
214,214,0,2844300000008580,01,06,0,000000101763492d,1,0
215,215,0,2847f00000008680,01,06,0,000000101763492f,1,0
216,216,0,5004000000008080,01,0a,3,0000001017634931,1,0
217,217,0,5003c00000008180,11,04,4,000000101763497e,1,0
218,218,0,5003c00000008280,11,04,4,0000001017634994,1,0
219,219,0,5007c00000008380,11,04,4,00000010176349aa,1,0
220,220,0,5047c00000008480,11,04,4,00000010176349c0,1,0
221,221,0,0007e00000008180,11,04,2,00000010176349d0,1,0
222,222,0,5047c00000008580,11,04,4,00000010176349d6,1,0
223,223,0,0007e00000008280,11,04,2,00000010176349e6,1,0
224,224,0,5047c00000008680,11,04,4,00000010176349ec,1,0
225,225,0,0007e00000008380,11,04,2,00000010176349fe,1,0
226,226,0,0007e00000008480,11,04,2,0000001017634a13,1,0
227,227,0,0007e00000008580,11,04,2,0000001017634a29,1,0
228,228,0,0007e00000008680,11,04,2,0000001017634a3f,1,0
229,229,0,5807e40000008080,01,08,5,0000001017634a7f,1,0
230,230,0,1807e00000008080,11,04,2,0000001017634acb,1,0
231,231,0,2804300000008180,01,06,0,0000001017634d63,1,0
232,232,0,2804300000008280,01,06,0,0000001017634d65,1,0
233,233,0,2800300000008380,01,06,0,0000001017634d67,1,0
234,234,0,2840300000008480,01,06,0,0000001017634d69,1,0
235,235,0,2840300000008580,01,06,0,0000001017634d6b,1,0
236,236,0,2843f00000008680,01,06,0,0000001017634d6d,1,0
237,237,0,5007c00000008180,11,04,4,0000001017634dbc,1,0
238,238,0,5007c00000008280,11,04,4,0000001017634dd2,1,0
239,239,0,5003c00000008380,11,04,4,0000001017634de8,1,0
240,240,0,5043c00000008480,11,04,4,0000001017634dfe,1,0
241,241,0,0007e00000008180,11,04,2,0000001017634e0f,1,0
242,242,0,5043c00000008580,11,04,4,0000001017634e14,1,0
243,243,0,0007e00000008280,11,04,2,0000001017634e24,1,0
244,244,0,5043c00000008680,11,04,4,0000001017634e2a,1,0
245,245,0,0007e00000008380,11,04,2,0000001017634e3a,1,0
246,246,0,0007e00000008480,11,04,2,0000001017634e51,1,0
247,247,0,0007e00000008580,11,04,2,0000001017634e67,1,0
248,248,0,0003e00000008080,01,06,0,0000001017634e78,1,0
249,249,0,0007e00000008680,11,04,2,0000001017634e7e,1,0
250,250,0,4803c00000008080,11,04,4,0000001017634fc7,1,0
251,251,0,0007e00000000080,01,06,0,000000101763506e,1,0
252,252,0,4807c00000000080,11,04,4,0000001017635145,1,0
253,253,0,3803e00000008080,01,06,0,0000001017635266,1,0
254,254,0,2804300000008180,01,06,0,0000001017635273,1,0
255,255,0,2800300000008280,01,06,0,0000001017635276,1,0
256,256,0,2804300000008380,01,06,0,0000001017635278,1,0
257,257,0,2844300000008480,01,06,0,000000101763527a,1,0
258,258,0,2840300000008580,01,06,0,000000101763527c,1,0
259,259,0,2843f00000008680,01,06,0,000000101763527e,1,0
260,260,0,5000000000008080,01,0a,3,0000001017635280,1,0
261,261,0,5007c00000008180,11,04,4,00000010176352ce,1,0
262,262,0,5003c00000008280,11,04,4,00000010176352e4,1,0
263,263,0,5007c00000008380,11,04,4,00000010176352fa,1,0
264,264,0,5047c00000008480,11,04,4,0000001017635310,1,0
265,265,0,0007e00000008180,11,04,2,0000001017635320,1,0
266,266,0,5043c00000008580,11,04,4,0000001017635326,1,0
267,267,0,0007e00000008280,11,04,2,0000001017635336,1,0
268,268,0,5043c00000008680,11,04,4,000000101763533c,1,0
269,269,0,0007e00000008380,11,04,2,000000101763534d,1,0
270,270,0,0007e00000008480,11,04,2,0000001017635363,1,0
271,271,0,0007e00000008580,11,04,2,0000001017635379,1,0
272,272,0,0007e00000008680,11,04,2,000000101763538e,1,0
273,273,0,5807e40000008080,01,08,5,00000010176353d3,1,0
274,274,0,1807e00000008080,11,04,2,0000001017635420,1,0
275,275,0,7007e40000000080,01,08,5,00000010176355b6,1,0
276,276,0,2004200000000080,01,0a,1,00000010176355f8,1,0
277,277,0,2804300000008180,01,06,0,0000001017635774,1,0
278,278,0,2800300000008280,01,06,0,0000001017635776,1,0
279,279,0,2804300000008380,01,06,0,0000001017635778,1,0
280,280,0,284c300000008480,01,06,0,000000101763577a,1,0
281,281,0,2844300000008580,01,06,0,000000101763577c,1,0
282,282,0,2843f00000008680,01,06,0,000000101763577e,1,0
283,283,0,5007c00000008180,11,04,4,00000010176357ce,1,0
284,284,0,5003c00000008280,11,04,4,00000010176357e4,1,0
285,285,0,5007c00000008380,11,04,4,00000010176357fa,1,0
286,286,0,504fc00000008480,11,04,4,0000001017635810,1,0
287,287,0,0007e00000008180,11,04,2,0000001017635821,1,0
288,288,0,5047c00000008580,11,04,4,0000001017635826,1,0
289,289,0,0007e00000008280,11,04,2,0000001017635836,1,0
290,290,0,5043c00000008680,11,04,4,000000101763583c,1,0
291,291,0,0007e00000008380,11,04,2,000000101763584c,1,0
292,292,0,0007e00000008480,11,04,2,0000001017635863,1,0
293,293,0,0007e00000008580,11,04,2,0000001017635879,1,0
294,294,0,0007e00000008080,01,06,0,000000101763588f,1,0
295,295,0,0007e00000008680,11,04,2,0000001017635891,1,0
296,296,0,4807c00000008080,11,04,4,00000010176359dd,1,0
297,297,0,0007e00000000080,01,06,0,0000001017635a47,1,0
298,298,0,4807c00000000080,11,04,4,0000001017635b43,1,0
299,299,0,3803e00000008080,01,06,0,0000001017635c54,1,0
300,300,0,2800300000008180,01,06,0,0000001017635c61,1,0
301,301,0,2800300000008280,01,06,0,0000001017635c63,1,0
302,302,0,2800300000008380,01,06,0,0000001017635c65,1,0
303,303,0,2844300000008480,01,06,0,0000001017635c67,1,0
304,304,0,2840300000008580,01,06,0,0000001017635c69,1,0
305,305,0,2847f00000008680,01,06,0,0000001017635c6b,1,0
306,306,0,5000000000008080,01,0a,3,0000001017635c6d,1,0
307,307,0,5003c00000008180,11,04,4,0000001017635cba,1,0
308,308,0,5003c00000008280,11,04,4,0000001017635cd0,1,0
309,309,0,5003c00000008380,11,04,4,0000001017635ce6,1,0
310,310,0,5047c00000008480,11,04,4,0000001017635cfc,1,0
311,311,0,0007e00000008180,11,04,2,0000001017635d0d,1,0
312,312,0,5043c00000008580,11,04,4,0000001017635d12,1,0
313,313,0,0007e00000008280,11,04,2,0000001017635d23,1,0
314,314,0,5047c00000008680,11,04,4,0000001017635d28,1,0
315,315,0,0007e00000008380,11,04,2,0000001017635d39,1,0
316,316,0,0007e00000008480,11,04,2,0000001017635d4f,1,0
317,317,0,0007e00000008580,11,04,2,0000001017635d64,1,0
318,318,0,0007e00000008680,11,04,2,0000001017635d7c,1,0
319,319,0,5807e40000008080,01,08,5,0000001017635dbb,1,0
320,320,0,1807e00000008080,11,04,2,0000001017635e08,1,0
321,321,0,2800300000008180,01,06,0,0000001017636088,1,0
322,322,0,2800300000008280,01,06,0,000000101763608a,1,0
323,323,0,2800300000008380,01,06,0,000000101763608c,1,0
324,324,0,2840300000008480,01,06,0,000000101763608e,1,0
325,325,0,2840300000008580,01,06,0,0000001017636090,1,0
326,326,0,2847f00000008680,01,06,0,0000001017636092,1,0
327,327,0,5003c00000008180,11,04,4,00000010176360e2,1,0
328,328,0,5003c00000008280,11,04,4,00000010176360f8,1,0
329,329,0,5003c00000008380,11,04,4,000000101763610e,1,0
330,330,0,5043c00000008480,11,04,4,0000001017636124,1,0
331,331,0,0007e00000008180,11,04,2,0000001017636134,1,0
332,332,0,5043c00000008580,11,04,4,000000101763613a,1,0
333,333,0,0007e00000008280,11,04,2,000000101763614a,1,0
334,334,0,5047c00000008680,11,04,4,0000001017636150,1,0
335,335,0,0007e00000008380,11,04,2,0000001017636161,1,0
336,336,0,0007e00000008480,11,04,2,0000001017636178,1,0
337,337,0,0007e00000008580,11,04,2,000000101763618e,1,0
338,338,0,0007e00000008080,01,06,0,00000010176361a2,1,0
339,339,0,0007e00000008680,11,04,2,00000010176361a2,1,0
340,340,0,4807c00000008080,11,04,4,00000010176362f1,1,0
341,341,0,7007e40000000080,01,08,5,00000010176363a1,1,0
342,342,0,2004200000000080,01,0a,1,00000010176363e4,1,0
343,343,0,3803e00000008080,01,06,0,0000001017636554,1,0
344,344,0,2800300000008180,01,06,0,0000001017636561,1,0
345,345,0,2804300000008280,01,06,0,0000001017636563,1,0
346,346,0,2800300000008380,01,06,0,0000001017636565,1,0
347,347,0,2840300000008480,01,06,0,0000001017636567,1,0
348,348,0,2844300000008580,01,06,0,0000001017636569,1,0
349,349,0,2843f00000008680,01,06,0,000000101763656b,1,0
350,350,0,5000000000008080,01,0a,3,000000101763656d,1,0
351,351,0,5003c00000008180,11,04,4,00000010176365bc,1,0
352,352,0,5007c00000008280,11,04,4,00000010176365d2,1,0
353,353,0,5003c00000008380,11,04,4,00000010176365e8,1,0
354,354,0,5043c00000008480,11,04,4,00000010176365fe,1,0
355,355,0,0007e00000008180,11,04,2,000000101763660e,1,0
356,356,0,5047c00000008580,11,04,4,0000001017636614,1,0
357,357,0,0007e00000008280,11,04,2,0000001017636625,1,0
358,358,0,5043c00000008680,11,04,4,000000101763662a,1,0
359,359,0,0007e00000008380,11,04,2,000000101763663c,1,0
360,360,0,0007e00000008480,11,04,2,0000001017636651,1,0
361,361,0,0007e00000008580,11,04,2,0000001017636666,1,0
362,362,0,0007e00000008680,11,04,2,000000101763667d,1,0
363,363,0,5807e40000008080,01,08,5,00000010176366c2,1,0
364,364,0,1807e00000008080,11,04,2,000000101763670e,1,0
365,365,0,0003e00000000080,01,06,0,0000001017636834,1,0
366,366,0,4803c00000000080,11,04,4,0000001017636931,1,0
367,367,0,2800300000008180,01,06,0,0000001017636a50,1,0
368,368,0,2800300000008280,01,06,0,0000001017636a52,1,0
369,369,0,2800300000008380,01,06,0,0000001017636a54,1,0
370,370,0,2844300000008480,01,06,0,0000001017636a56,1,0
371,371,0,2840300000008580,01,06,0,0000001017636a58,1,0
372,372,0,2847f00000008680,01,06,0,0000001017636a5a,1,0
373,373,0,5003c00000008180,11,04,4,0000001017636aa9,1,0
374,374,0,5003c00000008280,11,04,4,0000001017636abf,1,0
375,375,0,5003c00000008380,11,04,4,0000001017636ad5,1,0
376,376,0,5047c00000008480,11,04,4,0000001017636aeb,1,0
377,377,0,0007e00000008180,11,04,2,0000001017636afc,1,0
378,378,0,5043c00000008580,11,04,4,0000001017636b01,1,0
379,379,0,0007e00000008280,11,04,2,0000001017636b12,1,0
380,380,0,5047c00000008680,11,04,4,0000001017636b17,1,0
381,381,0,0007e00000008380,11,04,2,0000001017636b27,1,0
382,382,0,0007e00000008480,11,04,2,0000001017636b3e,1,0
383,383,0,0007e00000008580,11,04,2,0000001017636b54,1,0
384,384,0,0003e00000008080,01,06,0,0000001017636b65,1,0
385,385,0,0007e00000008680,11,04,2,0000001017636b6a,1,0
386,386,0,4803c00000008080,11,04,4,0000001017636cb3,1,0
387,387,0,7007e40000000080,01,08,5,0000001017636d60,1,0
388,388,0,2004200000000080,01,0a,1,0000001017636da3,1,0
389,389,0,3807e00000008080,01,06,0,0000001017636f11,1,0
390,390,0,2800300000008180,01,06,0,0000001017636f1e,1,0
391,391,0,2800300000008280,01,06,0,0000001017636f20,1,0
392,392,0,2800300000008380,01,06,0,0000001017636f22,1,0
393,393,0,2844300000008480,01,06,0,0000001017636f24,1,0
394,394,0,2844300000008580,01,06,0,0000001017636f26,1,0
395,395,0,2843f00000008680,01,06,0,0000001017636f28,1,0
396,396,0,5004000000008080,01,0a,3,0000001017636f2a,1,0
397,397,0,5003c00000008180,11,04,4,0000001017636f79,1,0
398,398,0,5003c00000008280,11,04,4,0000001017636f8f,1,0
399,399,0,5003c00000008380,11,04,4,0000001017636fa5,1,0
400,400,0,5047c00000008480,11,04,4,0000001017636fbb,1,0
401,401,0,0007e00000008180,11,04,2,0000001017636fcd,1,0
402,402,0,5047c00000008580,11,04,4,0000001017636fd1,1,0
403,403,0,0007e00000008280,11,04,2,0000001017636fe3,1,0
404,404,0,5043c00000008680,11,04,4,0000001017636fe7,1,0
405,405,0,0007e00000008380,11,04,2,0000001017636ff8,1,0
406,406,0,0007e00000008480,11,04,2,000000101763700e,1,0
407,407,0,0007e00000008580,11,04,2,0000001017637023,1,0
408,408,0,0007e00000008680,11,04,2,000000101763703b,1,0
409,409,0,5807e40000008080,01,08,5,000000101763707e,1,0
410,410,0,1807e00000008080,11,04,2,00000010176370ca,1,0
411,411,0,0007e00000000080,01,06,0,00000010176371f2,1,0
412,412,0,4807c00000000080,11,04,4,00000010176372f5,1,0
413,413,0,2804300000008180,01,06,0,0000001017637422,1,0
414,414,0,2800300000008280,01,06,0,0000001017637424,1,0
415,415,0,2800300000008380,01,06,0,0000001017637426,1,0
416,416,0,2840300000008480,01,06,0,0000001017637428,1,0
417,417,0,2840300000008580,01,06,0,000000101763742a,1,0
418,418,0,2843f00000008680,01,06,0,000000101763742c,1,0
419,419,0,5007c00000008180,11,04,4,000000101763747b,1,0
420,420,0,5003c00000008280,11,04,4,0000001017637491,1,0
421,421,0,5003c00000008380,11,04,4,00000010176374a7,1,0
422,422,0,5043c00000008480,11,04,4,00000010176374bd,1,0
423,423,0,0007e00000008180,11,04,2,00000010176374cd,1,0
424,424,0,5043c00000008580,11,04,4,00000010176374d3,1,0
425,425,0,0007e00000008280,11,04,2,00000010176374e3,1,0
426,426,0,5043c00000008680,11,04,4,00000010176374e9,1,0
427,427,0,0007e00000008380,11,04,2,00000010176374fa,1,0
428,428,0,0007e00000008480,11,04,2,0000001017637510,1,0
429,429,0,0007e00000008580,11,04,2,000000101763752c,1,0
430,430,0,0007e00000008080,01,06,0,000000101763753b,1,0
431,431,0,0007e00000008680,11,04,2,000000101763753d,1,0
432,432,0,4807c00000008080,11,04,4,000000101763768a,1,0
433,433,0,7007e40000000080,01,08,5,0000001017637764,1,0
434,434,0,2004200000000080,01,0a,1,00000010176377a7,1,0
435,435,0,3803e00000008080,01,06,0,00000010176378fe,1,0
436,436,0,2804300000008180,01,06,0,000000101763790c,1,0
437,437,0,2800300000008280,01,06,0,000000101763790e,1,0
438,438,0,2800300000008380,01,06,0,0000001017637910,1,0
439,439,0,2844300000008480,01,06,0,0000001017637912,1,0
440,440,0,2844300000008580,01,06,0,0000001017637914,1,0
441,441,0,2847f00000008680,01,06,0,0000001017637916,1,0
442,442,0,5000000000008080,01,0a,3,0000001017637918,1,0
443,443,0,5007c00000008180,11,04,4,0000001017637965,1,0
444,444,0,5003c00000008280,11,04,4,000000101763797b,1,0
445,445,0,5003c00000008380,11,04,4,0000001017637991,1,0
446,446,0,5047c00000008480,11,04,4,00000010176379a7,1,0
447,447,0,0007e00000008180,11,04,2,00000010176379b8,1,0
448,448,0,5047c00000008580,11,04,4,00000010176379bd,1,0
449,449,0,0007e00000008280,11,04,2,00000010176379ce,1,0
450,450,0,5047c00000008680,11,04,4,00000010176379d3,1,0
451,451,0,0007e00000008380,11,04,2,00000010176379e3,1,0
452,452,0,0007e00000008480,11,04,2,00000010176379fa,1,0
453,453,0,0007e00000008580,11,04,2,0000001017637a10,1,0
454,454,0,0007e00000008680,11,04,2,0000001017637a27,1,0
455,455,0,5807e40000008080,01,08,5,0000001017637a66,1,0
456,456,0,1807e00000008080,11,04,2,0000001017637ab3,1,0
457,457,0,2800300000008180,01,06,0,0000001017637d32,1,0
458,458,0,2800300000008280,01,06,0,0000001017637d34,1,0
459,459,0,2804300000008380,01,06,0,0000001017637d36,1,0
460,460,0,2844300000008480,01,06,0,0000001017637d38,1,0
461,461,0,2844300000008580,01,06,0,0000001017637d3a,1,0
462,462,0,2847f00000008680,01,06,0,0000001017637d3c,1,0
463,463,0,5003c00000008180,11,04,4,0000001017637d8d,1,0
464,464,0,5003c00000008280,11,04,4,0000001017637da3,1,0
465,465,0,5007c00000008380,11,04,4,0000001017637db9,1,0
466,466,0,5047c00000008480,11,04,4,0000001017637dcf,1,0
467,467,0,0007e00000008180,11,04,2,0000001017637de0,1,0
468,468,0,5047c00000008580,11,04,4,0000001017637de5,1,0
469,469,0,0007e00000008280,11,04,2,0000001017637df6,1,0
470,470,0,5047c00000008680,11,04,4,0000001017637dfb,1,0
471,471,0,0007e00000008380,11,04,2,0000001017637e0c,1,0
472,472,0,0007e00000008480,11,04,2,0000001017637e23,1,0
473,473,0,0007e00000008580,11,04,2,0000001017637e37,1,0
474,474,0,0003e00000008080,01,06,0,0000001017637e4d,1,0
475,475,0,0007e00000008680,11,04,2,0000001017637e4f,1,0
476,476,0,4803c00000008080,11,04,4,0000001017637f9b,1,0
477,477,0,0007e00000000080,01,06,0,0000001017638007,1,0
478,478,0,4807c00000000080,11,04,4,00000010176380dc,1,0
479,479,0,3803e00000008080,01,06,0,00000010176381fc,1,0
480,480,0,2800300000008180,01,06,0,000000101763820a,1,0
481,481,0,2804300000008280,01,06,0,000000101763820c,1,0
482,482,0,2804300000008380,01,06,0,000000101763820e,1,0
483,483,0,2840300000008480,01,06,0,0000001017638210,1,0
484,484,0,2844300000008580,01,06,0,0000001017638212,1,0
485,485,0,284bf00000008680,01,06,0,0000001017638214,1,0
486,486,0,5000000000008080,01,0a,3,0000001017638214,1,0
487,487,0,5003c00000008180,11,04,4,0000001017638263,1,0
488,488,0,5007c00000008280,11,04,4,0000001017638279,1,0
489,489,0,5007c00000008380,11,04,4,000000101763828f,1,0
490,490,0,5043c00000008480,11,04,4,00000010176382a5,1,0
491,491,0,0007e00000008180,11,04,2,00000010176382b6,1,0
492,492,0,5047c00000008580,11,04,4,00000010176382bb,1,0
493,493,0,0007e00000008280,11,04,2,00000010176382cd,1,0
494,494,0,504bc00000008680,11,04,4,00000010176382d1,1,0
495,495,0,0007e00000008380,11,04,2,00000010176382e1,1,0
496,496,0,0007e00000008480,11,04,2,00000010176382f7,1,0
497,497,0,0007e00000008580,11,04,2,000000101763830f,1,0
498,498,0,0007e00000008680,11,04,2,0000001017638325,1,0
499,499,0,5807e40000008080,01,08,5,0000001017638368,1,0
500,500,0,1807e00000008080,11,04,2,00000010176383b5,1,0
501,501,0,7007e40000000080,01,08,5,000000101763854d,1,0
502,502,0,2004200000000080,01,0a,1,000000101763858f,1,0
503,503,0,2800300000008180,01,06,0,00000010176386f5,1,0
504,504,0,2800300000008280,01,06,0,00000010176386f7,1,0
505,505,0,2808300000008380,01,06,0,00000010176386f9,1,0
506,506,0,2844300000008480,01,06,0,00000010176386fb,1,0
507,507,0,2840300000008580,01,06,0,00000010176386fd,1,0
508,508,0,2847f00000008680,01,06,0,00000010176386ff,1,0
509,509,0,5003c00000008180,11,04,4,0000001017638750,1,0
510,510,0,5003c00000008280,11,04,4,0000001017638766,1,0
511,511,0,500bc00000008380,11,04,4,000000101763877c,1,0
512,512,0,5047c00000008480,11,04,4,0000001017638792,1,0
513,513,0,0007e00000008180,11,04,2,00000010176387a2,1,0
514,514,0,5043c00000008580,11,04,4,00000010176387a8,1,0
515,515,0,0007e00000008280,11,04,2,00000010176387b9,1,0
516,516,0,5047c00000008680,11,04,4,00000010176387be,1,0
517,517,0,0007e00000008380,11,04,2,00000010176387cf,1,0
518,518,0,0007e00000008480,11,04,2,00000010176387e5,1,0
519,519,0,0007e00000008580,11,04,2,00000010176387fc,1,0
520,520,0,0007e00000008080,01,06,0,000000101763880b,1,0
521,521,0,0007e00000008680,11,04,2,0000001017638811,1,0
522,522,0,4807c00000008080,11,04,4,0000001017638958,1,0
523,523,0,0003e00000000080,01,06,0,00000010176389c1,1,0
524,524,0,4803c00000000080,11,04,4,0000001017638a96,1,0
525,525,0,3803e00000008080,01,06,0,0000001017638bb4,1,0
526,526,0,2800300000008180,01,06,0,0000001017638bc2,1,0
527,527,0,2800300000008280,01,06,0,0000001017638bc4,1,0
528,528,0,2800300000008380,01,06,0,0000001017638bc6,1,0
529,529,0,0000000000000000,00,00,0,0000000000000000,1,0
530,530,0,0000000000000000,00,00,0,0000000000000000,1,0
531,531,0,0000000000000000,00,00,0,0000000000000000,1,0
532,532,0,0000000000000000,00,00,0,0000000000000000,1,0
533,533,0,0000000000000000,00,00,0,0000000000000000,1,0
534,534,0,0000000000000000,00,00,0,0000000000000000,1,0
535,535,0,0000000000000000,00,00,0,0000000000000000,1,0
536,536,0,0000000000000000,00,00,0,0000000000000000,1,0
537,537,0,0000000000000000,00,00,0,0000000000000000,1,0
538,538,0,0000000000000000,00,00,0,0000000000000000,1,0
539,539,0,0000000000000000,00,00,0,0000000000000000,1,0
540,540,0,0000000000000000,00,00,0,0000000000000000,1,0
541,541,0,0000000000000000,00,00,0,0000000000000000,1,0
542,542,0,0000000000000000,00,00,0,0000000000000000,1,0
543,543,0,0000000000000000,00,00,0,0000000000000000,1,0
544,544,0,0000000000000000,00,00,0,0000000000000000,1,0
545,545,0,0000000000000000,00,00,0,0000000000000000,1,0
546,546,0,0000000000000000,00,00,0,0000000000000000,1,0
547,547,0,0000000000000000,00,00,0,0000000000000000,1,0
548,548,0,0000000000000000,00,00,0,0000000000000000,1,0
549,549,0,0000000000000000,00,00,0,0000000000000000,1,0
550,550,0,0000000000000000,00,00,0,0000000000000000,1,0
551,551,0,0000000000000000,00,00,0,0000000000000000,1,0
552,552,0,0000000000000000,00,00,0,0000000000000000,1,0
553,553,0,0000000000000000,00,00,0,0000000000000000,1,0
554,554,0,0000000000000000,00,00,0,0000000000000000,1,0
555,555,0,0000000000000000,00,00,0,0000000000000000,1,0
556,556,0,0000000000000000,00,00,0,0000000000000000,1,0
557,557,0,0000000000000000,00,00,0,0000000000000000,1,0
558,558,0,0000000000000000,00,00,0,0000000000000000,1,0
559,559,0,0000000000000000,00,00,0,0000000000000000,1,0
560,560,0,0000000000000000,00,00,0,0000000000000000,1,0
561,561,0,0000000000000000,00,00,0,0000000000000000,1,0
562,562,0,0000000000000000,00,00,0,0000000000000000,1,0
563,563,0,0000000000000000,00,00,0,0000000000000000,1,0
564,564,0,0000000000000000,00,00,0,0000000000000000,1,0
565,565,0,0000000000000000,00,00,0,0000000000000000,1,0
566,566,0,0000000000000000,00,00,0,0000000000000000,1,0
567,567,0,0000000000000000,00,00,0,0000000000000000,1,0
568,568,0,0000000000000000,00,00,0,0000000000000000,1,0
569,569,0,0000000000000000,00,00,0,0000000000000000,1,0
570,570,0,0000000000000000,00,00,0,0000000000000000,1,0
571,571,0,0000000000000000,00,00,0,0000000000000000,1,0
572,572,0,0000000000000000,00,00,0,0000000000000000,1,0
573,573,0,0000000000000000,00,00,0,0000000000000000,1,0
574,574,0,0000000000000000,00,00,0,0000000000000000,1,0
575,575,0,0000000000000000,00,00,0,0000000000000000,1,0
576,576,0,0000000000000000,00,00,0,0000000000000000,1,0
577,577,0,0000000000000000,00,00,0,0000000000000000,1,0
578,578,0,0000000000000000,00,00,0,0000000000000000,1,0
579,579,0,0000000000000000,00,00,0,0000000000000000,1,0
580,580,0,0000000000000000,00,00,0,0000000000000000,1,0
581,581,0,0000000000000000,00,00,0,0000000000000000,1,0
582,582,0,0000000000000000,00,00,0,0000000000000000,1,0
583,583,0,0000000000000000,00,00,0,0000000000000000,1,0
584,584,0,0000000000000000,00,00,0,0000000000000000,1,0
585,585,0,0000000000000000,00,00,0,0000000000000000,1,0
586,586,0,0000000000000000,00,00,0,0000000000000000,1,0
587,587,0,0000000000000000,00,00,0,0000000000000000,1,0
588,588,0,0000000000000000,00,00,0,0000000000000000,1,0
589,589,0,0000000000000000,00,00,0,0000000000000000,1,0
590,590,0,0000000000000000,00,00,0,0000000000000000,1,0
591,591,0,0000000000000000,00,00,0,0000000000000000,1,0
592,592,0,0000000000000000,00,00,0,0000000000000000,1,0
593,593,0,0000000000000000,00,00,0,0000000000000000,1,0
594,594,0,0000000000000000,00,00,0,0000000000000000,1,0
595,595,0,0000000000000000,00,00,0,0000000000000000,1,0
596,596,0,0000000000000000,00,00,0,0000000000000000,1,0
597,597,0,0000000000000000,00,00,0,0000000000000000,1,0
598,598,0,0000000000000000,00,00,0,0000000000000000,1,0
599,599,0,0000000000000000,00,00,0,0000000000000000,1,0
600,600,0,0000000000000000,00,00,0,0000000000000000,1,0
601,601,0,0000000000000000,00,00,0,0000000000000000,1,0
602,602,0,0000000000000000,00,00,0,0000000000000000,1,0
603,603,0,0000000000000000,00,00,0,0000000000000000,1,0
604,604,0,0000000000000000,00,00,0,0000000000000000,1,0
605,605,0,0000000000000000,00,00,0,0000000000000000,1,0
606,606,0,0000000000000000,00,00,0,0000000000000000,1,0
607,607,0,0000000000000000,00,00,0,0000000000000000,1,0
608,608,0,0000000000000000,00,00,0,0000000000000000,1,0
609,609,0,0000000000000000,00,00,0,0000000000000000,1,0
610,610,0,0000000000000000,00,00,0,0000000000000000,1,0
611,611,0,0000000000000000,00,00,0,0000000000000000,1,0
612,612,0,0000000000000000,00,00,0,0000000000000000,1,0
613,613,0,0000000000000000,00,00,0,0000000000000000,1,0
614,614,0,0000000000000000,00,00,0,0000000000000000,1,0
615,615,0,0000000000000000,00,00,0,0000000000000000,1,0
616,616,0,0000000000000000,00,00,0,0000000000000000,1,0
617,617,0,0000000000000000,00,00,0,0000000000000000,1,0
618,618,0,0000000000000000,00,00,0,0000000000000000,1,0
619,619,0,0000000000000000,00,00,0,0000000000000000,1,0
620,620,0,0000000000000000,00,00,0,0000000000000000,1,0
621,621,0,0000000000000000,00,00,0,0000000000000000,1,0
622,622,0,0000000000000000,00,00,0,0000000000000000,1,0
623,623,0,0000000000000000,00,00,0,0000000000000000,1,0
624,624,0,0000000000000000,00,00,0,0000000000000000,1,0
625,625,0,0000000000000000,00,00,0,0000000000000000,1,0
626,626,0,0000000000000000,00,00,0,0000000000000000,1,0
627,627,0,0000000000000000,00,00,0,0000000000000000,1,0
628,628,0,0000000000000000,00,00,0,0000000000000000,1,0
629,629,0,0000000000000000,00,00,0,0000000000000000,1,0
630,630,0,0000000000000000,00,00,0,0000000000000000,1,0
631,631,0,0000000000000000,00,00,0,0000000000000000,1,0
632,632,0,0000000000000000,00,00,0,0000000000000000,1,0
633,633,0,0000000000000000,00,00,0,0000000000000000,1,0
634,634,0,0000000000000000,00,00,0,0000000000000000,1,0
635,635,0,0000000000000000,00,00,0,0000000000000000,1,0
636,636,0,0000000000000000,00,00,0,0000000000000000,1,0
637,637,0,0000000000000000,00,00,0,0000000000000000,1,0
638,638,0,0000000000000000,00,00,0,0000000000000000,1,0
639,639,0,0000000000000000,00,00,0,0000000000000000,1,0
640,640,0,0000000000000000,00,00,0,0000000000000000,1,0
641,641,0,0000000000000000,00,00,0,0000000000000000,1,0
642,642,0,0000000000000000,00,00,0,0000000000000000,1,0
643,643,0,0000000000000000,00,00,0,0000000000000000,1,0
644,644,0,0000000000000000,00,00,0,0000000000000000,1,0
645,645,0,0000000000000000,00,00,0,0000000000000000,1,0
646,646,0,0000000000000000,00,00,0,0000000000000000,1,0
647,647,0,0000000000000000,00,00,0,0000000000000000,1,0
648,648,0,0000000000000000,00,00,0,0000000000000000,1,0
649,649,0,0000000000000000,00,00,0,0000000000000000,1,0
650,650,0,0000000000000000,00,00,0,0000000000000000,1,0
651,651,0,0000000000000000,00,00,0,0000000000000000,1,0
652,652,0,0000000000000000,00,00,0,0000000000000000,1,0
653,653,0,0000000000000000,00,00,0,0000000000000000,1,0
654,654,0,0000000000000000,00,00,0,0000000000000000,1,0
655,655,0,0000000000000000,00,00,0,0000000000000000,1,0
656,656,0,0000000000000000,00,00,0,0000000000000000,1,0
657,657,0,0000000000000000,00,00,0,0000000000000000,1,0
658,658,0,0000000000000000,00,00,0,0000000000000000,1,0
659,659,0,0000000000000000,00,00,0,0000000000000000,1,0
660,660,0,0000000000000000,00,00,0,0000000000000000,1,0
661,661,0,0000000000000000,00,00,0,0000000000000000,1,0
662,662,0,0000000000000000,00,00,0,0000000000000000,1,0
663,663,0,0000000000000000,00,00,0,0000000000000000,1,0
664,664,0,0000000000000000,00,00,0,0000000000000000,1,0
665,665,0,0000000000000000,00,00,0,0000000000000000,1,0
666,666,0,0000000000000000,00,00,0,0000000000000000,1,0
667,667,0,0000000000000000,00,00,0,0000000000000000,1,0
668,668,0,0000000000000000,00,00,0,0000000000000000,1,0
669,669,0,0000000000000000,00,00,0,0000000000000000,1,0
670,670,0,0000000000000000,00,00,0,0000000000000000,1,0
671,671,0,0000000000000000,00,00,0,0000000000000000,1,0
672,672,0,0000000000000000,00,00,0,0000000000000000,1,0
673,673,0,0000000000000000,00,00,0,0000000000000000,1,0
674,674,0,0000000000000000,00,00,0,0000000000000000,1,0
675,675,0,0000000000000000,00,00,0,0000000000000000,1,0
676,676,0,0000000000000000,00,00,0,0000000000000000,1,0
677,677,0,0000000000000000,00,00,0,0000000000000000,1,0
678,678,0,0000000000000000,00,00,0,0000000000000000,1,0
679,679,0,0000000000000000,00,00,0,0000000000000000,1,0
680,680,0,0000000000000000,00,00,0,0000000000000000,1,0
681,681,0,0000000000000000,00,00,0,0000000000000000,1,0
682,682,0,0000000000000000,00,00,0,0000000000000000,1,0
683,683,0,0000000000000000,00,00,0,0000000000000000,1,0
684,684,0,0000000000000000,00,00,0,0000000000000000,1,0
685,685,0,0000000000000000,00,00,0,0000000000000000,1,0
686,686,0,0000000000000000,00,00,0,0000000000000000,1,0
687,687,0,0000000000000000,00,00,0,0000000000000000,1,0
688,688,0,0000000000000000,00,00,0,0000000000000000,1,0
689,689,0,0000000000000000,00,00,0,0000000000000000,1,0
690,690,0,0000000000000000,00,00,0,0000000000000000,1,0
691,691,0,0000000000000000,00,00,0,0000000000000000,1,0
692,692,0,0000000000000000,00,00,0,0000000000000000,1,0
693,693,0,0000000000000000,00,00,0,0000000000000000,1,0
694,694,0,0000000000000000,00,00,0,0000000000000000,1,0
695,695,0,0000000000000000,00,00,0,0000000000000000,1,0
696,696,0,0000000000000000,00,00,0,0000000000000000,1,0
697,697,0,0000000000000000,00,00,0,0000000000000000,1,0
698,698,0,0000000000000000,00,00,0,0000000000000000,1,0
699,699,0,0000000000000000,00,00,0,0000000000000000,1,0
700,700,0,0000000000000000,00,00,0,0000000000000000,1,0
701,701,0,0000000000000000,00,00,0,0000000000000000,1,0
702,702,0,0000000000000000,00,00,0,0000000000000000,1,0
703,703,0,0000000000000000,00,00,0,0000000000000000,1,0
704,704,0,0000000000000000,00,00,0,0000000000000000,1,0
705,705,0,0000000000000000,00,00,0,0000000000000000,1,0
706,706,0,0000000000000000,00,00,0,0000000000000000,1,0
707,707,0,0000000000000000,00,00,0,0000000000000000,1,0
708,708,0,0000000000000000,00,00,0,0000000000000000,1,0
709,709,0,0000000000000000,00,00,0,0000000000000000,1,0
710,710,0,0000000000000000,00,00,0,0000000000000000,1,0
711,711,0,0000000000000000,00,00,0,0000000000000000,1,0
712,712,0,0000000000000000,00,00,0,0000000000000000,1,0
713,713,0,0000000000000000,00,00,0,0000000000000000,1,0
714,714,0,0000000000000000,00,00,0,0000000000000000,1,0
715,715,0,0000000000000000,00,00,0,0000000000000000,1,0
716,716,0,0000000000000000,00,00,0,0000000000000000,1,0
717,717,0,0000000000000000,00,00,0,0000000000000000,1,0
718,718,0,0000000000000000,00,00,0,0000000000000000,1,0
719,719,0,0000000000000000,00,00,0,0000000000000000,1,0
720,720,0,0000000000000000,00,00,0,0000000000000000,1,0
721,721,0,0000000000000000,00,00,0,0000000000000000,1,0
722,722,0,0000000000000000,00,00,0,0000000000000000,1,0
723,723,0,0000000000000000,00,00,0,0000000000000000,1,0
724,724,0,0000000000000000,00,00,0,0000000000000000,1,0
725,725,0,0000000000000000,00,00,0,0000000000000000,1,0
726,726,0,0000000000000000,00,00,0,0000000000000000,1,0
727,727,0,0000000000000000,00,00,0,0000000000000000,1,0
728,728,0,0000000000000000,00,00,0,0000000000000000,1,0
729,729,0,0000000000000000,00,00,0,0000000000000000,1,0
730,730,0,0000000000000000,00,00,0,0000000000000000,1,0
731,731,0,0000000000000000,00,00,0,0000000000000000,1,0
732,732,0,0000000000000000,00,00,0,0000000000000000,1,0
733,733,0,0000000000000000,00,00,0,0000000000000000,1,0
734,734,0,0000000000000000,00,00,0,0000000000000000,1,0
735,735,0,0000000000000000,00,00,0,0000000000000000,1,0
736,736,0,0000000000000000,00,00,0,0000000000000000,1,0
737,737,0,0000000000000000,00,00,0,0000000000000000,1,0
738,738,0,0000000000000000,00,00,0,0000000000000000,1,0
739,739,0,0000000000000000,00,00,0,0000000000000000,1,0
740,740,0,0000000000000000,00,00,0,0000000000000000,1,0
741,741,0,0000000000000000,00,00,0,0000000000000000,1,0
742,742,0,0000000000000000,00,00,0,0000000000000000,1,0
743,743,0,0000000000000000,00,00,0,0000000000000000,1,0
744,744,0,0000000000000000,00,00,0,0000000000000000,1,0
745,745,0,0000000000000000,00,00,0,0000000000000000,1,0
746,746,0,0000000000000000,00,00,0,0000000000000000,1,0
747,747,0,0000000000000000,00,00,0,0000000000000000,1,0
748,748,0,0000000000000000,00,00,0,0000000000000000,1,0
749,749,0,0000000000000000,00,00,0,0000000000000000,1,0
750,750,0,0000000000000000,00,00,0,0000000000000000,1,0
751,751,0,0000000000000000,00,00,0,0000000000000000,1,0
752,752,0,0000000000000000,00,00,0,0000000000000000,1,0
753,753,0,0000000000000000,00,00,0,0000000000000000,1,0
754,754,0,0000000000000000,00,00,0,0000000000000000,1,0
755,755,0,0000000000000000,00,00,0,0000000000000000,1,0
756,756,0,0000000000000000,00,00,0,0000000000000000,1,0
757,757,0,0000000000000000,00,00,0,0000000000000000,1,0
758,758,0,0000000000000000,00,00,0,0000000000000000,1,0
759,759,0,0000000000000000,00,00,0,0000000000000000,1,0
760,760,0,0000000000000000,00,00,0,0000000000000000,1,0
761,761,0,0000000000000000,00,00,0,0000000000000000,1,0
762,762,0,0000000000000000,00,00,0,0000000000000000,1,0
763,763,0,0000000000000000,00,00,0,0000000000000000,1,0
764,764,0,0000000000000000,00,00,0,0000000000000000,1,0
765,765,0,0000000000000000,00,00,0,0000000000000000,1,0
766,766,0,0000000000000000,00,00,0,0000000000000000,1,0
767,767,0,0000000000000000,00,00,0,0000000000000000,1,0
768,768,0,0000000000000000,00,00,0,0000000000000000,1,0
769,769,0,0000000000000000,00,00,0,0000000000000000,1,0
770,770,0,0000000000000000,00,00,0,0000000000000000,1,0
771,771,0,0000000000000000,00,00,0,0000000000000000,1,0
772,772,0,0000000000000000,00,00,0,0000000000000000,1,0
773,773,0,0000000000000000,00,00,0,0000000000000000,1,0
774,774,0,0000000000000000,00,00,0,0000000000000000,1,0
775,775,0,0000000000000000,00,00,0,0000000000000000,1,0
776,776,0,0000000000000000,00,00,0,0000000000000000,1,0
777,777,0,0000000000000000,00,00,0,0000000000000000,1,0
778,778,0,0000000000000000,00,00,0,0000000000000000,1,0
779,779,0,0000000000000000,00,00,0,0000000000000000,1,0
780,780,0,0000000000000000,00,00,0,0000000000000000,1,0
781,781,0,0000000000000000,00,00,0,0000000000000000,1,0
782,782,0,0000000000000000,00,00,0,0000000000000000,1,0
783,783,0,0000000000000000,00,00,0,0000000000000000,1,0
784,784,0,0000000000000000,00,00,0,0000000000000000,1,0
785,785,0,0000000000000000,00,00,0,0000000000000000,1,0
786,786,0,0000000000000000,00,00,0,0000000000000000,1,0
787,787,0,0000000000000000,00,00,0,0000000000000000,1,0
788,788,0,0000000000000000,00,00,0,0000000000000000,1,0
789,789,0,0000000000000000,00,00,0,0000000000000000,1,0
790,790,0,0000000000000000,00,00,0,0000000000000000,1,0
791,791,0,0000000000000000,00,00,0,0000000000000000,1,0
792,792,0,0000000000000000,00,00,0,0000000000000000,1,0
793,793,0,0000000000000000,00,00,0,0000000000000000,1,0
794,794,0,0000000000000000,00,00,0,0000000000000000,1,0
795,795,0,0000000000000000,00,00,0,0000000000000000,1,0
796,796,0,0000000000000000,00,00,0,0000000000000000,1,0
797,797,0,0000000000000000,00,00,0,0000000000000000,1,0
798,798,0,0000000000000000,00,00,0,0000000000000000,1,0
799,799,0,0000000000000000,00,00,0,0000000000000000,1,0
800,800,0,0000000000000000,00,00,0,0000000000000000,1,0
801,801,0,0000000000000000,00,00,0,0000000000000000,1,0
802,802,0,0000000000000000,00,00,0,0000000000000000,1,0
803,803,0,0000000000000000,00,00,0,0000000000000000,1,0
804,804,0,0000000000000000,00,00,0,0000000000000000,1,0
805,805,0,0000000000000000,00,00,0,0000000000000000,1,0
806,806,0,0000000000000000,00,00,0,0000000000000000,1,0
807,807,0,0000000000000000,00,00,0,0000000000000000,1,0
808,808,0,0000000000000000,00,00,0,0000000000000000,1,0
809,809,0,0000000000000000,00,00,0,0000000000000000,1,0
810,810,0,0000000000000000,00,00,0,0000000000000000,1,0
811,811,0,0000000000000000,00,00,0,0000000000000000,1,0
812,812,0,0000000000000000,00,00,0,0000000000000000,1,0
813,813,0,0000000000000000,00,00,0,0000000000000000,1,0
814,814,0,0000000000000000,00,00,0,0000000000000000,1,0
815,815,0,0000000000000000,00,00,0,0000000000000000,1,0
816,816,0,0000000000000000,00,00,0,0000000000000000,1,0
817,817,0,0000000000000000,00,00,0,0000000000000000,1,0
818,818,0,0000000000000000,00,00,0,0000000000000000,1,0
819,819,0,0000000000000000,00,00,0,0000000000000000,1,0
820,820,0,0000000000000000,00,00,0,0000000000000000,1,0
821,821,0,0000000000000000,00,00,0,0000000000000000,1,0
822,822,0,0000000000000000,00,00,0,0000000000000000,1,0
823,823,0,0000000000000000,00,00,0,0000000000000000,1,0
824,824,0,0000000000000000,00,00,0,0000000000000000,1,0
825,825,0,0000000000000000,00,00,0,0000000000000000,1,0
826,826,0,0000000000000000,00,00,0,0000000000000000,1,0
827,827,0,0000000000000000,00,00,0,0000000000000000,1,0
828,828,0,0000000000000000,00,00,0,0000000000000000,1,0
829,829,0,0000000000000000,00,00,0,0000000000000000,1,0
830,830,0,0000000000000000,00,00,0,0000000000000000,1,0
831,831,0,0000000000000000,00,00,0,0000000000000000,1,0
832,832,0,0000000000000000,00,00,0,0000000000000000,1,0
833,833,0,0000000000000000,00,00,0,0000000000000000,1,0
834,834,0,0000000000000000,00,00,0,0000000000000000,1,0
835,835,0,0000000000000000,00,00,0,0000000000000000,1,0
836,836,0,0000000000000000,00,00,0,0000000000000000,1,0
837,837,0,0000000000000000,00,00,0,0000000000000000,1,0
838,838,0,0000000000000000,00,00,0,0000000000000000,1,0
839,839,0,0000000000000000,00,00,0,0000000000000000,1,0
840,840,0,0000000000000000,00,00,0,0000000000000000,1,0
841,841,0,0000000000000000,00,00,0,0000000000000000,1,0
842,842,0,0000000000000000,00,00,0,0000000000000000,1,0
843,843,0,0000000000000000,00,00,0,0000000000000000,1,0
844,844,0,0000000000000000,00,00,0,0000000000000000,1,0
845,845,0,0000000000000000,00,00,0,0000000000000000,1,0
846,846,0,0000000000000000,00,00,0,0000000000000000,1,0
847,847,0,0000000000000000,00,00,0,0000000000000000,1,0
848,848,0,0000000000000000,00,00,0,0000000000000000,1,0
849,849,0,0000000000000000,00,00,0,0000000000000000,1,0
850,850,0,0000000000000000,00,00,0,0000000000000000,1,0
851,851,0,0000000000000000,00,00,0,0000000000000000,1,0
852,852,0,0000000000000000,00,00,0,0000000000000000,1,0
853,853,0,0000000000000000,00,00,0,0000000000000000,1,0
854,854,0,0000000000000000,00,00,0,0000000000000000,1,0
855,855,0,0000000000000000,00,00,0,0000000000000000,1,0
856,856,0,0000000000000000,00,00,0,0000000000000000,1,0
857,857,0,0000000000000000,00,00,0,0000000000000000,1,0
858,858,0,0000000000000000,00,00,0,0000000000000000,1,0
859,859,0,0000000000000000,00,00,0,0000000000000000,1,0
860,860,0,0000000000000000,00,00,0,0000000000000000,1,0
861,861,0,0000000000000000,00,00,0,0000000000000000,1,0
862,862,0,0000000000000000,00,00,0,0000000000000000,1,0
863,863,0,0000000000000000,00,00,0,0000000000000000,1,0
864,864,0,0000000000000000,00,00,0,0000000000000000,1,0
865,865,0,0000000000000000,00,00,0,0000000000000000,1,0
866,866,0,0000000000000000,00,00,0,0000000000000000,1,0
867,867,0,0000000000000000,00,00,0,0000000000000000,1,0
868,868,0,0000000000000000,00,00,0,0000000000000000,1,0
869,869,0,0000000000000000,00,00,0,0000000000000000,1,0
870,870,0,0000000000000000,00,00,0,0000000000000000,1,0
871,871,0,0000000000000000,00,00,0,0000000000000000,1,0
872,872,0,0000000000000000,00,00,0,0000000000000000,1,0
873,873,0,0000000000000000,00,00,0,0000000000000000,1,0
874,874,0,0000000000000000,00,00,0,0000000000000000,1,0
875,875,0,0000000000000000,00,00,0,0000000000000000,1,0
876,876,0,0000000000000000,00,00,0,0000000000000000,1,0
877,877,0,0000000000000000,00,00,0,0000000000000000,1,0
878,878,0,0000000000000000,00,00,0,0000000000000000,1,0
879,879,0,0000000000000000,00,00,0,0000000000000000,1,0
880,880,0,0000000000000000,00,00,0,0000000000000000,1,0
881,881,0,0000000000000000,00,00,0,0000000000000000,1,0
882,882,0,0000000000000000,00,00,0,0000000000000000,1,0
883,883,0,0000000000000000,00,00,0,0000000000000000,1,0
884,884,0,0000000000000000,00,00,0,0000000000000000,1,0
885,885,0,0000000000000000,00,00,0,0000000000000000,1,0
886,886,0,0000000000000000,00,00,0,0000000000000000,1,0
887,887,0,0000000000000000,00,00,0,0000000000000000,1,0
888,888,0,0000000000000000,00,00,0,0000000000000000,1,0
889,889,0,0000000000000000,00,00,0,0000000000000000,1,0
890,890,0,0000000000000000,00,00,0,0000000000000000,1,0
891,891,0,0000000000000000,00,00,0,0000000000000000,1,0
892,892,0,0000000000000000,00,00,0,0000000000000000,1,0
893,893,0,0000000000000000,00,00,0,0000000000000000,1,0
894,894,0,0000000000000000,00,00,0,0000000000000000,1,0
895,895,0,0000000000000000,00,00,0,0000000000000000,1,0
896,896,0,0000000000000000,00,00,0,0000000000000000,1,0
897,897,0,0000000000000000,00,00,0,0000000000000000,1,0
898,898,0,0000000000000000,00,00,0,0000000000000000,1,0
899,899,0,0000000000000000,00,00,0,0000000000000000,1,0
900,900,0,0000000000000000,00,00,0,0000000000000000,1,0
901,901,0,0000000000000000,00,00,0,0000000000000000,1,0
902,902,0,0000000000000000,00,00,0,0000000000000000,1,0
903,903,0,0000000000000000,00,00,0,0000000000000000,1,0
904,904,0,0000000000000000,00,00,0,0000000000000000,1,0
905,905,0,0000000000000000,00,00,0,0000000000000000,1,0
906,906,0,0000000000000000,00,00,0,0000000000000000,1,0
907,907,0,0000000000000000,00,00,0,0000000000000000,1,0
908,908,0,0000000000000000,00,00,0,0000000000000000,1,0
909,909,0,0000000000000000,00,00,0,0000000000000000,1,0
910,910,0,0000000000000000,00,00,0,0000000000000000,1,0
911,911,0,0000000000000000,00,00,0,0000000000000000,1,0
912,912,0,0000000000000000,00,00,0,0000000000000000,1,0
913,913,0,0000000000000000,00,00,0,0000000000000000,1,0
914,914,0,0000000000000000,00,00,0,0000000000000000,1,0
915,915,0,0000000000000000,00,00,0,0000000000000000,1,0
916,916,0,0000000000000000,00,00,0,0000000000000000,1,0
917,917,0,0000000000000000,00,00,0,0000000000000000,1,0
918,918,0,0000000000000000,00,00,0,0000000000000000,1,0
919,919,0,0000000000000000,00,00,0,0000000000000000,1,0
920,920,0,0000000000000000,00,00,0,0000000000000000,1,0
921,921,0,0000000000000000,00,00,0,0000000000000000,1,0
922,922,0,0000000000000000,00,00,0,0000000000000000,1,0
923,923,0,0000000000000000,00,00,0,0000000000000000,1,0
924,924,0,0000000000000000,00,00,0,0000000000000000,1,0
925,925,0,0000000000000000,00,00,0,0000000000000000,1,0
926,926,0,0000000000000000,00,00,0,0000000000000000,1,0
927,927,0,0000000000000000,00,00,0,0000000000000000,1,0
928,928,0,0000000000000000,00,00,0,0000000000000000,1,0
929,929,0,0000000000000000,00,00,0,0000000000000000,1,0
930,930,0,0000000000000000,00,00,0,0000000000000000,1,0
931,931,0,0000000000000000,00,00,0,0000000000000000,1,0
932,932,0,0000000000000000,00,00,0,0000000000000000,1,0
933,933,0,0000000000000000,00,00,0,0000000000000000,1,0
934,934,0,0000000000000000,00,00,0,0000000000000000,1,0
935,935,0,0000000000000000,00,00,0,0000000000000000,1,0
936,936,0,0000000000000000,00,00,0,0000000000000000,1,0
937,937,0,0000000000000000,00,00,0,0000000000000000,1,0
938,938,0,0000000000000000,00,00,0,0000000000000000,1,0
939,939,0,0000000000000000,00,00,0,0000000000000000,1,0
940,940,0,0000000000000000,00,00,0,0000000000000000,1,0
941,941,0,0000000000000000,00,00,0,0000000000000000,1,0
942,942,0,0000000000000000,00,00,0,0000000000000000,1,0
943,943,0,0000000000000000,00,00,0,0000000000000000,1,0
944,944,0,0000000000000000,00,00,0,0000000000000000,1,0
945,945,0,0000000000000000,00,00,0,0000000000000000,1,0
946,946,0,0000000000000000,00,00,0,0000000000000000,1,0
947,947,0,0000000000000000,00,00,0,0000000000000000,1,0
948,948,0,0000000000000000,00,00,0,0000000000000000,1,0
949,949,0,0000000000000000,00,00,0,0000000000000000,1,0
950,950,0,0000000000000000,00,00,0,0000000000000000,1,0
951,951,0,0000000000000000,00,00,0,0000000000000000,1,0
952,952,0,0000000000000000,00,00,0,0000000000000000,1,0
953,953,0,0000000000000000,00,00,0,0000000000000000,1,0
954,954,0,0000000000000000,00,00,0,0000000000000000,1,0
955,955,0,0000000000000000,00,00,0,0000000000000000,1,0
956,956,0,0000000000000000,00,00,0,0000000000000000,1,0
957,957,0,0000000000000000,00,00,0,0000000000000000,1,0
958,958,0,0000000000000000,00,00,0,0000000000000000,1,0
959,959,0,0000000000000000,00,00,0,0000000000000000,1,0
960,960,0,0000000000000000,00,00,0,0000000000000000,1,0
961,961,0,0000000000000000,00,00,0,0000000000000000,1,0
962,962,0,0000000000000000,00,00,0,0000000000000000,1,0
963,963,0,0000000000000000,00,00,0,0000000000000000,1,0
964,964,0,0000000000000000,00,00,0,0000000000000000,1,0
965,965,0,0000000000000000,00,00,0,0000000000000000,1,0
966,966,0,0000000000000000,00,00,0,0000000000000000,1,0
967,967,0,0000000000000000,00,00,0,0000000000000000,1,0
968,968,0,0000000000000000,00,00,0,0000000000000000,1,0
969,969,0,0000000000000000,00,00,0,0000000000000000,1,0
970,970,0,0000000000000000,00,00,0,0000000000000000,1,0
971,971,0,0000000000000000,00,00,0,0000000000000000,1,0
972,972,0,0000000000000000,00,00,0,0000000000000000,1,0
973,973,0,0000000000000000,00,00,0,0000000000000000,1,0
974,974,0,0000000000000000,00,00,0,0000000000000000,1,0
975,975,0,0000000000000000,00,00,0,0000000000000000,1,0
976,976,0,0000000000000000,00,00,0,0000000000000000,1,0
977,977,0,0000000000000000,00,00,0,0000000000000000,1,0
978,978,0,0000000000000000,00,00,0,0000000000000000,1,0
979,979,0,0000000000000000,00,00,0,0000000000000000,1,0
980,980,0,0000000000000000,00,00,0,0000000000000000,1,0
981,981,0,0000000000000000,00,00,0,0000000000000000,1,0
982,982,0,0000000000000000,00,00,0,0000000000000000,1,0
983,983,0,0000000000000000,00,00,0,0000000000000000,1,0
984,984,0,0000000000000000,00,00,0,0000000000000000,1,0
985,985,0,0000000000000000,00,00,0,0000000000000000,1,0
986,986,0,0000000000000000,00,00,0,0000000000000000,1,0
987,987,0,0000000000000000,00,00,0,0000000000000000,1,0
988,988,0,0000000000000000,00,00,0,0000000000000000,1,0
989,989,0,0000000000000000,00,00,0,0000000000000000,1,0
990,990,0,0000000000000000,00,00,0,0000000000000000,1,0
991,991,0,0000000000000000,00,00,0,0000000000000000,1,0
992,992,0,0000000000000000,00,00,0,0000000000000000,1,0
993,993,0,0000000000000000,00,00,0,0000000000000000,1,0
994,994,0,0000000000000000,00,00,0,0000000000000000,1,0
995,995,0,0000000000000000,00,00,0,0000000000000000,1,0
996,996,0,0000000000000000,00,00,0,0000000000000000,1,0
997,997,0,0000000000000000,00,00,0,0000000000000000,1,0
998,998,0,0000000000000000,00,00,0,0000000000000000,1,0
999,999,0,0000000000000000,00,00,0,0000000000000000,1,0
1000,1000,0,0000000000000000,00,00,0,0000000000000000,1,0
1001,1001,0,0000000000000000,00,00,0,0000000000000000,1,0
1002,1002,0,0000000000000000,00,00,0,0000000000000000,1,0
1003,1003,0,0000000000000000,00,00,0,0000000000000000,1,0
1004,1004,0,0000000000000000,00,00,0,0000000000000000,1,0
1005,1005,0,0000000000000000,00,00,0,0000000000000000,1,0
1006,1006,0,0000000000000000,00,00,0,0000000000000000,1,0
1007,1007,0,0000000000000000,00,00,0,0000000000000000,1,0
1008,1008,0,0000000000000000,00,00,0,0000000000000000,1,0
1009,1009,0,0000000000000000,00,00,0,0000000000000000,1,0
1010,1010,0,0000000000000000,00,00,0,0000000000000000,1,0
1011,1011,0,0000000000000000,00,00,0,0000000000000000,1,0
1012,1012,0,0000000000000000,00,00,0,0000000000000000,1,0
1013,1013,0,0000000000000000,00,00,0,0000000000000000,1,0
1014,1014,0,0000000000000000,00,00,0,0000000000000000,1,0
1015,1015,0,0000000000000000,00,00,0,0000000000000000,1,0
1016,1016,0,0000000000000000,00,00,0,0000000000000000,1,0
1017,1017,0,0000000000000000,00,00,0,0000000000000000,1,0
1018,1018,0,0000000000000000,00,00,0,0000000000000000,1,0
1019,1019,0,0000000000000000,00,00,0,0000000000000000,1,0
1020,1020,0,0000000000000000,00,00,0,0000000000000000,1,0
1021,1021,0,0000000000000000,00,00,0,0000000000000000,1,0
1022,1022,0,0000000000000000,00,00,0,0000000000000000,1,0
1023,1023,0,0000000000000000,00,00,0,0000000000000000,1,0
