index,raw,opcode,message,timestamp,aliased_addr,cache_line_index_aliased,cache_line_index_unaliased,dirty,dmask,fillo,hreq_id,ns,nxm,rreq_id,src,unaliased_addr,vc,xb1,xb1_2,xb2,xb3,xb4,xb5
419,0x2804300000008100,5,ECI_CMD_MREQ_RLDX,93579806180,0x0000008100,,,,0,,,1,,1,0,0x0000008100,7,,,0,4,0,
420,0x2804300000008200,5,ECI_CMD_MREQ_RLDX,93579806182,0x0000008200,,,,0,,,1,,1,0,0x0000008200,7,,,0,4,0,
421,0x2800300000008300,5,ECI_CMD_MREQ_RLDX,93579806184,0x0000008300,,,,0,,,1,,0,0,0x0000008300,7,,,0,4,0,
422,0x2844300000008400,5,ECI_CMD_MREQ_RLDX,93579806186,0x0000008400,,,,0,,,1,,17,0,0x0000008400,7,,,0,4,0,
423,0x2840300000008600,5,ECI_CMD_MREQ_RLDX,93579806188,0x0000008600,,,,0,,,1,,16,0,0x0000008600,7,,,0,4,0,
424,0x2840300000008500,5,ECI_CMD_MREQ_RLDX,93579806190,0x0000008500,,,,0,,,1,,16,0,0x0000008500,7,,,0,4,0,
425,0x5007c00000008100,10,ECI_CMD_MRSP_PEMD,93579806347,,258,258,0,15,0,,,0,1,4,,5,0,0,,0,,0
426,0x5007c00000008200,10,ECI_CMD_MRSP_PEMD,93579806383,,260,260,0,15,0,,,0,1,4,,5,0,0,,0,,0
427,0x5003c00000008300,10,ECI_CMD_MRSP_PEMD,93579806418,,262,262,0,15,0,,,0,0,4,,5,0,0,,0,,0
428,0x5047c00000008400,10,ECI_CMD_MRSP_PEMD,93579806454,,264,264,0,15,0,,,0,17,4,,5,0,0,,0,,0
429,0x5043c00000008600,10,ECI_CMD_MRSP_PEMD,93579806489,,268,268,0,15,0,,,0,16,4,,5,0,0,,0,,0
430,0x5043c00000008500,10,ECI_CMD_MRSP_PEMD,93579806525,,266,266,0,15,0,,,0,16,4,,5,0,0,,0,,0
431,0x0007e00000008000,0,ECI_CMD_MREQ_RLDD,93579806620,0x0000008000,,,,15,,,1,,1,0,0x0000008000,7,,,0,0,0,
432,0x180be00000008100,3,ECI_CMD_MRSP_VICDHI,93579807171,0x0000008100,,,,15,,2,1,,,2,0x0000008100,5,,,,0,,0
433,0x1813e00000008200,3,ECI_CMD_MRSP_VICDHI,93579807176,0x0000008200,,,,15,,4,1,,,2,0x0000008200,5,,,,0,,0
434,0x181be00000008300,3,ECI_CMD_MRSP_VICDHI,93579807182,0x0000008300,,,,15,,6,1,,,2,0x0000008300,5,,,,0,,0
435,0x1823e00000008400,3,ECI_CMD_MRSP_VICDHI,93579807185,0x0000008400,,,,15,,8,1,,,2,0x0000008400,5,,,,0,,0
436,0x182be00000008500,3,ECI_CMD_MRSP_VICDHI,93579807189,0x0000008500,,,,15,,10,1,,,2,0x0000008500,5,,,,0,,0
437,0x1833e00000008600,3,ECI_CMD_MRSP_VICDHI,93579807194,0x0000008600,,,,15,,12,1,,,2,0x0000008600,5,,,,0,,0
438,0x4807c00000008000,9,ECI_CMD_MRSP_PSHA,93579807672,,256,256,0,15,0,,,0,1,4,,5,0,0,,0,,0
439,0x3807e00000008000,7,ECI_CMD_MREQ_RC2D_S,93579808306,0x0000008000,,,,15,,,1,,1,0,0x0000008000,7,,,0,0,0,
440,0x2800300000008100,5,ECI_CMD_MREQ_RLDX,93579808328,0x0000008100,,,,0,,,1,,0,0,0x0000008100,7,,,0,4,0,
441,0x2800300000008200,5,ECI_CMD_MREQ_RLDX,93579808330,0x0000008200,,,,0,,,1,,0,0,0x0000008200,7,,,0,4,0,
442,0x2804300000008300,5,ECI_CMD_MREQ_RLDX,93579808332,0x0000008300,,,,0,,,1,,1,0,0x0000008300,7,,,0,4,0,
443,0x2844300000008400,5,ECI_CMD_MREQ_RLDX,93579808334,0x0000008400,,,,0,,,1,,17,0,0x0000008400,7,,,0,4,0,
444,0x2844300000008600,5,ECI_CMD_MREQ_RLDX,93579808336,0x0000008600,,,,0,,,1,,17,0,0x0000008600,7,,,0,4,0,
445,0x2844300000008500,5,ECI_CMD_MREQ_RLDX,93579808338,0x0000008500,,,,0,,,1,,17,0,0x0000008500,7,,,0,4,0,
446,0x5004000000008000,10,ECI_CMD_MRSP_PEMD,93579808384,,256,256,0,0,0,,,0,1,3,,11,0,0,,0,,0
447,0x5003c00000008100,10,ECI_CMD_MRSP_PEMD,93579808513,,258,258,0,15,0,,,0,0,4,,5,0,0,,0,,0
448,0x5003c00000008200,10,ECI_CMD_MRSP_PEMD,93579808548,,260,260,0,15,0,,,0,0,4,,5,0,0,,0,,0
449,0x5007c00000008300,10,ECI_CMD_MRSP_PEMD,93579808584,,262,262,0,15,0,,,0,1,4,,5,0,0,,0,,0
450,0x5047c00000008400,10,ECI_CMD_MRSP_PEMD,93579808619,,264,264,0,15,0,,,0,17,4,,5,0,0,,0,,0
451,0x5047c00000008600,10,ECI_CMD_MRSP_PEMD,93579808655,,268,268,0,15,0,,,0,17,4,,5,0,0,,0,,0
452,0x5047c00000008500,10,ECI_CMD_MRSP_PEMD,93579808690,,266,266,0,15,0,,,0,17,4,,5,0,0,,0,,0
453,0x1803e00000008000,3,ECI_CMD_MRSP_VICDHI,93579808994,0x0000008000,,,,15,,0,1,,,2,0x0000008000,5,,,,0,,0
454,0x180be00000008100,3,ECI_CMD_MRSP_VICDHI,93579809312,0x0000008100,,,,15,,2,1,,,2,0x0000008100,5,,,,0,,0
455,0x1813e00000008200,3,ECI_CMD_MRSP_VICDHI,93579809314,0x0000008200,,,,15,,4,1,,,2,0x0000008200,5,,,,0,,0
456,0x181be00000008300,3,ECI_CMD_MRSP_VICDHI,93579809320,0x0000008300,,,,15,,6,1,,,2,0x0000008300,5,,,,0,,0
457,0x1823e00000008400,3,ECI_CMD_MRSP_VICDHI,93579809322,0x0000008400,,,,15,,8,1,,,2,0x0000008400,5,,,,0,,0
458,0x1833e00000008600,3,ECI_CMD_MRSP_VICDHI,93579809326,0x0000008600,,,,15,,12,1,,,2,0x0000008600,5,,,,0,,0
459,0x182be00000008500,3,ECI_CMD_MRSP_VICDHI,93579809328,0x0000008500,,,,15,,10,1,,,2,0x0000008500,5,,,,0,,0
460,0x2800300000008100,5,ECI_CMD_MREQ_RLDX,93579810463,0x0000008100,,,,0,,,1,,0,0,0x0000008100,7,,,0,4,0,
461,0x2800300000008200,5,ECI_CMD_MREQ_RLDX,93579810465,0x0000008200,,,,0,,,1,,0,0,0x0000008200,7,,,0,4,0,
462,0x2800300000008300,5,ECI_CMD_MREQ_RLDX,93579810467,0x0000008300,,,,0,,,1,,0,0,0x0000008300,7,,,0,4,0,
463,0x2840300000008400,5,ECI_CMD_MREQ_RLDX,93579810469,0x0000008400,,,,0,,,1,,16,0,0x0000008400,7,,,0,4,0,
464,0x2844300000008600,5,ECI_CMD_MREQ_RLDX,93579810471,0x0000008600,,,,0,,,1,,17,0,0x0000008600,7,,,0,4,0,
465,0x2844300000008500,5,ECI_CMD_MREQ_RLDX,93579810473,0x0000008500,,,,0,,,1,,17,0,0x0000008500,7,,,0,4,0,
466,0x5003c00000008100,10,ECI_CMD_MRSP_PEMD,93579810630,,258,258,0,15,0,,,0,0,4,,5,0,0,,0,,0
467,0x5003c00000008200,10,ECI_CMD_MRSP_PEMD,93579810666,,260,260,0,15,0,,,0,0,4,,5,0,0,,0,,0
468,0x5003c00000008300,10,ECI_CMD_MRSP_PEMD,93579810701,,262,262,0,15,0,,,0,0,4,,5,0,0,,0,,0
469,0x5043c00000008400,10,ECI_CMD_MRSP_PEMD,93579810737,,264,264,0,15,0,,,0,16,4,,5,0,0,,0,,0
470,0x5047c00000008600,10,ECI_CMD_MRSP_PEMD,93579810772,,268,268,0,15,0,,,0,17,4,,5,0,0,,0,,0
471,0x5047c00000008500,10,ECI_CMD_MRSP_PEMD,93579810807,,266,266,0,15,0,,,0,17,4,,5,0,0,,0,,0
472,0x0007e00000008000,0,ECI_CMD_MREQ_RLDD,93579810904,0x0000008000,,,,15,,,1,,1,0,0x0000008000,7,,,0,0,0,
473,0x180be00000008100,3,ECI_CMD_MRSP_VICDHI,93579811456,0x0000008100,,,,15,,2,1,,,2,0x0000008100,5,,,,0,,0
474,0x1813e00000008200,3,ECI_CMD_MRSP_VICDHI,93579811459,0x0000008200,,,,15,,4,1,,,2,0x0000008200,5,,,,0,,0
475,0x181be00000008300,3,ECI_CMD_MRSP_VICDHI,93579811463,0x0000008300,,,,15,,6,1,,,2,0x0000008300,5,,,,0,,0
476,0x1823e00000008400,3,ECI_CMD_MRSP_VICDHI,93579811467,0x0000008400,,,,15,,8,1,,,2,0x0000008400,5,,,,0,,0
477,0x182be00000008500,3,ECI_CMD_MRSP_VICDHI,93579811469,0x0000008500,,,,15,,10,1,,,2,0x0000008500,5,,,,0,,0
478,0x1833e00000008600,3,ECI_CMD_MRSP_VICDHI,93579811474,0x0000008600,,,,15,,12,1,,,2,0x0000008600,5,,,,0,,0
479,0x4807c00000008000,9,ECI_CMD_MRSP_PSHA,93579811943,,256,256,0,15,0,,,0,1,4,,5,0,0,,0,,0
480,0x3803e00000008000,7,ECI_CMD_MREQ_RC2D_S,93579812574,0x0000008000,,,,15,,,1,,0,0,0x0000008000,7,,,0,0,0,
481,0x2800300000008100,5,ECI_CMD_MREQ_RLDX,93579812594,0x0000008100,,,,0,,,1,,0,0,0x0000008100,7,,,0,4,0,
482,0x2800300000008300,5,ECI_CMD_MREQ_RLDX,93579812597,0x0000008300,,,,0,,,1,,0,0,0x0000008300,7,,,0,4,0,
483,0x2804300000008200,5,ECI_CMD_MREQ_RLDX,93579812599,0x0000008200,,,,0,,,1,,1,0,0x0000008200,7,,,0,4,0,
484,0x2840300000008400,5,ECI_CMD_MREQ_RLDX,93579812601,0x0000008400,,,,0,,,1,,16,0,0x0000008400,7,,,0,4,0,
485,0x2844300000008500,5,ECI_CMD_MREQ_RLDX,93579812603,0x0000008500,,,,0,,,1,,17,0,0x0000008500,7,,,0,4,0,
486,0x2840300000008600,5,ECI_CMD_MREQ_RLDX,93579812605,0x0000008600,,,,0,,,1,,16,0,0x0000008600,7,,,0,4,0,
487,0x5000000000008000,10,ECI_CMD_MRSP_PEMD,93579812653,,256,256,0,0,0,,,0,0,3,,11,0,0,,0,,0
488,0x5003c00000008100,10,ECI_CMD_MRSP_PEMD,93579812778,,258,258,0,15,0,,,0,0,4,,5,0,0,,0,,0
489,0x5003c00000008300,10,ECI_CMD_MRSP_PEMD,93579812814,,262,262,0,15,0,,,0,0,4,,5,0,0,,0,,0
490,0x5007c00000008200,10,ECI_CMD_MRSP_PEMD,93579812849,,260,260,0,15,0,,,0,1,4,,5,0,0,,0,,0
491,0x5043c00000008400,10,ECI_CMD_MRSP_PEMD,93579812884,,264,264,0,15,0,,,0,16,4,,5,0,0,,0,,0
492,0x5047c00000008500,10,ECI_CMD_MRSP_PEMD,93579812920,,266,266,0,15,0,,,0,17,4,,5,0,0,,0,,0
493,0x5043c00000008600,10,ECI_CMD_MRSP_PEMD,93579812955,,268,268,0,15,0,,,0,16,4,,5,0,0,,0,,0
494,0x1803e00000008000,3,ECI_CMD_MRSP_VICDHI,93579813253,0x0000008000,,,,15,,0,1,,,2,0x0000008000,5,,,,0,,0
495,0x180be00000008100,3,ECI_CMD_MRSP_VICDHI,93579813568,0x0000008100,,,,15,,2,1,,,2,0x0000008100,5,,,,0,,0
496,0x1813e00000008200,3,ECI_CMD_MRSP_VICDHI,93579813572,0x0000008200,,,,15,,4,1,,,2,0x0000008200,5,,,,0,,0
497,0x181be00000008300,3,ECI_CMD_MRSP_VICDHI,93579813574,0x0000008300,,,,15,,6,1,,,2,0x0000008300,5,,,,0,,0
498,0x1823e00000008400,3,ECI_CMD_MRSP_VICDHI,93579813580,0x0000008400,,,,15,,8,1,,,2,0x0000008400,5,,,,0,,0
499,0x182be00000008500,3,ECI_CMD_MRSP_VICDHI,93579813583,0x0000008500,,,,15,,10,1,,,2,0x0000008500,5,,,,0,,0
500,0x1833e00000008600,3,ECI_CMD_MRSP_VICDHI,93579813588,0x0000008600,,,,15,,12,1,,,2,0x0000008600,5,,,,0,,0
501,0x2800300000008100,5,ECI_CMD_MREQ_RLDX,93579814758,0x0000008100,,,,0,,,1,,0,0,0x0000008100,7,,,0,4,0,
502,0x2800300000008200,5,ECI_CMD_MREQ_RLDX,93579814760,0x0000008200,,,,0,,,1,,0,0,0x0000008200,7,,,0,4,0,
503,0x2804300000008300,5,ECI_CMD_MREQ_RLDX,93579814762,0x0000008300,,,,0,,,1,,1,0,0x0000008300,7,,,0,4,0,
504,0x2840300000008400,5,ECI_CMD_MREQ_RLDX,93579814764,0x0000008400,,,,0,,,1,,16,0,0x0000008400,7,,,0,4,0,
505,0x2840300000008600,5,ECI_CMD_MREQ_RLDX,93579814766,0x0000008600,,,,0,,,1,,16,0,0x0000008600,7,,,0,4,0,
506,0x2840300000008500,5,ECI_CMD_MREQ_RLDX,93579814768,0x0000008500,,,,0,,,1,,16,0,0x0000008500,7,,,0,4,0,
507,0x5003c00000008100,10,ECI_CMD_MRSP_PEMD,93579814924,,258,258,0,15,0,,,0,0,4,,5,0,0,,0,,0
508,0x5003c00000008200,10,ECI_CMD_MRSP_PEMD,93579814960,,260,260,0,15,0,,,0,0,4,,5,0,0,,0,,0
509,0x5007c00000008300,10,ECI_CMD_MRSP_PEMD,93579814995,,262,262,0,15,0,,,0,1,4,,5,0,0,,0,,0
510,0x5043c00000008400,10,ECI_CMD_MRSP_PEMD,93579815031,,264,264,0,15,0,,,0,16,4,,5,0,0,,0,,0
511,0x5043c00000008600,10,ECI_CMD_MRSP_PEMD,93579815066,,268,268,0,15,0,,,0,16,4,,5,0,0,,0,,0
512,0x5043c00000008500,10,ECI_CMD_MRSP_PEMD,93579815102,,266,266,0,15,0,,,0,16,4,,5,0,0,,0,,0
513,0x0007e00000008000,0,ECI_CMD_MREQ_RLDD,93579815200,0x0000008000,,,,15,,,1,,1,0,0x0000008000,7,,,0,0,0,
514,0x180be00000008100,3,ECI_CMD_MRSP_VICDHI,93579815752,0x0000008100,,,,15,,2,1,,,2,0x0000008100,5,,,,0,,0
515,0x1813e00000008200,3,ECI_CMD_MRSP_VICDHI,93579815755,0x0000008200,,,,15,,4,1,,,2,0x0000008200,5,,,,0,,0
516,0x181be00000008300,3,ECI_CMD_MRSP_VICDHI,93579815759,0x0000008300,,,,15,,6,1,,,2,0x0000008300,5,,,,0,,0
517,0x1823e00000008400,3,ECI_CMD_MRSP_VICDHI,93579815762,0x0000008400,,,,15,,8,1,,,2,0x0000008400,5,,,,0,,0
518,0x182be00000008500,3,ECI_CMD_MRSP_VICDHI,93579815765,0x0000008500,,,,15,,10,1,,,2,0x0000008500,5,,,,0,,0
519,0x1833e00000008600,3,ECI_CMD_MRSP_VICDHI,93579815769,0x0000008600,,,,15,,12,1,,,2,0x0000008600,5,,,,0,,0
520,0x4807c00000008000,9,ECI_CMD_MRSP_PSHA,93579816239,,256,256,0,15,0,,,0,1,4,,5,0,0,,0,,0
521,0x3803e00000008000,7,ECI_CMD_MREQ_RC2D_S,93579816907,0x0000008000,,,,15,,,1,,0,0,0x0000008000,7,,,0,0,0,
522,0x2804300000008100,5,ECI_CMD_MREQ_RLDX,93579816927,0x0000008100,,,,0,,,1,,1,0,0x0000008100,7,,,0,4,0,
523,0x2804300000008200,5,ECI_CMD_MREQ_RLDX,93579816931,0x0000008200,,,,0,,,1,,1,0,0x0000008200,7,,,0,4,0,
524,0x2804300000008300,5,ECI_CMD_MREQ_RLDX,93579816933,0x0000008300,,,,0,,,1,,1,0,0x0000008300,7,,,0,4,0,
525,0x2844300000008400,5,ECI_CMD_MREQ_RLDX,93579816935,0x0000008400,,,,0,,,1,,17,0,0x0000008400,7,,,0,4,0,
526,0x2840300000008600,5,ECI_CMD_MREQ_RLDX,93579816937,0x0000008600,,,,0,,,1,,16,0,0x0000008600,7,,,0,4,0,
527,0x2840300000008500,5,ECI_CMD_MREQ_RLDX,93579816939,0x0000008500,,,,0,,,1,,16,0,0x0000008500,7,,,0,4,0,
528,0x5000000000008000,10,ECI_CMD_MRSP_PEMD,93579816986,,256,256,0,0,0,,,0,0,3,,11,0,0,,0,,0
529,0x5007c00000008100,10,ECI_CMD_MRSP_PEMD,93579817111,,258,258,0,15,0,,,0,1,4,,5,0,0,,0,,0
530,0x5007c00000008200,10,ECI_CMD_MRSP_PEMD,93579817146,,260,260,0,15,0,,,0,1,4,,5,0,0,,0,,0
531,0x5007c00000008300,10,ECI_CMD_MRSP_PEMD,93579817182,,262,262,0,15,0,,,0,1,4,,5,0,0,,0,,0
532,0x5047c00000008400,10,ECI_CMD_MRSP_PEMD,93579817217,,264,264,0,15,0,,,0,17,4,,5,0,0,,0,,0
533,0x5043c00000008600,10,ECI_CMD_MRSP_PEMD,93579817253,,268,268,0,15,0,,,0,16,4,,5,0,0,,0,,0
534,0x5043c00000008500,10,ECI_CMD_MRSP_PEMD,93579817288,,266,266,0,15,0,,,0,16,4,,5,0,0,,0,,0
535,0x1803e00000008000,3,ECI_CMD_MRSP_VICDHI,93579817586,0x0000008000,,,,15,,0,1,,,2,0x0000008000,5,,,,0,,0
536,0x180be00000008100,3,ECI_CMD_MRSP_VICDHI,93579817900,0x0000008100,,,,15,,2,1,,,2,0x0000008100,5,,,,0,,0
537,0x1813e00000008200,3,ECI_CMD_MRSP_VICDHI,93579817904,0x0000008200,,,,15,,4,1,,,2,0x0000008200,5,,,,0,,0
538,0x181be00000008300,3,ECI_CMD_MRSP_VICDHI,93579817908,0x0000008300,,,,15,,6,1,,,2,0x0000008300,5,,,,0,,0
539,0x1823e00000008400,3,ECI_CMD_MRSP_VICDHI,93579817911,0x0000008400,,,,15,,8,1,,,2,0x0000008400,5,,,,0,,0
540,0x182be00000008500,3,ECI_CMD_MRSP_VICDHI,93579817915,0x0000008500,,,,15,,10,1,,,2,0x0000008500,5,,,,0,,0
541,0x1833e00000008600,3,ECI_CMD_MRSP_VICDHI,93579817919,0x0000008600,,,,15,,12,1,,,2,0x0000008600,5,,,,0,,0
542,0x2800300000008100,5,ECI_CMD_MREQ_RLDX,93579819058,0x0000008100,,,,0,,,1,,0,0,0x0000008100,7,,,0,4,0,
543,0x2800300000008200,5,ECI_CMD_MREQ_RLDX,93579819060,0x0000008200,,,,0,,,1,,0,0,0x0000008200,7,,,0,4,0,
544,0x2800300000008300,5,ECI_CMD_MREQ_RLDX,93579819062,0x0000008300,,,,0,,,1,,0,0,0x0000008300,7,,,0,4,0,
33,0x2840300000008400,5,ECI_CMD_MREQ_RLDX,93579819064,0x0000008400,,,,0,,,1,,16,0,0x0000008400,7,,,0,4,0,
34,0x2844300000008600,5,ECI_CMD_MREQ_RLDX,93579819066,0x0000008600,,,,0,,,1,,17,0,0x0000008600,7,,,0,4,0,
35,0x2844300000008500,5,ECI_CMD_MREQ_RLDX,93579819068,0x0000008500,,,,0,,,1,,17,0,0x0000008500,7,,,0,4,0,
36,0x5003c00000008100,10,ECI_CMD_MRSP_PEMD,93579819225,,258,258,0,15,0,,,0,0,4,,5,0,0,,0,,0
37,0x5003c00000008200,10,ECI_CMD_MRSP_PEMD,93579819260,,260,260,0,15,0,,,0,0,4,,5,0,0,,0,,0
38,0x5003c00000008300,10,ECI_CMD_MRSP_PEMD,93579819296,,262,262,0,15,0,,,0,0,4,,5,0,0,,0,,0
39,0x5043c00000008400,10,ECI_CMD_MRSP_PEMD,93579819331,,264,264,0,15,0,,,0,16,4,,5,0,0,,0,,0
40,0x5047c00000008600,10,ECI_CMD_MRSP_PEMD,93579819367,,268,268,0,15,0,,,0,17,4,,5,0,0,,0,,0
41,0x5047c00000008500,10,ECI_CMD_MRSP_PEMD,93579819402,,266,266,0,15,0,,,0,17,4,,5,0,0,,0,,0
42,0x0007e00000008000,0,ECI_CMD_MREQ_RLDD,93579819498,0x0000008000,,,,15,,,1,,1,0,0x0000008000,7,,,0,0,0,
43,0x180be00000008100,3,ECI_CMD_MRSP_VICDHI,93579820048,0x0000008100,,,,15,,2,1,,,2,0x0000008100,5,,,,0,,0
44,0x1813e00000008200,3,ECI_CMD_MRSP_VICDHI,93579820052,0x0000008200,,,,15,,4,1,,,2,0x0000008200,5,,,,0,,0
45,0x181be00000008300,3,ECI_CMD_MRSP_VICDHI,93579820056,0x0000008300,,,,15,,6,1,,,2,0x0000008300,5,,,,0,,0
46,0x1823e00000008400,3,ECI_CMD_MRSP_VICDHI,93579820059,0x0000008400,,,,15,,8,1,,,2,0x0000008400,5,,,,0,,0
47,0x182be00000008500,3,ECI_CMD_MRSP_VICDHI,93579820063,0x0000008500,,,,15,,10,1,,,2,0x0000008500,5,,,,0,,0
48,0x1833e00000008600,3,ECI_CMD_MRSP_VICDHI,93579820068,0x0000008600,,,,15,,12,1,,,2,0x0000008600,5,,,,0,,0
49,0x4807c00000008000,9,ECI_CMD_MRSP_PSHA,93579820535,,256,256,0,15,0,,,0,1,4,,5,0,0,,0,,0
50,0x0007e00000000000,0,ECI_CMD_MREQ_RLDD,93579820655,0x0000000000,,,,15,,,1,,1,0,0x0000000000,7,,,0,0,0,
51,0x4807c00000000000,9,ECI_CMD_MRSP_PSHA,93579821039,,0,0,0,15,0,,,0,1,4,,5,0,0,,0,,0
52,0x3803e00000008000,7,ECI_CMD_MREQ_RC2D_S,93579821452,0x0000008000,,,,15,,,1,,0,0,0x0000008000,7,,,0,0,0,
53,0x2800300000008100,5,ECI_CMD_MREQ_RLDX,93579821472,0x0000008100,,,,0,,,1,,0,0,0x0000008100,7,,,0,4,0,
54,0x2800300000008200,5,ECI_CMD_MREQ_RLDX,93579821474,0x0000008200,,,,0,,,1,,0,0,0x0000008200,7,,,0,4,0,
55,0x2800300000008300,5,ECI_CMD_MREQ_RLDX,93579821476,0x0000008300,,,,0,,,1,,0,0,0x0000008300,7,,,0,4,0,
56,0x2844300000008400,5,ECI_CMD_MREQ_RLDX,93579821478,0x0000008400,,,,0,,,1,,17,0,0x0000008400,7,,,0,4,0,
57,0x2844300000008600,5,ECI_CMD_MREQ_RLDX,93579821480,0x0000008600,,,,0,,,1,,17,0,0x0000008600,7,,,0,4,0,
58,0x2840300000008500,5,ECI_CMD_MREQ_RLDX,93579821482,0x0000008500,,,,0,,,1,,16,0,0x0000008500,7,,,0,4,0,
59,0x5000000000008000,10,ECI_CMD_MRSP_PEMD,93579821531,,256,256,0,0,0,,,0,0,3,,11,0,0,,0,,0
60,0x5003c00000008100,10,ECI_CMD_MRSP_PEMD,93579821656,,258,258,0,15,0,,,0,0,4,,5,0,0,,0,,0
61,0x5003c00000008200,10,ECI_CMD_MRSP_PEMD,93579821692,,260,260,0,15,0,,,0,0,4,,5,0,0,,0,,0
62,0x5003c00000008300,10,ECI_CMD_MRSP_PEMD,93579821727,,262,262,0,15,0,,,0,0,4,,5,0,0,,0,,0
63,0x5047c00000008400,10,ECI_CMD_MRSP_PEMD,93579821763,,264,264,0,15,0,,,0,17,4,,5,0,0,,0,,0
64,0x5047c00000008600,10,ECI_CMD_MRSP_PEMD,93579821798,,268,268,0,15,0,,,0,17,4,,5,0,0,,0,,0
65,0x5043c00000008500,10,ECI_CMD_MRSP_PEMD,93579821834,,266,266,0,15,0,,,0,16,4,,5,0,0,,0,,0
66,0x1803e00000008000,3,ECI_CMD_MRSP_VICDHI,93579822142,0x0000008000,,,,15,,0,1,,,2,0x0000008000,5,,,,0,,0
67,0x180be00000008100,3,ECI_CMD_MRSP_VICDHI,93579822456,0x0000008100,,,,15,,2,1,,,2,0x0000008100,5,,,,0,,0
68,0x1813e00000008200,3,ECI_CMD_MRSP_VICDHI,93579822459,0x0000008200,,,,15,,4,1,,,2,0x0000008200,5,,,,0,,0
69,0x181be00000008300,3,ECI_CMD_MRSP_VICDHI,93579822464,0x0000008300,,,,15,,6,1,,,2,0x0000008300,5,,,,0,,0
70,0x1823e00000008400,3,ECI_CMD_MRSP_VICDHI,93579822466,0x0000008400,,,,15,,8,1,,,2,0x0000008400,5,,,,0,,0
71,0x182be00000008500,3,ECI_CMD_MRSP_VICDHI,93579822472,0x0000008500,,,,15,,10,1,,,2,0x0000008500,5,,,,0,,0
72,0x1833e00000008600,3,ECI_CMD_MRSP_VICDHI,93579822475,0x0000008600,,,,15,,12,1,,,2,0x0000008600,5,,,,0,,0
73,0x2000200000000000,4,ECI_CMD_MRSP_HAKD,93579823360,0x0000000000,,,,0,,0,1,,,1,0x0000000000,11,,,,0,,0
74,0x2804300000008100,5,ECI_CMD_MREQ_RLDX,93579823968,0x0000008100,,,,0,,,1,,1,0,0x0000008100,7,,,0,4,0,
75,0x2804300000008200,5,ECI_CMD_MREQ_RLDX,93579823970,0x0000008200,,,,0,,,1,,1,0,0x0000008200,7,,,0,4,0,
76,0x2804300000008300,5,ECI_CMD_MREQ_RLDX,93579823972,0x0000008300,,,,0,,,1,,1,0,0x0000008300,7,,,0,4,0,
77,0x2840300000008400,5,ECI_CMD_MREQ_RLDX,93579823974,0x0000008400,,,,0,,,1,,16,0,0x0000008400,7,,,0,4,0,
78,0x2844300000008500,5,ECI_CMD_MREQ_RLDX,93579823976,0x0000008500,,,,0,,,1,,17,0,0x0000008500,7,,,0,4,0,
79,0x2840300000008600,5,ECI_CMD_MREQ_RLDX,93579823978,0x0000008600,,,,0,,,1,,16,0,0x0000008600,7,,,0,4,0,
80,0x5007c00000008100,10,ECI_CMD_MRSP_PEMD,93579824135,,258,258,0,15,0,,,0,1,4,,5,0,0,,0,,0
81,0x5007c00000008200,10,ECI_CMD_MRSP_PEMD,93579824170,,260,260,0,15,0,,,0,1,4,,5,0,0,,0,,0
82,0x5007c00000008300,10,ECI_CMD_MRSP_PEMD,93579824206,,262,262,0,15,0,,,0,1,4,,5,0,0,,0,,0
83,0x5043c00000008400,10,ECI_CMD_MRSP_PEMD,93579824241,,264,264,0,15,0,,,0,16,4,,5,0,0,,0,,0
84,0x5047c00000008500,10,ECI_CMD_MRSP_PEMD,93579824277,,266,266,0,15,0,,,0,17,4,,5,0,0,,0,,0
85,0x5043c00000008600,10,ECI_CMD_MRSP_PEMD,93579824312,,268,268,0,15,0,,,0,16,4,,5,0,0,,0,,0
86,0x0003e00000008000,0,ECI_CMD_MREQ_RLDD,93579824416,0x0000008000,,,,15,,,1,,0,0,0x0000008000,7,,,0,0,0,
87,0x180be00000008100,3,ECI_CMD_MRSP_VICDHI,93579824965,0x0000008100,,,,15,,2,1,,,2,0x0000008100,5,,,,0,,0
88,0x1813e00000008200,3,ECI_CMD_MRSP_VICDHI,93579824969,0x0000008200,,,,15,,4,1,,,2,0x0000008200,5,,,,0,,0
89,0x181be00000008300,3,ECI_CMD_MRSP_VICDHI,93579824974,0x0000008300,,,,15,,6,1,,,2,0x0000008300,5,,,,0,,0
90,0x1823e00000008400,3,ECI_CMD_MRSP_VICDHI,93579824979,0x0000008400,,,,15,,8,1,,,2,0x0000008400,5,,,,0,,0
91,0x182be00000008500,3,ECI_CMD_MRSP_VICDHI,93579824984,0x0000008500,,,,15,,10,1,,,2,0x0000008500,5,,,,0,,0
92,0x1833e00000008600,3,ECI_CMD_MRSP_VICDHI,93579824987,0x0000008600,,,,15,,12,1,,,2,0x0000008600,5,,,,0,,0
93,0x4803c00000008000,9,ECI_CMD_MRSP_PSHA,93579825466,,256,256,0,15,0,,,0,0,4,,5,0,0,,0,,0
94,0x0003e00000000000,0,ECI_CMD_MREQ_RLDD,93579825587,0x0000000000,,,,15,,,1,,0,0,0x0000000000,7,,,0,0,0,
95,0x4803c00000000000,9,ECI_CMD_MRSP_PSHA,93579826044,,0,0,0,15,0,,,0,0,4,,5,0,0,,0,,0
96,0x3803e00000008000,7,ECI_CMD_MREQ_RC2D_S,93579826455,0x0000008000,,,,15,,,1,,0,0,0x0000008000,7,,,0,0,0,
97,0x2800300000008100,5,ECI_CMD_MREQ_RLDX,93579826475,0x0000008100,,,,0,,,1,,0,0,0x0000008100,7,,,0,4,0,
98,0x2804300000008200,5,ECI_CMD_MREQ_RLDX,93579826477,0x0000008200,,,,0,,,1,,1,0,0x0000008200,7,,,0,4,0,
99,0x2800300000008300,5,ECI_CMD_MREQ_RLDX,93579826479,0x0000008300,,,,0,,,1,,0,0,0x0000008300,7,,,0,4,0,
100,0x2844300000008400,5,ECI_CMD_MREQ_RLDX,93579826481,0x0000008400,,,,0,,,1,,17,0,0x0000008400,7,,,0,4,0,
101,0x2840300000008600,5,ECI_CMD_MREQ_RLDX,93579826483,0x0000008600,,,,0,,,1,,16,0,0x0000008600,7,,,0,4,0,
102,0x2844300000008500,5,ECI_CMD_MREQ_RLDX,93579826485,0x0000008500,,,,0,,,1,,17,0,0x0000008500,7,,,0,4,0,
103,0x5000000000008000,10,ECI_CMD_MRSP_PEMD,93579826533,,256,256,0,0,0,,,0,0,3,,11,0,0,,0,,0
104,0x5003c00000008100,10,ECI_CMD_MRSP_PEMD,93579826660,,258,258,0,15,0,,,0,0,4,,5,0,0,,0,,0
105,0x5007c00000008200,10,ECI_CMD_MRSP_PEMD,93579826695,,260,260,0,15,0,,,0,1,4,,5,0,0,,0,,0
106,0x5003c00000008300,10,ECI_CMD_MRSP_PEMD,93579826731,,262,262,0,15,0,,,0,0,4,,5,0,0,,0,,0
107,0x5047c00000008400,10,ECI_CMD_MRSP_PEMD,93579826766,,264,264,0,15,0,,,0,17,4,,5,0,0,,0,,0
108,0x5043c00000008600,10,ECI_CMD_MRSP_PEMD,93579826801,,268,268,0,15,0,,,0,16,4,,5,0,0,,0,,0
109,0x5047c00000008500,10,ECI_CMD_MRSP_PEMD,93579826837,,266,266,0,15,0,,,0,17,4,,5,0,0,,0,,0
110,0x1803e00000008000,3,ECI_CMD_MRSP_VICDHI,93579827144,0x0000008000,,,,15,,0,1,,,2,0x0000008000,5,,,,0,,0
111,0x180be00000008100,3,ECI_CMD_MRSP_VICDHI,93579827460,0x0000008100,,,,15,,2,1,,,2,0x0000008100,5,,,,0,,0
112,0x1813e00000008200,3,ECI_CMD_MRSP_VICDHI,93579827463,0x0000008200,,,,15,,4,1,,,2,0x0000008200,5,,,,0,,0
113,0x181be00000008300,3,ECI_CMD_MRSP_VICDHI,93579827466,0x0000008300,,,,15,,6,1,,,2,0x0000008300,5,,,,0,,0
114,0x1823e00000008400,3,ECI_CMD_MRSP_VICDHI,93579827470,0x0000008400,,,,15,,8,1,,,2,0x0000008400,5,,,,0,,0
115,0x182be00000008500,3,ECI_CMD_MRSP_VICDHI,93579827472,0x0000008500,,,,15,,10,1,,,2,0x0000008500,5,,,,0,,0
116,0x1833e00000008600,3,ECI_CMD_MRSP_VICDHI,93579827477,0x0000008600,,,,15,,12,1,,,2,0x0000008600,5,,,,0,,0
117,0x2000200000000000,4,ECI_CMD_MRSP_HAKD,93579828363,0x0000000000,,,,0,,0,1,,,1,0x0000000000,11,,,,0,,0
118,0x2800300000008100,5,ECI_CMD_MREQ_RLDX,93579828984,0x0000008100,,,,0,,,1,,0,0,0x0000008100,7,,,0,4,0,
119,0x2800300000008200,5,ECI_CMD_MREQ_RLDX,93579828986,0x0000008200,,,,0,,,1,,0,0,0x0000008200,7,,,0,4,0,
120,0x2800300000008300,5,ECI_CMD_MREQ_RLDX,93579828988,0x0000008300,,,,0,,,1,,0,0,0x0000008300,7,,,0,4,0,
121,0x2840300000008400,5,ECI_CMD_MREQ_RLDX,93579828990,0x0000008400,,,,0,,,1,,16,0,0x0000008400,7,,,0,4,0,
122,0x2844300000008500,5,ECI_CMD_MREQ_RLDX,93579828992,0x0000008500,,,,0,,,1,,17,0,0x0000008500,7,,,0,4,0,
123,0x2844300000008600,5,ECI_CMD_MREQ_RLDX,93579828994,0x0000008600,,,,0,,,1,,17,0,0x0000008600,7,,,0,4,0,
124,0x5003c00000008100,10,ECI_CMD_MRSP_PEMD,93579829151,,258,258,0,15,0,,,0,0,4,,5,0,0,,0,,0
125,0x5003c00000008200,10,ECI_CMD_MRSP_PEMD,93579829186,,260,260,0,15,0,,,0,0,4,,5,0,0,,0,,0
126,0x5003c00000008300,10,ECI_CMD_MRSP_PEMD,93579829222,,262,262,0,15,0,,,0,0,4,,5,0,0,,0,,0
127,0x5043c00000008400,10,ECI_CMD_MRSP_PEMD,93579829257,,264,264,0,15,0,,,0,16,4,,5,0,0,,0,,0
128,0x5047c00000008500,10,ECI_CMD_MRSP_PEMD,93579829293,,266,266,0,15,0,,,0,17,4,,5,0,0,,0,,0
129,0x5047c00000008600,10,ECI_CMD_MRSP_PEMD,93579829328,,268,268,0,15,0,,,0,17,4,,5,0,0,,0,,0
130,0x0007e00000008000,0,ECI_CMD_MREQ_RLDD,93579829431,0x0000008000,,,,15,,,1,,1,0,0x0000008000,7,,,0,0,0,
131,0x180be00000008100,3,ECI_CMD_MRSP_VICDHI,93579829981,0x0000008100,,,,15,,2,1,,,2,0x0000008100,5,,,,0,,0
132,0x1813e00000008200,3,ECI_CMD_MRSP_VICDHI,93579829986,0x0000008200,,,,15,,4,1,,,2,0x0000008200,5,,,,0,,0
133,0x181be00000008300,3,ECI_CMD_MRSP_VICDHI,93579829989,0x0000008300,,,,15,,6,1,,,2,0x0000008300,5,,,,0,,0
134,0x1823e00000008400,3,ECI_CMD_MRSP_VICDHI,93579829993,0x0000008400,,,,15,,8,1,,,2,0x0000008400,5,,,,0,,0
135,0x182be00000008500,3,ECI_CMD_MRSP_VICDHI,93579829996,0x0000008500,,,,15,,10,1,,,2,0x0000008500,5,,,,0,,0
136,0x1833e00000008600,3,ECI_CMD_MRSP_VICDHI,93579829999,0x0000008600,,,,15,,12,1,,,2,0x0000008600,5,,,,0,,0
137,0x4807c00000008000,9,ECI_CMD_MRSP_PSHA,93579830467,,256,256,0,15,0,,,0,1,4,,5,0,0,,0,,0
138,0x0007e00000000000,0,ECI_CMD_MREQ_RLDD,93579830587,0x0000000000,,,,15,,,1,,1,0,0x0000000000,7,,,0,0,0,
139,0x4807c00000000000,9,ECI_CMD_MRSP_PSHA,93579831044,,0,0,0,15,0,,,0,1,4,,5,0,0,,0,,0
140,0x3807e00000008000,7,ECI_CMD_MREQ_RC2D_S,93579831456,0x0000008000,,,,15,,,1,,1,0,0x0000008000,7,,,0,0,0,
141,0x2800300000008100,5,ECI_CMD_MREQ_RLDX,93579831476,0x0000008100,,,,0,,,1,,0,0,0x0000008100,7,,,0,4,0,
142,0x2800300000008200,5,ECI_CMD_MREQ_RLDX,93579831478,0x0000008200,,,,0,,,1,,0,0,0x0000008200,7,,,0,4,0,
143,0x2800300000008300,5,ECI_CMD_MREQ_RLDX,93579831480,0x0000008300,,,,0,,,1,,0,0,0x0000008300,7,,,0,4,0,
144,0x2844300000008400,5,ECI_CMD_MREQ_RLDX,93579831482,0x0000008400,,,,0,,,1,,17,0,0x0000008400,7,,,0,4,0,
145,0x2844300000008600,5,ECI_CMD_MREQ_RLDX,93579831484,0x0000008600,,,,0,,,1,,17,0,0x0000008600,7,,,0,4,0,
146,0x2840300000008500,5,ECI_CMD_MREQ_RLDX,93579831486,0x0000008500,,,,0,,,1,,16,0,0x0000008500,7,,,0,4,0,
147,0x5004000000008000,10,ECI_CMD_MRSP_PEMD,93579831534,,256,256,0,0,0,,,0,1,3,,11,0,0,,0,,0
148,0x5003c00000008100,10,ECI_CMD_MRSP_PEMD,93579831642,,258,258,0,15,0,,,0,0,4,,5,0,0,,0,,0
149,0x5003c00000008200,10,ECI_CMD_MRSP_PEMD,93579831677,,260,260,0,15,0,,,0,0,4,,5,0,0,,0,,0
150,0x5003c00000008300,10,ECI_CMD_MRSP_PEMD,93579831713,,262,262,0,15,0,,,0,0,4,,5,0,0,,0,,0
151,0x5047c00000008400,10,ECI_CMD_MRSP_PEMD,93579831748,,264,264,0,15,0,,,0,17,4,,5,0,0,,0,,0
152,0x5047c00000008600,10,ECI_CMD_MRSP_PEMD,93579831784,,268,268,0,15,0,,,0,17,4,,5,0,0,,0,,0
153,0x5043c00000008500,10,ECI_CMD_MRSP_PEMD,93579831819,,266,266,0,15,0,,,0,16,4,,5,0,0,,0,,0
154,0x1803e00000008000,3,ECI_CMD_MRSP_VICDHI,93579832147,0x0000008000,,,,15,,0,1,,,2,0x0000008000,5,,,,0,,0
155,0x180be00000008100,3,ECI_CMD_MRSP_VICDHI,93579832462,0x0000008100,,,,15,,2,1,,,2,0x0000008100,5,,,,0,,0
156,0x1813e00000008200,3,ECI_CMD_MRSP_VICDHI,93579832466,0x0000008200,,,,15,,4,1,,,2,0x0000008200,5,,,,0,,0
157,0x181be00000008300,3,ECI_CMD_MRSP_VICDHI,93579832470,0x0000008300,,,,15,,6,1,,,2,0x0000008300,5,,,,0,,0
158,0x1823e00000008400,3,ECI_CMD_MRSP_VICDHI,93579832473,0x0000008400,,,,15,,8,1,,,2,0x0000008400,5,,,,0,,0
159,0x182be00000008500,3,ECI_CMD_MRSP_VICDHI,93579832477,0x0000008500,,,,15,,10,1,,,2,0x0000008500,5,,,,0,,0
160,0x1833e00000008600,3,ECI_CMD_MRSP_VICDHI,93579832483,0x0000008600,,,,15,,12,1,,,2,0x0000008600,5,,,,0,,0
161,0x2000200000000000,4,ECI_CMD_MRSP_HAKD,93579833373,0x0000000000,,,,0,,0,1,,,1,0x0000000000,11,,,,0,,0
162,0x2800300000008100,5,ECI_CMD_MREQ_RLDX,93579833978,0x0000008100,,,,0,,,1,,0,0,0x0000008100,7,,,0,4,0,
163,0x2804300000008200,5,ECI_CMD_MREQ_RLDX,93579833980,0x0000008200,,,,0,,,1,,1,0,0x0000008200,7,,,0,4,0,
164,0x2800300000008300,5,ECI_CMD_MREQ_RLDX,93579833982,0x0000008300,,,,0,,,1,,0,0,0x0000008300,7,,,0,4,0,
165,0x2840300000008400,5,ECI_CMD_MREQ_RLDX,93579833984,0x0000008400,,,,0,,,1,,16,0,0x0000008400,7,,,0,4,0,
166,0x2840300000008600,5,ECI_CMD_MREQ_RLDX,93579833986,0x0000008600,,,,0,,,1,,16,0,0x0000008600,7,,,0,4,0,
167,0x2840300000008500,5,ECI_CMD_MREQ_RLDX,93579833988,0x0000008500,,,,0,,,1,,16,0,0x0000008500,7,,,0,4,0,
168,0x5003c00000008100,10,ECI_CMD_MRSP_PEMD,93579834144,,258,258,0,15,0,,,0,0,4,,5,0,0,,0,,0
169,0x5007c00000008200,10,ECI_CMD_MRSP_PEMD,93579834180,,260,260,0,15,0,,,0,1,4,,5,0,0,,0,,0
170,0x5003c00000008300,10,ECI_CMD_MRSP_PEMD,93579834215,,262,262,0,15,0,,,0,0,4,,5,0,0,,0,,0
171,0x5043c00000008400,10,ECI_CMD_MRSP_PEMD,93579834251,,264,264,0,15,0,,,0,16,4,,5,0,0,,0,,0
172,0x5043c00000008600,10,ECI_CMD_MRSP_PEMD,93579834286,,268,268,0,15,0,,,0,16,4,,5,0,0,,0,,0
173,0x5043c00000008500,10,ECI_CMD_MRSP_PEMD,93579834322,,266,266,0,15,0,,,0,16,4,,5,0,0,,0,,0
174,0x0003e00000008000,0,ECI_CMD_MREQ_RLDD,93579834423,0x0000008000,,,,15,,,1,,0,0,0x0000008000,7,,,0,0,0,
175,0x180be00000008100,3,ECI_CMD_MRSP_VICDHI,93579834972,0x0000008100,,,,15,,2,1,,,2,0x0000008100,5,,,,0,,0
176,0x1813e00000008200,3,ECI_CMD_MRSP_VICDHI,93579834976,0x0000008200,,,,15,,4,1,,,2,0x0000008200,5,,,,0,,0
177,0x181be00000008300,3,ECI_CMD_MRSP_VICDHI,93579834980,0x0000008300,,,,15,,6,1,,,2,0x0000008300,5,,,,0,,0
178,0x1823e00000008400,3,ECI_CMD_MRSP_VICDHI,93579834984,0x0000008400,,,,15,,8,1,,,2,0x0000008400,5,,,,0,,0
179,0x182be00000008500,3,ECI_CMD_MRSP_VICDHI,93579834988,0x0000008500,,,,15,,10,1,,,2,0x0000008500,5,,,,0,,0
180,0x1833e00000008600,3,ECI_CMD_MRSP_VICDHI,93579834992,0x0000008600,,,,15,,12,1,,,2,0x0000008600,5,,,,0,,0
181,0x4803c00000008000,9,ECI_CMD_MRSP_PSHA,93579835459,,256,256,0,15,0,,,0,0,4,,5,0,0,,0,,0
182,0x0003e00000000000,0,ECI_CMD_MREQ_RLDD,93579835580,0x0000000000,,,,15,,,1,,0,0,0x0000000000,7,,,0,0,0,
183,0x4803c00000000000,9,ECI_CMD_MRSP_PSHA,93579836034,,0,0,0,15,0,,,0,0,4,,5,0,0,,0,,0
184,0x3803e00000008000,7,ECI_CMD_MREQ_RC2D_S,93579836445,0x0000008000,,,,15,,,1,,0,0,0x0000008000,7,,,0,0,0,
185,0x2800300000008100,5,ECI_CMD_MREQ_RLDX,93579836467,0x0000008100,,,,0,,,1,,0,0,0x0000008100,7,,,0,4,0,
186,0x2800300000008200,5,ECI_CMD_MREQ_RLDX,93579836469,0x0000008200,,,,0,,,1,,0,0,0x0000008200,7,,,0,4,0,
187,0x2804300000008300,5,ECI_CMD_MREQ_RLDX,93579836471,0x0000008300,,,,0,,,1,,1,0,0x0000008300,7,,,0,4,0,
188,0x2844300000008400,5,ECI_CMD_MREQ_RLDX,93579836473,0x0000008400,,,,0,,,1,,17,0,0x0000008400,7,,,0,4,0,
189,0x2840300000008600,5,ECI_CMD_MREQ_RLDX,93579836475,0x0000008600,,,,0,,,1,,16,0,0x0000008600,7,,,0,4,0,
190,0x2844300000008500,5,ECI_CMD_MREQ_RLDX,93579836477,0x0000008500,,,,0,,,1,,17,0,0x0000008500,7,,,0,4,0,
191,0x5000000000008000,10,ECI_CMD_MRSP_PEMD,93579836523,,256,256,0,0,0,,,0,0,3,,11,0,0,,0,,0
192,0x5003c00000008100,10,ECI_CMD_MRSP_PEMD,93579836652,,258,258,0,15,0,,,0,0,4,,5,0,0,,0,,0
193,0x5003c00000008200,10,ECI_CMD_MRSP_PEMD,93579836687,,260,260,0,15,0,,,0,0,4,,5,0,0,,0,,0
194,0x5007c00000008300,10,ECI_CMD_MRSP_PEMD,93579836722,,262,262,0,15,0,,,0,1,4,,5,0,0,,0,,0
195,0x5047c00000008400,10,ECI_CMD_MRSP_PEMD,93579836758,,264,264,0,15,0,,,0,17,4,,5,0,0,,0,,0
196,0x5043c00000008600,10,ECI_CMD_MRSP_PEMD,93579836793,,268,268,0,15,0,,,0,16,4,,5,0,0,,0,,0
197,0x5047c00000008500,10,ECI_CMD_MRSP_PEMD,93579836829,,266,266,0,15,0,,,0,17,4,,5,0,0,,0,,0
198,0x1803e00000008000,3,ECI_CMD_MRSP_VICDHI,93579837139,0x0000008000,,,,15,,0,1,,,2,0x0000008000,5,,,,0,,0
199,0x180be00000008100,3,ECI_CMD_MRSP_VICDHI,93579837456,0x0000008100,,,,15,,2,1,,,2,0x0000008100,5,,,,0,,0
200,0x1813e00000008200,3,ECI_CMD_MRSP_VICDHI,93579837459,0x0000008200,,,,15,,4,1,,,2,0x0000008200,5,,,,0,,0
201,0x181be00000008300,3,ECI_CMD_MRSP_VICDHI,93579837464,0x0000008300,,,,15,,6,1,,,2,0x0000008300,5,,,,0,,0
202,0x1823e00000008400,3,ECI_CMD_MRSP_VICDHI,93579837466,0x0000008400,,,,15,,8,1,,,2,0x0000008400,5,,,,0,,0
203,0x182be00000008500,3,ECI_CMD_MRSP_VICDHI,93579837470,0x0000008500,,,,15,,10,1,,,2,0x0000008500,5,,,,0,,0
204,0x1833e00000008600,3,ECI_CMD_MRSP_VICDHI,93579837473,0x0000008600,,,,15,,12,1,,,2,0x0000008600,5,,,,0,,0
205,0x2000200000000000,4,ECI_CMD_MRSP_HAKD,93579838360,0x0000000000,,,,0,,0,1,,,1,0x0000000000,11,,,,0,,0
206,0x2804300000008100,5,ECI_CMD_MREQ_RLDX,93579838967,0x0000008100,,,,0,,,1,,1,0,0x0000008100,7,,,0,4,0,
207,0x2804300000008200,5,ECI_CMD_MREQ_RLDX,93579838969,0x0000008200,,,,0,,,1,,1,0,0x0000008200,7,,,0,4,0,
208,0x2800300000008300,5,ECI_CMD_MREQ_RLDX,93579838971,0x0000008300,,,,0,,,1,,0,0,0x0000008300,7,,,0,4,0,
209,0x2844300000008400,5,ECI_CMD_MREQ_RLDX,93579838973,0x0000008400,,,,0,,,1,,17,0,0x0000008400,7,,,0,4,0,
210,0x2840300000008600,5,ECI_CMD_MREQ_RLDX,93579838975,0x0000008600,,,,0,,,1,,16,0,0x0000008600,7,,,0,4,0,
211,0x2840300000008500,5,ECI_CMD_MREQ_RLDX,93579838977,0x0000008500,,,,0,,,1,,16,0,0x0000008500,7,,,0,4,0,
212,0x5007c00000008100,10,ECI_CMD_MRSP_PEMD,93579839133,,258,258,0,15,0,,,0,1,4,,5,0,0,,0,,0
213,0x5007c00000008200,10,ECI_CMD_MRSP_PEMD,93579839168,,260,260,0,15,0,,,0,1,4,,5,0,0,,0,,0
214,0x5003c00000008300,10,ECI_CMD_MRSP_PEMD,93579839204,,262,262,0,15,0,,,0,0,4,,5,0,0,,0,,0
215,0x5047c00000008400,10,ECI_CMD_MRSP_PEMD,93579839239,,264,264,0,15,0,,,0,17,4,,5,0,0,,0,,0
216,0x5043c00000008600,10,ECI_CMD_MRSP_PEMD,93579839275,,268,268,0,15,0,,,0,16,4,,5,0,0,,0,,0
217,0x5043c00000008500,10,ECI_CMD_MRSP_PEMD,93579839310,,266,266,0,15,0,,,0,16,4,,5,0,0,,0,,0
218,0x0003e00000008000,0,ECI_CMD_MREQ_RLDD,93579839407,0x0000008000,,,,15,,,1,,0,0,0x0000008000,7,,,0,0,0,
219,0x180be00000008100,3,ECI_CMD_MRSP_VICDHI,93579839962,0x0000008100,,,,15,,2,1,,,2,0x0000008100,5,,,,0,,0
220,0x1813e00000008200,3,ECI_CMD_MRSP_VICDHI,93579839966,0x0000008200,,,,15,,4,1,,,2,0x0000008200,5,,,,0,,0
221,0x181be00000008300,3,ECI_CMD_MRSP_VICDHI,93579839968,0x0000008300,,,,15,,6,1,,,2,0x0000008300,5,,,,0,,0
222,0x1823e00000008400,3,ECI_CMD_MRSP_VICDHI,93579839974,0x0000008400,,,,15,,8,1,,,2,0x0000008400,5,,,,0,,0
223,0x182be00000008500,3,ECI_CMD_MRSP_VICDHI,93579839976,0x0000008500,,,,15,,10,1,,,2,0x0000008500,5,,,,0,,0
224,0x1833e00000008600,3,ECI_CMD_MRSP_VICDHI,93579839982,0x0000008600,,,,15,,12,1,,,2,0x0000008600,5,,,,0,,0
225,0x4803c00000008000,9,ECI_CMD_MRSP_PSHA,93579840449,,256,256,0,15,0,,,0,0,4,,5,0,0,,0,,0
226,0x3807e00000008000,7,ECI_CMD_MREQ_RC2D_S,93579841090,0x0000008000,,,,15,,,1,,1,0,0x0000008000,7,,,0,0,0,
227,0x2804300000008100,5,ECI_CMD_MREQ_RLDX,93579841112,0x0000008100,,,,0,,,1,,1,0,0x0000008100,7,,,0,4,0,
228,0x2808300000008200,5,ECI_CMD_MREQ_RLDX,93579841114,0x0000008200,,,,0,,,1,,2,0,0x0000008200,7,,,0,4,0,
229,0x2804300000008300,5,ECI_CMD_MREQ_RLDX,93579841116,0x0000008300,,,,0,,,1,,1,0,0x0000008300,7,,,0,4,0,
230,0x2844300000008400,5,ECI_CMD_MREQ_RLDX,93579841118,0x0000008400,,,,0,,,1,,17,0,0x0000008400,7,,,0,4,0,
231,0x2840300000008500,5,ECI_CMD_MREQ_RLDX,93579841120,0x0000008500,,,,0,,,1,,16,0,0x0000008500,7,,,0,4,0,
232,0x2840300000008600,5,ECI_CMD_MREQ_RLDX,93579841122,0x0000008600,,,,0,,,1,,16,0,0x0000008600,7,,,0,4,0,
233,0x5004000000008000,10,ECI_CMD_MRSP_PEMD,93579841168,,256,256,0,0,0,,,0,1,3,,11,0,0,,0,,0
234,0x5007c00000008100,10,ECI_CMD_MRSP_PEMD,93579841297,,258,258,0,15,0,,,0,1,4,,5,0,0,,0,,0
235,0x500bc00000008200,10,ECI_CMD_MRSP_PEMD,93579841332,,260,260,0,15,0,,,0,2,4,,5,0,0,,0,,0
236,0x5007c00000008300,10,ECI_CMD_MRSP_PEMD,93579841368,,262,262,0,15,0,,,0,1,4,,5,0,0,,0,,0
237,0x5047c00000008400,10,ECI_CMD_MRSP_PEMD,93579841403,,264,264,0,15,0,,,0,17,4,,5,0,0,,0,,0
238,0x5043c00000008500,10,ECI_CMD_MRSP_PEMD,93579841439,,266,266,0,15,0,,,0,16,4,,5,0,0,,0,,0
239,0x5043c00000008600,10,ECI_CMD_MRSP_PEMD,93579841474,,268,268,0,15,0,,,0,16,4,,5,0,0,,0,,0
240,0x1803e00000008000,3,ECI_CMD_MRSP_VICDHI,93579841778,0x0000008000,,,,15,,0,1,,,2,0x0000008000,5,,,,0,,0
241,0x180be00000008100,3,ECI_CMD_MRSP_VICDHI,93579842096,0x0000008100,,,,15,,2,1,,,2,0x0000008100,5,,,,0,,0
242,0x1813e00000008200,3,ECI_CMD_MRSP_VICDHI,93579842099,0x0000008200,,,,15,,4,1,,,2,0x0000008200,5,,,,0,,0
243,0x181be00000008300,3,ECI_CMD_MRSP_VICDHI,93579842103,0x0000008300,,,,15,,6,1,,,2,0x0000008300,5,,,,0,,0
244,0x1823e00000008400,3,ECI_CMD_MRSP_VICDHI,93579842106,0x0000008400,,,,15,,8,1,,,2,0x0000008400,5,,,,0,,0
245,0x182be00000008500,3,ECI_CMD_MRSP_VICDHI,93579842110,0x0000008500,,,,15,,10,1,,,2,0x0000008500,5,,,,0,,0
246,0x1833e00000008600,3,ECI_CMD_MRSP_VICDHI,93579842112,0x0000008600,,,,15,,12,1,,,2,0x0000008600,5,,,,0,,0
247,0x2800300000008100,5,ECI_CMD_MREQ_RLDX,93579843247,0x0000008100,,,,0,,,1,,0,0,0x0000008100,7,,,0,4,0,
248,0x2800300000008200,5,ECI_CMD_MREQ_RLDX,93579843249,0x0000008200,,,,0,,,1,,0,0,0x0000008200,7,,,0,4,0,
249,0x2800300000008300,5,ECI_CMD_MREQ_RLDX,93579843251,0x0000008300,,,,0,,,1,,0,0,0x0000008300,7,,,0,4,0,
250,0x2840300000008400,5,ECI_CMD_MREQ_RLDX,93579843253,0x0000008400,,,,0,,,1,,16,0,0x0000008400,7,,,0,4,0,
251,0x2840300000008600,5,ECI_CMD_MREQ_RLDX,93579843255,0x0000008600,,,,0,,,1,,16,0,0x0000008600,7,,,0,4,0,
252,0x2844300000008500,5,ECI_CMD_MREQ_RLDX,93579843257,0x0000008500,,,,0,,,1,,17,0,0x0000008500,7,,,0,4,0,
253,0x5003c00000008100,10,ECI_CMD_MRSP_PEMD,93579843414,,258,258,0,15,0,,,0,0,4,,5,0,0,,0,,0
254,0x5003c00000008200,10,ECI_CMD_MRSP_PEMD,93579843450,,260,260,0,15,0,,,0,0,4,,5,0,0,,0,,0
255,0x5003c00000008300,10,ECI_CMD_MRSP_PEMD,93579843485,,262,262,0,15,0,,,0,0,4,,5,0,0,,0,,0
256,0x5043c00000008400,10,ECI_CMD_MRSP_PEMD,93579843521,,264,264,0,15,0,,,0,16,4,,5,0,0,,0,,0
257,0x5043c00000008600,10,ECI_CMD_MRSP_PEMD,93579843556,,268,268,0,15,0,,,0,16,4,,5,0,0,,0,,0
258,0x5047c00000008500,10,ECI_CMD_MRSP_PEMD,93579843591,,266,266,0,15,0,,,0,17,4,,5,0,0,,0,,0
259,0x0003e00000008000,0,ECI_CMD_MREQ_RLDD,93579843685,0x0000008000,,,,15,,,1,,0,0,0x0000008000,7,,,0,0,0,
260,0x180be00000008100,3,ECI_CMD_MRSP_VICDHI,93579844236,0x0000008100,,,,15,,2,1,,,2,0x0000008100,5,,,,0,,0
261,0x1813e00000008200,3,ECI_CMD_MRSP_VICDHI,93579844240,0x0000008200,,,,15,,4,1,,,2,0x0000008200,5,,,,0,,0
262,0x181be00000008300,3,ECI_CMD_MRSP_VICDHI,93579844244,0x0000008300,,,,15,,6,1,,,2,0x0000008300,5,,,,0,,0
263,0x1823e00000008400,3,ECI_CMD_MRSP_VICDHI,93579844247,0x0000008400,,,,15,,8,1,,,2,0x0000008400,5,,,,0,,0
264,0x182be00000008500,3,ECI_CMD_MRSP_VICDHI,93579844251,0x0000008500,,,,15,,10,1,,,2,0x0000008500,5,,,,0,,0
265,0x1833e00000008600,3,ECI_CMD_MRSP_VICDHI,93579844254,0x0000008600,,,,15,,12,1,,,2,0x0000008600,5,,,,0,,0
266,0x4803c00000008000,9,ECI_CMD_MRSP_PSHA,93579844723,,256,256,0,15,0,,,0,0,4,,5,0,0,,0,,0
267,0x3803e00000008000,7,ECI_CMD_MREQ_RC2D_S,93579845360,0x0000008000,,,,15,,,1,,0,0,0x0000008000,7,,,0,0,0,
268,0x2800300000008100,5,ECI_CMD_MREQ_RLDX,93579845380,0x0000008100,,,,0,,,1,,0,0,0x0000008100,7,,,0,4,0,
269,0x2800300000008200,5,ECI_CMD_MREQ_RLDX,93579845384,0x0000008200,,,,0,,,1,,0,0,0x0000008200,7,,,0,4,0,
270,0x2800300000008300,5,ECI_CMD_MREQ_RLDX,93579845386,0x0000008300,,,,0,,,1,,0,0,0x0000008300,7,,,0,4,0,
271,0x2844300000008400,5,ECI_CMD_MREQ_RLDX,93579845388,0x0000008400,,,,0,,,1,,17,0,0x0000008400,7,,,0,4,0,
272,0x2840300000008600,5,ECI_CMD_MREQ_RLDX,93579845390,0x0000008600,,,,0,,,1,,16,0,0x0000008600,7,,,0,4,0,
273,0x2844300000008500,5,ECI_CMD_MREQ_RLDX,93579845392,0x0000008500,,,,0,,,1,,17,0,0x0000008500,7,,,0,4,0,
274,0x5000000000008000,10,ECI_CMD_MRSP_PEMD,93579845438,,256,256,0,0,0,,,0,0,3,,11,0,0,,0,,0
275,0x5003c00000008100,10,ECI_CMD_MRSP_PEMD,93579845564,,258,258,0,15,0,,,0,0,4,,5,0,0,,0,,0
276,0x5003c00000008200,10,ECI_CMD_MRSP_PEMD,93579845599,,260,260,0,15,0,,,0,0,4,,5,0,0,,0,,0
277,0x5003c00000008300,10,ECI_CMD_MRSP_PEMD,93579845635,,262,262,0,15,0,,,0,0,4,,5,0,0,,0,,0
278,0x5047c00000008400,10,ECI_CMD_MRSP_PEMD,93579845670,,264,264,0,15,0,,,0,17,4,,5,0,0,,0,,0
279,0x5043c00000008600,10,ECI_CMD_MRSP_PEMD,93579845706,,268,268,0,15,0,,,0,16,4,,5,0,0,,0,,0
280,0x5047c00000008500,10,ECI_CMD_MRSP_PEMD,93579845741,,266,266,0,15,0,,,0,17,4,,5,0,0,,0,,0
281,0x1803e00000008000,3,ECI_CMD_MRSP_VICDHI,93579846045,0x0000008000,,,,15,,0,1,,,2,0x0000008000,5,,,,0,,0
282,0x180be00000008100,3,ECI_CMD_MRSP_VICDHI,93579846360,0x0000008100,,,,15,,2,1,,,2,0x0000008100,5,,,,0,,0
283,0x1813e00000008200,3,ECI_CMD_MRSP_VICDHI,93579846364,0x0000008200,,,,15,,4,1,,,2,0x0000008200,5,,,,0,,0
284,0x181be00000008300,3,ECI_CMD_MRSP_VICDHI,93579846366,0x0000008300,,,,15,,6,1,,,2,0x0000008300,5,,,,0,,0
285,0x1823e00000008400,3,ECI_CMD_MRSP_VICDHI,93579846372,0x0000008400,,,,15,,8,1,,,2,0x0000008400,5,,,,0,,0
286,0x182be00000008500,3,ECI_CMD_MRSP_VICDHI,93579846375,0x0000008500,,,,15,,10,1,,,2,0x0000008500,5,,,,0,,0
287,0x1833e00000008600,3,ECI_CMD_MRSP_VICDHI,93579846380,0x0000008600,,,,15,,12,1,,,2,0x0000008600,5,,,,0,,0
288,0x0003e00000000000,0,ECI_CMD_MREQ_RLDD,93579846981,0x0000000000,,,,15,,,1,,0,0,0x0000000000,7,,,0,0,0,
289,0x4803c00000000000,9,ECI_CMD_MRSP_PSHA,93579847438,,0,0,0,15,0,,,0,0,4,,5,0,0,,0,,0
290,0x2804300000008100,5,ECI_CMD_MREQ_RLDX,93579847873,0x0000008100,,,,0,,,1,,1,0,0x0000008100,7,,,0,4,0,
291,0x2800300000008200,5,ECI_CMD_MREQ_RLDX,93579847876,0x0000008200,,,,0,,,1,,0,0,0x0000008200,7,,,0,4,0,
292,0x2804300000008300,5,ECI_CMD_MREQ_RLDX,93579847878,0x0000008300,,,,0,,,1,,1,0,0x0000008300,7,,,0,4,0,
293,0x2840300000008400,5,ECI_CMD_MREQ_RLDX,93579847880,0x0000008400,,,,0,,,1,,16,0,0x0000008400,7,,,0,4,0,
294,0x2840300000008600,5,ECI_CMD_MREQ_RLDX,93579847882,0x0000008600,,,,0,,,1,,16,0,0x0000008600,7,,,0,4,0,
295,0x2844300000008500,5,ECI_CMD_MREQ_RLDX,93579847884,0x0000008500,,,,0,,,1,,17,0,0x0000008500,7,,,0,4,0,
296,0x5007c00000008100,10,ECI_CMD_MRSP_PEMD,93579848040,,258,258,0,15,0,,,0,1,4,,5,0,0,,0,,0
297,0x5003c00000008200,10,ECI_CMD_MRSP_PEMD,93579848076,,260,260,0,15,0,,,0,0,4,,5,0,0,,0,,0
298,0x5007c00000008300,10,ECI_CMD_MRSP_PEMD,93579848111,,262,262,0,15,0,,,0,1,4,,5,0,0,,0,,0
299,0x5043c00000008400,10,ECI_CMD_MRSP_PEMD,93579848147,,264,264,0,15,0,,,0,16,4,,5,0,0,,0,,0
300,0x5043c00000008600,10,ECI_CMD_MRSP_PEMD,93579848182,,268,268,0,15,0,,,0,16,4,,5,0,0,,0,,0
301,0x5047c00000008500,10,ECI_CMD_MRSP_PEMD,93579848218,,266,266,0,15,0,,,0,17,4,,5,0,0,,0,,0
302,0x0007e00000008000,0,ECI_CMD_MREQ_RLDD,93579848321,0x0000008000,,,,15,,,1,,1,0,0x0000008000,7,,,0,0,0,
303,0x180be00000008100,3,ECI_CMD_MRSP_VICDHI,93579848870,0x0000008100,,,,15,,2,1,,,2,0x0000008100,5,,,,0,,0
304,0x1813e00000008200,3,ECI_CMD_MRSP_VICDHI,93579848875,0x0000008200,,,,15,,4,1,,,2,0x0000008200,5,,,,0,,0
305,0x181be00000008300,3,ECI_CMD_MRSP_VICDHI,93579848880,0x0000008300,,,,15,,6,1,,,2,0x0000008300,5,,,,0,,0
306,0x1823e00000008400,3,ECI_CMD_MRSP_VICDHI,93579848883,0x0000008400,,,,15,,8,1,,,2,0x0000008400,5,,,,0,,0
307,0x182be00000008500,3,ECI_CMD_MRSP_VICDHI,93579848887,0x0000008500,,,,15,,10,1,,,2,0x0000008500,5,,,,0,,0
308,0x1833e00000008600,3,ECI_CMD_MRSP_VICDHI,93579848890,0x0000008600,,,,15,,12,1,,,2,0x0000008600,5,,,,0,,0
309,0x4807c00000008000,9,ECI_CMD_MRSP_PSHA,93579849357,,256,256,0,15,0,,,0,1,4,,5,0,0,,0,,0
310,0x2000200000000000,4,ECI_CMD_MRSP_HAKD,93579849766,0x0000000000,,,,0,,0,1,,,1,0x0000000000,11,,,,0,,0
311,0x3807e00000008000,7,ECI_CMD_MREQ_RC2D_S,93579850350,0x0000008000,,,,15,,,1,,1,0,0x0000008000,7,,,0,0,0,
312,0x2800300000008100,5,ECI_CMD_MREQ_RLDX,93579850370,0x0000008100,,,,0,,,1,,0,0,0x0000008100,7,,,0,4,0,
313,0x2800300000008200,5,ECI_CMD_MREQ_RLDX,93579850372,0x0000008200,,,,0,,,1,,0,0,0x0000008200,7,,,0,4,0,
314,0x2800300000008300,5,ECI_CMD_MREQ_RLDX,93579850374,0x0000008300,,,,0,,,1,,0,0,0x0000008300,7,,,0,4,0,
315,0x2844300000008400,5,ECI_CMD_MREQ_RLDX,93579850376,0x0000008400,,,,0,,,1,,17,0,0x0000008400,7,,,0,4,0,
316,0x2840300000008500,5,ECI_CMD_MREQ_RLDX,93579850378,0x0000008500,,,,0,,,1,,16,0,0x0000008500,7,,,0,4,0,
317,0x2844300000008600,5,ECI_CMD_MREQ_RLDX,93579850380,0x0000008600,,,,0,,,1,,17,0,0x0000008600,7,,,0,4,0,
318,0x5004000000008000,10,ECI_CMD_MRSP_PEMD,93579850429,,256,256,0,0,0,,,0,1,3,,11,0,0,,0,,0
319,0x5003c00000008100,10,ECI_CMD_MRSP_PEMD,93579850536,,258,258,0,15,0,,,0,0,4,,5,0,0,,0,,0
320,0x5003c00000008200,10,ECI_CMD_MRSP_PEMD,93579850577,,260,260,0,15,0,,,0,0,4,,5,0,0,,0,,0
321,0x5003c00000008300,10,ECI_CMD_MRSP_PEMD,93579850612,,262,262,0,15,0,,,0,0,4,,5,0,0,,0,,0
322,0x5047c00000008400,10,ECI_CMD_MRSP_PEMD,93579850648,,264,264,0,15,0,,,0,17,4,,5,0,0,,0,,0
323,0x5043c00000008500,10,ECI_CMD_MRSP_PEMD,93579850683,,266,266,0,15,0,,,0,16,4,,5,0,0,,0,,0
324,0x5047c00000008600,10,ECI_CMD_MRSP_PEMD,93579850718,,268,268,0,15,0,,,0,17,4,,5,0,0,,0,,0
325,0x1803e00000008000,3,ECI_CMD_MRSP_VICDHI,93579851050,0x0000008000,,,,15,,0,1,,,2,0x0000008000,5,,,,0,,0
326,0x180be00000008100,3,ECI_CMD_MRSP_VICDHI,93579851366,0x0000008100,,,,15,,2,1,,,2,0x0000008100,5,,,,0,,0
327,0x1813e00000008200,3,ECI_CMD_MRSP_VICDHI,93579851369,0x0000008200,,,,15,,4,1,,,2,0x0000008200,5,,,,0,,0
328,0x181be00000008300,3,ECI_CMD_MRSP_VICDHI,93579851373,0x0000008300,,,,15,,6,1,,,2,0x0000008300,5,,,,0,,0
329,0x1823e00000008400,3,ECI_CMD_MRSP_VICDHI,93579851376,0x0000008400,,,,15,,8,1,,,2,0x0000008400,5,,,,0,,0
330,0x182be00000008500,3,ECI_CMD_MRSP_VICDHI,93579851381,0x0000008500,,,,15,,10,1,,,2,0x0000008500,5,,,,0,,0
331,0x1833e00000008600,3,ECI_CMD_MRSP_VICDHI,93579851383,0x0000008600,,,,15,,12,1,,,2,0x0000008600,5,,,,0,,0
332,0x0003e00000000000,0,ECI_CMD_MREQ_RLDD,93579851982,0x0000000000,,,,15,,,1,,0,0,0x0000000000,7,,,0,0,0,
333,0x4803c00000000000,9,ECI_CMD_MRSP_PSHA,93579852438,,0,0,0,15,0,,,0,0,4,,5,0,0,,0,,0
334,0x2804300000008100,5,ECI_CMD_MREQ_RLDX,93579852870,0x0000008100,,,,0,,,1,,1,0,0x0000008100,7,,,0,4,0,
335,0x2804300000008200,5,ECI_CMD_MREQ_RLDX,93579852872,0x0000008200,,,,0,,,1,,1,0,0x0000008200,7,,,0,4,0,
336,0x2804300000008300,5,ECI_CMD_MREQ_RLDX,93579852874,0x0000008300,,,,0,,,1,,1,0,0x0000008300,7,,,0,4,0,
337,0x2840300000008400,5,ECI_CMD_MREQ_RLDX,93579852876,0x0000008400,,,,0,,,1,,16,0,0x0000008400,7,,,0,4,0,
338,0x2840300000008600,5,ECI_CMD_MREQ_RLDX,93579852878,0x0000008600,,,,0,,,1,,16,0,0x0000008600,7,,,0,4,0,
339,0x2840300000008500,5,ECI_CMD_MREQ_RLDX,93579852880,0x0000008500,,,,0,,,1,,16,0,0x0000008500,7,,,0,4,0,
340,0x5007c00000008100,10,ECI_CMD_MRSP_PEMD,93579853037,,258,258,0,15,0,,,0,1,4,,5,0,0,,0,,0
341,0x5007c00000008200,10,ECI_CMD_MRSP_PEMD,93579853073,,260,260,0,15,0,,,0,1,4,,5,0,0,,0,,0
342,0x5007c00000008300,10,ECI_CMD_MRSP_PEMD,93579853108,,262,262,0,15,0,,,0,1,4,,5,0,0,,0,,0
343,0x5043c00000008400,10,ECI_CMD_MRSP_PEMD,93579853143,,264,264,0,15,0,,,0,16,4,,5,0,0,,0,,0
344,0x5043c00000008600,10,ECI_CMD_MRSP_PEMD,93579853179,,268,268,0,15,0,,,0,16,4,,5,0,0,,0,,0
345,0x5043c00000008500,10,ECI_CMD_MRSP_PEMD,93579853214,,266,266,0,15,0,,,0,16,4,,5,0,0,,0,,0
346,0x0003e00000008000,0,ECI_CMD_MREQ_RLDD,93579853317,0x0000008000,,,,15,,,1,,0,0,0x0000008000,7,,,0,0,0,
347,0x180be00000008100,3,ECI_CMD_MRSP_VICDHI,93579853866,0x0000008100,,,,15,,2,1,,,2,0x0000008100,5,,,,0,,0
348,0x1813e00000008200,3,ECI_CMD_MRSP_VICDHI,93579853869,0x0000008200,,,,15,,4,1,,,2,0x0000008200,5,,,,0,,0
349,0x181be00000008300,3,ECI_CMD_MRSP_VICDHI,93579853873,0x0000008300,,,,15,,6,1,,,2,0x0000008300,5,,,,0,,0
350,0x1823e00000008400,3,ECI_CMD_MRSP_VICDHI,93579853877,0x0000008400,,,,15,,8,1,,,2,0x0000008400,5,,,,0,,0
351,0x182be00000008500,3,ECI_CMD_MRSP_VICDHI,93579853882,0x0000008500,,,,15,,10,1,,,2,0x0000008500,5,,,,0,,0
352,0x1833e00000008600,3,ECI_CMD_MRSP_VICDHI,93579853884,0x0000008600,,,,15,,12,1,,,2,0x0000008600,5,,,,0,,0
353,0x4803c00000008000,9,ECI_CMD_MRSP_PSHA,93579854354,,256,256,0,15,0,,,0,0,4,,5,0,0,,0,,0
354,0x2000200000000000,4,ECI_CMD_MRSP_HAKD,93579854764,0x0000000000,,,,0,,0,1,,,1,0x0000000000,11,,,,0,,0
355,0x3803e00000008000,7,ECI_CMD_MREQ_RC2D_S,93579855349,0x0000008000,,,,15,,,1,,0,0,0x0000008000,7,,,0,0,0,
356,0x2800300000008100,5,ECI_CMD_MREQ_RLDX,93579855369,0x0000008100,,,,0,,,1,,0,0,0x0000008100,7,,,0,4,0,
357,0x2800300000008200,5,ECI_CMD_MREQ_RLDX,93579855371,0x0000008200,,,,0,,,1,,0,0,0x0000008200,7,,,0,4,0,
358,0x2800300000008300,5,ECI_CMD_MREQ_RLDX,93579855373,0x0000008300,,,,0,,,1,,0,0,0x0000008300,7,,,0,4,0,
359,0x2840300000008400,5,ECI_CMD_MREQ_RLDX,93579855375,0x0000008400,,,,0,,,1,,16,0,0x0000008400,7,,,0,4,0,
360,0x2840300000008600,5,ECI_CMD_MREQ_RLDX,93579855377,0x0000008600,,,,0,,,1,,16,0,0x0000008600,7,,,0,4,0,
361,0x2844300000008500,5,ECI_CMD_MREQ_RLDX,93579855379,0x0000008500,,,,0,,,1,,17,0,0x0000008500,7,,,0,4,0,
362,0x5000000000008000,10,ECI_CMD_MRSP_PEMD,93579855427,,256,256,0,0,0,,,0,0,3,,11,0,0,,0,,0
363,0x5003c00000008100,10,ECI_CMD_MRSP_PEMD,93579855554,,258,258,0,15,0,,,0,0,4,,5,0,0,,0,,0
364,0x5003c00000008200,10,ECI_CMD_MRSP_PEMD,93579855589,,260,260,0,15,0,,,0,0,4,,5,0,0,,0,,0
365,0x5003c00000008300,10,ECI_CMD_MRSP_PEMD,93579855625,,262,262,0,15,0,,,0,0,4,,5,0,0,,0,,0
366,0x5043c00000008400,10,ECI_CMD_MRSP_PEMD,93579855660,,264,264,0,15,0,,,0,16,4,,5,0,0,,0,,0
367,0x5043c00000008600,10,ECI_CMD_MRSP_PEMD,93579855696,,268,268,0,15,0,,,0,16,4,,5,0,0,,0,,0
368,0x5047c00000008500,10,ECI_CMD_MRSP_PEMD,93579855731,,266,266,0,15,0,,,0,17,4,,5,0,0,,0,,0
369,0x1803e00000008000,3,ECI_CMD_MRSP_VICDHI,93579856038,0x0000008000,,,,15,,0,1,,,2,0x0000008000,5,,,,0,,0
370,0x180be00000008100,3,ECI_CMD_MRSP_VICDHI,93579856352,0x0000008100,,,,15,,2,1,,,2,0x0000008100,5,,,,0,,0
371,0x1813e00000008200,3,ECI_CMD_MRSP_VICDHI,93579856356,0x0000008200,,,,15,,4,1,,,2,0x0000008200,5,,,,0,,0
372,0x181be00000008300,3,ECI_CMD_MRSP_VICDHI,93579856358,0x0000008300,,,,15,,6,1,,,2,0x0000008300,5,,,,0,,0
373,0x1823e00000008400,3,ECI_CMD_MRSP_VICDHI,93579856364,0x0000008400,,,,15,,8,1,,,2,0x0000008400,5,,,,0,,0
374,0x182be00000008500,3,ECI_CMD_MRSP_VICDHI,93579856367,0x0000008500,,,,15,,10,1,,,2,0x0000008500,5,,,,0,,0
375,0x1833e00000008600,3,ECI_CMD_MRSP_VICDHI,93579856370,0x0000008600,,,,15,,12,1,,,2,0x0000008600,5,,,,0,,0
376,0x0003e00000000000,0,ECI_CMD_MREQ_RLDD,93579856970,0x0000000000,,,,15,,,1,,0,0,0x0000000000,7,,,0,0,0,
377,0x4803c00000000000,9,ECI_CMD_MRSP_PSHA,93579857415,,0,0,0,15,0,,,0,0,4,,5,0,0,,0,,0
378,0x2800300000008100,5,ECI_CMD_MREQ_RLDX,93579857824,0x0000008100,,,,0,,,1,,0,0,0x0000008100,7,,,0,4,0,
379,0x2800300000008200,5,ECI_CMD_MREQ_RLDX,93579857826,0x0000008200,,,,0,,,1,,0,0,0x0000008200,7,,,0,4,0,
380,0x2800300000008300,5,ECI_CMD_MREQ_RLDX,93579857828,0x0000008300,,,,0,,,1,,0,0,0x0000008300,7,,,0,4,0,
381,0x2844300000008400,5,ECI_CMD_MREQ_RLDX,93579857830,0x0000008400,,,,0,,,1,,17,0,0x0000008400,7,,,0,4,0,
382,0x2844300000008500,5,ECI_CMD_MREQ_RLDX,93579857832,0x0000008500,,,,0,,,1,,17,0,0x0000008500,7,,,0,4,0,
383,0x2840300000008600,5,ECI_CMD_MREQ_RLDX,93579857834,0x0000008600,,,,0,,,1,,16,0,0x0000008600,7,,,0,4,0,
384,0x5003c00000008100,10,ECI_CMD_MRSP_PEMD,93579857990,,258,258,0,15,0,,,0,0,4,,5,0,0,,0,,0
385,0x5003c00000008200,10,ECI_CMD_MRSP_PEMD,93579858026,,260,260,0,15,0,,,0,0,4,,5,0,0,,0,,0
386,0x5003c00000008300,10,ECI_CMD_MRSP_PEMD,93579858061,,262,262,0,15,0,,,0,0,4,,5,0,0,,0,,0
387,0x5047c00000008400,10,ECI_CMD_MRSP_PEMD,93579858097,,264,264,0,15,0,,,0,17,4,,5,0,0,,0,,0
388,0x5047c00000008500,10,ECI_CMD_MRSP_PEMD,93579858132,,266,266,0,15,0,,,0,17,4,,5,0,0,,0,,0
389,0x5043c00000008600,10,ECI_CMD_MRSP_PEMD,93579858168,,268,268,0,15,0,,,0,16,4,,5,0,0,,0,,0
390,0x0003e00000008000,0,ECI_CMD_MREQ_RLDD,93579858266,0x0000008000,,,,15,,,1,,0,0,0x0000008000,7,,,0,0,0,
391,0x180be00000008100,3,ECI_CMD_MRSP_VICDHI,93579858820,0x0000008100,,,,15,,2,1,,,2,0x0000008100,5,,,,0,,0
392,0x1813e00000008200,3,ECI_CMD_MRSP_VICDHI,93579858823,0x0000008200,,,,15,,4,1,,,2,0x0000008200,5,,,,0,,0
393,0x181be00000008300,3,ECI_CMD_MRSP_VICDHI,93579858827,0x0000008300,,,,15,,6,1,,,2,0x0000008300,5,,,,0,,0
394,0x1823e00000008400,3,ECI_CMD_MRSP_VICDHI,93579858830,0x0000008400,,,,15,,8,1,,,2,0x0000008400,5,,,,0,,0
395,0x182be00000008500,3,ECI_CMD_MRSP_VICDHI,93579858834,0x0000008500,,,,15,,10,1,,,2,0x0000008500,5,,,,0,,0
396,0x1833e00000008600,3,ECI_CMD_MRSP_VICDHI,93579858838,0x0000008600,,,,15,,12,1,,,2,0x0000008600,5,,,,0,,0
397,0x4803c00000008000,9,ECI_CMD_MRSP_PSHA,93579859308,,256,256,0,15,0,,,0,0,4,,5,0,0,,0,,0
398,0x3803e00000008000,7,ECI_CMD_MREQ_RC2D_S,93579859922,0x0000008000,,,,15,,,1,,0,0,0x0000008000,7,,,0,0,0,
399,0x2800300000008100,5,ECI_CMD_MREQ_RLDX,93579859942,0x0000008100,,,,0,,,1,,0,0,0x0000008100,7,,,0,4,0,
400,0x2800300000008200,5,ECI_CMD_MREQ_RLDX,93579859946,0x0000008200,,,,0,,,1,,0,0,0x0000008200,7,,,0,4,0,
401,0x2800300000008300,5,ECI_CMD_MREQ_RLDX,93579859948,0x0000008300,,,,0,,,1,,0,0,0x0000008300,7,,,0,4,0,
402,0x2840300000008400,5,ECI_CMD_MREQ_RLDX,93579859950,0x0000008400,,,,0,,,1,,16,0,0x0000008400,7,,,0,4,0,
403,0x2844300000008600,5,ECI_CMD_MREQ_RLDX,93579859952,0x0000008600,,,,0,,,1,,17,0,0x0000008600,7,,,0,4,0,
404,0x2840300000008500,5,ECI_CMD_MREQ_RLDX,93579859954,0x0000008500,,,,0,,,1,,16,0,0x0000008500,7,,,0,4,0,
405,0x5000000000008000,10,ECI_CMD_MRSP_PEMD,93579860000,,256,256,0,0,0,,,0,0,3,,11,0,0,,0,,0
406,0x5003c00000008100,10,ECI_CMD_MRSP_PEMD,93579860127,,258,258,0,15,0,,,0,0,4,,5,0,0,,0,,0
407,0x5003c00000008200,10,ECI_CMD_MRSP_PEMD,93579860162,,260,260,0,15,0,,,0,0,4,,5,0,0,,0,,0
408,0x5003c00000008300,10,ECI_CMD_MRSP_PEMD,93579860198,,262,262,0,15,0,,,0,0,4,,5,0,0,,0,,0
409,0x5043c00000008400,10,ECI_CMD_MRSP_PEMD,93579860233,,264,264,0,15,0,,,0,16,4,,5,0,0,,0,,0
410,0x5047c00000008600,10,ECI_CMD_MRSP_PEMD,93579860269,,268,268,0,15,0,,,0,17,4,,5,0,0,,0,,0
411,0x5043c00000008500,10,ECI_CMD_MRSP_PEMD,93579860304,,266,266,0,15,0,,,0,16,4,,5,0,0,,0,,0
412,0x1803e00000008000,3,ECI_CMD_MRSP_VICDHI,93579860602,0x0000008000,,,,15,,0,1,,,2,0x0000008000,5,,,,0,,0
413,0x180be00000008100,3,ECI_CMD_MRSP_VICDHI,93579860914,0x0000008100,,,,15,,2,1,,,2,0x0000008100,5,,,,0,,0
414,0x1813e00000008200,3,ECI_CMD_MRSP_VICDHI,93579860918,0x0000008200,,,,15,,4,1,,,2,0x0000008200,5,,,,0,,0
415,0x181be00000008300,3,ECI_CMD_MRSP_VICDHI,93579860922,0x0000008300,,,,15,,6,1,,,2,0x0000008300,5,,,,0,,0
416,0x1823e00000008400,3,ECI_CMD_MRSP_VICDHI,93579860925,0x0000008400,,,,15,,8,1,,,2,0x0000008400,5,,,,0,,0
417,0x182be00000008500,3,ECI_CMD_MRSP_VICDHI,93579860928,0x0000008500,,,,15,,10,1,,,2,0x0000008500,5,,,,0,,0
418,0x1833e00000008600,3,ECI_CMD_MRSP_VICDHI,93579860933,0x0000008600,,,,15,,12,1,,,2,0x0000008600,5,,,,0,,0
