Sample in Buffer,Sample in Window,TRIGGER,i_app/dcs_odd/i_trace_sys/traceOut_event_data[63:0],i_app/dcs_odd/i_trace_sys/traceOut_event_size[4:0],i_app/dcs_odd/i_trace_sys/traceOut_event_vc[4:0],i_app/dcs_odd/i_trace_sys/traceOut_src[2:0],i_app/dcs_odd/i_trace_sys/traceOut_ts[63:0],i_app/dcs_odd/i_trace_sys/dump_1,i_app/dcs_odd/i_trace_sys/sampleLost
Radix - UNSIGNED,UNSIGNED,UNSIGNED,HEX,HEX,HEX,HEX,HEX,HEX,HEX
0,0,0,0000000000000000,00,00,0,0000000000000000,0,0
1,1,0,0000000000000000,00,00,0,0000000000000000,0,0
2,2,0,0000000000000000,00,00,0,0000000000000000,0,0
3,3,0,0000000000000000,00,00,0,0000000000000000,0,0
4,4,0,0000000000000000,00,00,0,0000000000000000,0,0
5,5,0,0000000000000000,00,00,0,0000000000000000,0,0
6,6,0,0000000000000000,00,00,0,0000000000000000,0,0
7,7,0,0000000000000000,00,00,0,0000000000000000,0,0
8,8,0,0000000000000000,00,00,0,0000000000000000,0,0
9,9,0,0000000000000000,00,00,0,0000000000000000,0,0
10,10,0,0000000000000000,00,00,0,0000000000000000,0,0
11,11,0,0000000000000000,00,00,0,0000000000000000,0,0
12,12,0,0000000000000000,00,00,0,0000000000000000,0,0
13,13,0,0000000000000000,00,00,0,0000000000000000,0,0
14,14,0,0000000000000000,00,00,0,0000000000000000,0,0
15,15,0,0000000000000000,00,00,0,0000000000000000,0,0
16,16,1,0000000000000000,00,00,0,0000000000000000,1,0
17,17,0,5003c00000008100,11,05,4,0000001036220c83,1,0
18,18,0,5003c00000008200,11,05,4,0000001036220ca6,1,0
19,19,0,5003c00000008300,11,05,4,0000001036220cca,1,0
20,20,0,0007e00000008100,11,05,2,0000001036220cda,1,0
21,21,0,5047c00000008400,11,05,4,0000001036220ced,1,0
22,22,0,0007e00000008200,11,05,2,0000001036220cf6,1,0
23,23,0,5043c00000008500,11,05,4,0000001036220d10,1,0
24,24,0,0007e00000008300,11,05,2,0000001036220d1a,1,0
25,25,0,5047c00000008600,11,05,4,0000001036220d34,1,0
26,26,0,0007e00000008400,11,05,2,0000001036220d3c,1,0
27,27,0,0007e00000008500,11,05,2,0000001036220d5e,1,0
28,28,0,0007e00000008600,11,05,2,0000001036220d84,1,0
29,29,0,0003e00000008000,01,07,0,0000001036220d9e,1,0
30,30,0,4803c00000008000,11,05,4,0000001036220fee,1,0
31,31,0,7003e40000000000,01,09,5,0000001036221105,1,0
32,32,0,2000200000000000,01,0b,1,0000001036221148,1,0
33,33,0,3803e00000008000,01,07,0,000000103622139c,1,0
34,34,0,2800300000008100,01,07,0,00000010362213b3,1,0
35,35,0,2800300000008200,01,07,0,00000010362213b6,1,0
36,36,0,2800300000008300,01,07,0,00000010362213b9,1,0
37,37,0,2844300000008400,01,07,0,00000010362213bc,1,0
38,38,0,2840300000008500,01,07,0,00000010362213bf,1,0
39,39,0,2844300000008600,01,07,0,00000010362213c2,1,0
40,40,0,5000000000008000,01,0b,3,00000010362213ed,1,0
41,41,0,5003c00000008100,11,05,4,000000103622146e,1,0
42,42,0,5003c00000008200,11,05,4,0000001036221491,1,0
43,43,0,5003c00000008300,11,05,4,00000010362214b5,1,0
44,44,0,0007e00000008100,11,05,2,00000010362214be,1,0
45,45,0,5047c00000008400,11,05,4,00000010362214d8,1,0
46,46,0,0007e00000008200,11,05,2,00000010362214de,1,0
47,47,0,5043c00000008500,11,05,4,00000010362214fc,1,0
48,48,0,0007e00000008300,11,05,2,0000001036221504,1,0
49,49,0,5047c00000008600,11,05,4,000000103622151f,1,0
50,50,0,0007e00000008400,11,05,2,0000001036221528,1,0
51,51,0,0007e00000008500,11,05,2,000000103622154c,1,0
52,52,0,0007e00000008600,11,05,2,000000103622156e,1,0
53,53,0,5803e40000008000,01,09,5,000000103622160f,1,0
54,54,0,1803e00000008000,11,05,2,000000103622165e,1,0
55,55,0,0003e00000000000,01,07,0,0000001036221846,1,0
56,56,0,4803c00000000000,11,05,4,0000001036221a1d,1,0
57,57,0,2800300000008100,01,07,0,0000001036221bd0,1,0
58,58,0,2800300000008200,01,07,0,0000001036221bd3,1,0
59,59,0,2804300000008300,01,07,0,0000001036221bd6,1,0
60,60,0,2840300000008400,01,07,0,0000001036221bda,1,0
61,61,0,2840300000008500,01,07,0,0000001036221bdd,1,0
62,62,0,2840300000008600,01,07,0,0000001036221be0,1,0
63,63,0,5003c00000008100,11,05,4,0000001036221c79,1,0
64,64,0,5003c00000008200,11,05,4,0000001036221c9c,1,0
65,65,0,5007c00000008300,11,05,4,0000001036221cc0,1,0
66,66,0,0007e00000008100,11,05,2,0000001036221cc8,1,0
67,67,0,5043c00000008400,11,05,4,0000001036221ce3,1,0
68,68,0,0007e00000008200,11,05,2,0000001036221cea,1,0
69,69,0,5043c00000008500,11,05,4,0000001036221d07,1,0
70,70,0,0007e00000008300,11,05,2,0000001036221d0e,1,0
71,71,0,5043c00000008600,11,05,4,0000001036221d2a,1,0
72,72,0,0007e00000008400,11,05,2,0000001036221d32,1,0
73,73,0,0007e00000008500,11,05,2,0000001036221d56,1,0
74,74,0,0007e00000008600,11,05,2,0000001036221d7a,1,0
75,75,0,0007e00000008000,01,07,0,0000001036221d94,1,0
76,76,0,4807c00000008000,11,05,4,0000001036221fe1,1,0
77,77,0,7003e40000000000,01,09,5,0000001036222145,1,0
78,78,0,2000200000000000,01,0b,1,0000001036222186,1,0
79,79,0,3803e00000008000,01,07,0,00000010362223b8,1,0
80,80,0,2804300000008100,01,07,0,00000010362223ce,1,0
81,81,0,2808300000008200,01,07,0,00000010362223d1,1,0
82,82,0,2800300000008300,01,07,0,00000010362223d4,1,0
83,83,0,2840300000008400,01,07,0,00000010362223d7,1,0
84,84,0,2840300000008500,01,07,0,00000010362223da,1,0
85,85,0,2844300000008600,01,07,0,00000010362223dd,1,0
86,86,0,5000000000008000,01,0b,3,000000103622240a,1,0
87,87,0,5007c00000008100,11,05,4,0000001036222489,1,0
88,88,0,500bc00000008200,11,05,4,00000010362224ad,1,0
89,89,0,5003c00000008300,11,05,4,00000010362224d0,1,0
90,90,0,0007e00000008100,11,05,2,00000010362224d8,1,0
91,91,0,5043c00000008400,11,05,4,00000010362224f3,1,0
92,92,0,0007e00000008200,11,05,2,00000010362224fc,1,0
93,93,0,5043c00000008500,11,05,4,0000001036222517,1,0
94,94,0,0007e00000008300,11,05,2,000000103622251e,1,0
95,95,0,5047c00000008600,11,05,4,000000103622253a,1,0
96,96,0,0007e00000008400,11,05,2,0000001036222542,1,0
97,97,0,0007e00000008500,11,05,2,0000001036222566,1,0
98,98,0,0007e00000008600,11,05,2,000000103622258a,1,0
99,99,0,5803e40000008000,01,09,5,0000001036222626,1,0
100,100,0,1803e00000008000,11,05,2,0000001036222674,1,0
101,101,0,000be00000000000,01,07,0,000000103622295a,1,0
102,102,0,480bc00000000000,11,05,4,0000001036222ae1,1,0
103,103,0,2800300000008100,01,07,0,0000001036222c96,1,0
104,104,0,2800300000008200,01,07,0,0000001036222c9a,1,0
105,105,0,2800300000008300,01,07,0,0000001036222c9d,1,0
106,106,0,2844300000008400,01,07,0,0000001036222ca0,1,0
107,107,0,2844300000008500,01,07,0,0000001036222ca3,1,0
108,108,0,2844300000008600,01,07,0,0000001036222ca6,1,0
109,109,0,5003c00000008100,11,05,4,0000001036222d3f,1,0
110,110,0,5003c00000008200,11,05,4,0000001036222d63,1,0
111,111,0,5003c00000008300,11,05,4,0000001036222d86,1,0
112,112,0,0007e00000008100,11,05,2,0000001036222d8e,1,0
113,113,0,5047c00000008400,11,05,4,0000001036222daa,1,0
114,114,0,0007e00000008200,11,05,2,0000001036222db3,1,0
115,115,0,5047c00000008500,11,05,4,0000001036222dcd,1,0
116,116,0,0007e00000008300,11,05,2,0000001036222dd4,1,0
117,117,0,5047c00000008600,11,05,4,0000001036222df0,1,0
118,118,0,0007e00000008400,11,05,2,0000001036222dfa,1,0
119,119,0,0007e00000008500,11,05,2,0000001036222e1c,1,0
120,120,0,0007e00000008600,11,05,2,0000001036222e40,1,0
121,121,0,0003e00000008000,01,07,0,0000001036222e64,1,0
122,122,0,4803c00000008000,11,05,4,00000010362230b4,1,0
123,123,0,7003e40000000000,01,09,5,0000001036223218,1,0
124,124,0,2000200000000000,01,0b,1,0000001036223259,1,0
125,125,0,3803e00000008000,01,07,0,000000103622348a,1,0
126,126,0,2804300000008100,01,07,0,00000010362234a6,1,0
127,127,0,2804300000008200,01,07,0,00000010362234a8,1,0
128,128,0,2800300000008300,01,07,0,00000010362234aa,1,0
129,129,0,2844300000008400,01,07,0,00000010362234ac,1,0
130,130,0,2840300000008500,01,07,0,00000010362234ae,1,0
131,131,0,2840300000008600,01,07,0,00000010362234b1,1,0
132,132,0,5000000000008000,01,0b,3,00000010362234dc,1,0
133,133,0,5007c00000008100,11,05,4,0000001036223561,1,0
134,134,0,5007c00000008200,11,05,4,0000001036223584,1,0
135,135,0,5003c00000008300,11,05,4,00000010362235a8,1,0
136,136,0,0007e00000008100,11,05,2,00000010362235ae,1,0
137,137,0,5047c00000008400,11,05,4,00000010362235cb,1,0
138,138,0,0007e00000008200,11,05,2,00000010362235d4,1,0
139,139,0,5043c00000008500,11,05,4,00000010362235ef,1,0
140,140,0,0007e00000008300,11,05,2,00000010362235f8,1,0
141,141,0,5043c00000008600,11,05,4,0000001036223612,1,0
142,142,0,0007e00000008400,11,05,2,000000103622361a,1,0
143,143,0,0007e00000008500,11,05,2,000000103622363e,1,0
144,144,0,0007e00000008600,11,05,2,0000001036223660,1,0
145,145,0,5803e40000008000,01,09,5,00000010362236f9,1,0
146,146,0,1803e00000008000,11,05,2,0000001036223747,1,0
147,147,0,2800300000008100,01,07,0,0000001036223b59,1,0
148,148,0,2800300000008200,01,07,0,0000001036223b5c,1,0
149,149,0,2804300000008300,01,07,0,0000001036223b5f,1,0
150,150,0,2840300000008400,01,07,0,0000001036223b62,1,0
151,151,0,2844300000008500,01,07,0,0000001036223b65,1,0
152,152,0,2844300000008600,01,07,0,0000001036223b68,1,0
153,153,0,5003c00000008100,11,05,4,0000001036223c03,1,0
154,154,0,5003c00000008200,11,05,4,0000001036223c27,1,0
155,155,0,5007c00000008300,11,05,4,0000001036223c4a,1,0
156,156,0,0007e00000008100,11,05,2,0000001036223c50,1,0
157,157,0,5043c00000008400,11,05,4,0000001036223c6e,1,0
158,158,0,0007e00000008200,11,05,2,0000001036223c76,1,0
159,159,0,5047c00000008500,11,05,4,0000001036223c91,1,0
160,160,0,0007e00000008300,11,05,2,0000001036223c9a,1,0
161,161,0,5047c00000008600,11,05,4,0000001036223cb5,1,0
162,162,0,0007e00000008400,11,05,2,0000001036223cbe,1,0
163,163,0,0007e00000008500,11,05,2,0000001036223ce0,1,0
164,164,0,0007e00000008600,11,05,2,0000001036223d02,1,0
165,165,0,0007e00000008000,01,07,0,0000001036223d19,1,0
166,166,0,4807c00000008000,11,05,4,0000001036223f69,1,0
167,167,0,3807e00000008000,01,07,0,00000010362241fe,1,0
168,168,0,2800300000008100,01,07,0,0000001036224214,1,0
169,169,0,2804300000008200,01,07,0,0000001036224217,1,0
170,170,0,2804300000008300,01,07,0,000000103622421a,1,0
171,171,0,2840300000008400,01,07,0,000000103622421d,1,0
172,172,0,2844300000008500,01,07,0,0000001036224220,1,0
173,173,0,2840300000008600,01,07,0,0000001036224223,1,0
174,174,0,5004000000008000,01,0b,3,000000103622424f,1,0
175,175,0,5003c00000008100,11,05,4,00000010362242be,1,0
176,176,0,5007c00000008200,11,05,4,00000010362242e1,1,0
177,177,0,5007c00000008300,11,05,4,0000001036224305,1,0
178,178,0,0007e00000008100,11,05,2,000000103622430e,1,0
179,179,0,5043c00000008400,11,05,4,0000001036224328,1,0
180,180,0,0007e00000008200,11,05,2,0000001036224331,1,0
181,181,0,5047c00000008500,11,05,4,000000103622434c,1,0
182,182,0,0007e00000008300,11,05,2,0000001036224354,1,0
183,183,0,5043c00000008600,11,05,4,000000103622436f,1,0
184,184,0,0007e00000008400,11,05,2,0000001036224376,1,0
185,185,0,0007e00000008500,11,05,2,000000103622439c,1,0
186,186,0,0007e00000008600,11,05,2,00000010362243be,1,0
187,187,0,5803e40000008000,01,09,5,0000001036224474,1,0
188,188,0,1803e00000008000,11,05,2,00000010362244c2,1,0
189,189,0,0003e00000000000,01,07,0,00000010362246ab,1,0
190,190,0,4803c00000000000,11,05,4,0000001036224834,1,0
191,191,0,2804300000008100,01,07,0,00000010362249ea,1,0
192,192,0,2800300000008200,01,07,0,00000010362249ed,1,0
193,193,0,2800300000008300,01,07,0,00000010362249f0,1,0
194,194,0,2844300000008400,01,07,0,00000010362249f3,1,0
195,195,0,2840300000008500,01,07,0,00000010362249f6,1,0
196,196,0,2840300000008600,01,07,0,00000010362249f9,1,0
197,197,0,5007c00000008100,11,05,4,0000001036224a94,1,0
198,198,0,5003c00000008200,11,05,4,0000001036224ab7,1,0
199,199,0,5003c00000008300,11,05,4,0000001036224adb,1,0
200,200,0,0007e00000008100,11,05,2,0000001036224ae4,1,0
201,201,0,5047c00000008400,11,05,4,0000001036224afe,1,0
202,202,0,0007e00000008200,11,05,2,0000001036224b07,1,0
203,203,0,5043c00000008500,11,05,4,0000001036224b22,1,0
204,204,0,0007e00000008300,11,05,2,0000001036224b28,1,0
205,205,0,5043c00000008600,11,05,4,0000001036224b45,1,0
206,206,0,0007e00000008400,11,05,2,0000001036224b4c,1,0
207,207,0,0007e00000008500,11,05,2,0000001036224b72,1,0
208,208,0,0007e00000008600,11,05,2,0000001036224b94,1,0
209,209,0,0007e00000008000,01,07,0,0000001036224bb0,1,0
210,210,0,4807c00000008000,11,05,4,0000001036224e01,1,0
211,211,0,7003e40000000000,01,09,5,0000001036224f67,1,0
212,212,0,2000200000000000,01,0b,1,0000001036224fa6,1,0
213,213,0,3807e00000008000,01,07,0,00000010362251fc,1,0
214,214,0,2804300000008100,01,07,0,0000001036225211,1,0
215,215,0,2800300000008200,01,07,0,0000001036225214,1,0
216,216,0,2800300000008300,01,07,0,0000001036225217,1,0
217,217,0,2840300000008400,01,07,0,000000103622521a,1,0
218,218,0,2840300000008500,01,07,0,000000103622521d,1,0
219,219,0,2840300000008600,01,07,0,0000001036225220,1,0
220,220,0,5004000000008000,01,0b,3,000000103622524d,1,0
221,221,0,5007c00000008100,11,05,4,00000010362252cc,1,0
222,222,0,5003c00000008200,11,05,4,00000010362252f0,1,0
223,223,0,5003c00000008300,11,05,4,0000001036225313,1,0
224,224,0,0007e00000008100,11,05,2,000000103622531c,1,0
225,225,0,5043c00000008400,11,05,4,0000001036225337,1,0
226,226,0,0007e00000008200,11,05,2,0000001036225340,1,0
227,227,0,5043c00000008500,11,05,4,000000103622535a,1,0
228,228,0,0007e00000008300,11,05,2,0000001036225362,1,0
229,229,0,5043c00000008600,11,05,4,000000103622537e,1,0
230,230,0,0007e00000008400,11,05,2,0000001036225384,1,0
231,231,0,0007e00000008500,11,05,2,00000010362253aa,1,0
232,232,0,0007e00000008600,11,05,2,00000010362253ce,1,0
233,233,0,5803e40000008000,01,09,5,0000001036225470,1,0
234,234,0,1803e00000008000,11,05,2,00000010362254bc,1,0
235,235,0,0003e00000000000,01,07,0,00000010362256a2,1,0
236,236,0,4803c00000000000,11,05,4,0000001036225872,1,0
237,237,0,2800300000008100,01,07,0,0000001036225a0d,1,0
238,238,0,2800300000008200,01,07,0,0000001036225a10,1,0
239,239,0,2804300000008300,01,07,0,0000001036225a13,1,0
240,240,0,2844300000008400,01,07,0,0000001036225a16,1,0
241,241,0,2840300000008500,01,07,0,0000001036225a19,1,0
242,242,0,2844300000008600,01,07,0,0000001036225a1c,1,0
243,243,0,5003c00000008100,11,05,4,0000001036225ab7,1,0
244,244,0,5003c00000008200,11,05,4,0000001036225adb,1,0
245,245,0,5007c00000008300,11,05,4,0000001036225afe,1,0
246,246,0,0007e00000008100,11,05,2,0000001036225b04,1,0
247,247,0,5047c00000008400,11,05,4,0000001036225b22,1,0
248,248,0,0007e00000008200,11,05,2,0000001036225b2a,1,0
249,249,0,5043c00000008500,11,05,4,0000001036225b45,1,0
250,250,0,0007e00000008300,11,05,2,0000001036225b4e,1,0
251,251,0,5047c00000008600,11,05,4,0000001036225b69,1,0
252,252,0,0007e00000008400,11,05,2,0000001036225b72,1,0
253,253,0,0007e00000008500,11,05,2,0000001036225b94,1,0
254,254,0,0007e00000008600,11,05,2,0000001036225bb6,1,0
255,255,0,0007e00000008000,01,07,0,0000001036225bcd,1,0
256,256,0,4807c00000008000,11,05,4,0000001036225e1e,1,0
257,257,0,3803e00000008000,01,07,0,000000103622612c,1,0
258,258,0,2804300000008100,01,07,0,0000001036226140,1,0
259,259,0,2800300000008200,01,07,0,0000001036226143,1,0
260,260,0,2804300000008300,01,07,0,0000001036226146,1,0
261,261,0,2840300000008400,01,07,0,0000001036226149,1,0
262,262,0,2844300000008500,01,07,0,000000103622614c,1,0
263,263,0,2840300000008600,01,07,0,000000103622614f,1,0
264,264,0,5000000000008000,01,0b,3,000000103622617d,1,0
265,265,0,5007c00000008100,11,05,4,00000010362261fb,1,0
266,266,0,5003c00000008200,11,05,4,000000103622621e,1,0
267,267,0,5007c00000008300,11,05,4,0000001036226242,1,0
268,268,0,0007e00000008100,11,05,2,000000103622624a,1,0
269,269,0,5043c00000008400,11,05,4,0000001036226265,1,0
270,270,0,0007e00000008200,11,05,2,000000103622626e,1,0
271,271,0,5047c00000008500,11,05,4,0000001036226289,1,0
272,272,0,0007e00000008300,11,05,2,0000001036226292,1,0
273,273,0,5043c00000008600,11,05,4,00000010362262ac,1,0
274,274,0,0007e00000008400,11,05,2,00000010362262b2,1,0
275,275,0,0007e00000008500,11,05,2,00000010362262d8,1,0
276,276,0,0007e00000008600,11,05,2,00000010362262fc,1,0
277,277,0,5803e40000008000,01,09,5,0000001036226398,1,0
278,278,0,1803e00000008000,11,05,2,00000010362263e4,1,0
279,279,0,2800300000008100,01,07,0,00000010362267f5,1,0
280,280,0,2800300000008200,01,07,0,00000010362267f8,1,0
281,281,0,2800300000008300,01,07,0,00000010362267fb,1,0
282,282,0,2844300000008400,01,07,0,00000010362267fe,1,0
283,283,0,2844300000008500,01,07,0,0000001036226801,1,0
284,284,0,2844300000008600,01,07,0,0000001036226804,1,0
285,285,0,5003c00000008100,11,05,4,000000103622689f,1,0
286,286,0,5003c00000008200,11,05,4,00000010362268c2,1,0
287,287,0,5003c00000008300,11,05,4,00000010362268e6,1,0
288,288,0,0007e00000008100,11,05,2,00000010362268ee,1,0
289,289,0,5047c00000008400,11,05,4,0000001036226909,1,0
290,290,0,0007e00000008200,11,05,2,0000001036226912,1,0
291,291,0,5047c00000008500,11,05,4,000000103622692d,1,0
292,292,0,0007e00000008300,11,05,2,0000001036226936,1,0
293,293,0,5047c00000008600,11,05,4,0000001036226950,1,0
294,294,0,0007e00000008400,11,05,2,0000001036226956,1,0
295,295,0,0007e00000008500,11,05,2,000000103622697a,1,0
296,296,0,0007e00000008600,11,05,2,00000010362269a0,1,0
297,297,0,5803e40000008000,01,09,5,000000103621bbca,1,0
298,298,0,1803e00000008000,11,05,2,000000103621bc16,1,0
299,299,0,2800300000008100,01,07,0,000000103621c021,1,0
300,300,0,2800300000008200,01,07,0,000000103621c024,1,0
301,301,0,2800300000008300,01,07,0,000000103621c027,1,0
302,302,0,2840300000008400,01,07,0,000000103621c02a,1,0
303,303,0,2840300000008500,01,07,0,000000103621c02d,1,0
304,304,0,2840300000008600,01,07,0,000000103621c030,1,0
305,305,0,5003c00000008100,11,05,4,000000103621c0ca,1,0
306,306,0,5003c00000008200,11,05,4,000000103621c0ee,1,0
307,307,0,5003c00000008300,11,05,4,000000103621c111,1,0
308,308,0,0007e00000008100,11,05,2,000000103621c11a,1,0
309,309,0,5043c00000008400,11,05,4,000000103621c135,1,0
310,310,0,0007e00000008200,11,05,2,000000103621c13e,1,0
311,311,0,5043c00000008500,11,05,4,000000103621c158,1,0
312,312,0,0007e00000008300,11,05,2,000000103621c160,1,0
313,313,0,5043c00000008600,11,05,4,000000103621c17c,1,0
314,314,0,0007e00000008400,11,05,2,000000103621c184,1,0
315,315,0,0007e00000008500,11,05,2,000000103621c1a6,1,0
316,316,0,0007e00000008600,11,05,2,000000103621c1cc,1,0
317,317,0,0007e00000008000,01,07,0,000000103621c1e0,1,0
318,318,0,4807c00000008000,11,05,4,000000103621c431,1,0
319,319,0,3807e00000008000,01,07,0,000000103621c6c2,1,0
320,320,0,2804300000008100,01,07,0,000000103621c6d6,1,0
321,321,0,2804300000008200,01,07,0,000000103621c6d9,1,0
322,322,0,2800300000008300,01,07,0,000000103621c6dc,1,0
323,323,0,2840300000008400,01,07,0,000000103621c6df,1,0
324,324,0,2840300000008500,01,07,0,000000103621c6e2,1,0
325,325,0,2840300000008600,01,07,0,000000103621c6e5,1,0
326,326,0,5004000000008000,01,0b,3,000000103621c713,1,0
327,327,0,5007c00000008100,11,05,4,000000103621c792,1,0
328,328,0,5007c00000008200,11,05,4,000000103621c7b5,1,0
329,329,0,5003c00000008300,11,05,4,000000103621c7d9,1,0
330,330,0,0007e00000008100,11,05,2,000000103621c7e2,1,0
331,331,0,5043c00000008400,11,05,4,000000103621c7fc,1,0
332,332,0,0007e00000008200,11,05,2,000000103621c804,1,0
333,333,0,5043c00000008500,11,05,4,000000103621c820,1,0
334,334,0,0007e00000008300,11,05,2,000000103621c828,1,0
335,335,0,5043c00000008600,11,05,4,000000103621c843,1,0
336,336,0,0007e00000008400,11,05,2,000000103621c84a,1,0
337,337,0,0007e00000008500,11,05,2,000000103621c870,1,0
338,338,0,0007e00000008600,11,05,2,000000103621c892,1,0
339,339,0,5803e40000008000,01,09,5,000000103621c92f,1,0
340,340,0,1803e00000008000,11,05,2,000000103621c97c,1,0
341,341,0,2804300000008100,01,07,0,000000103621cd8c,1,0
342,342,0,2804300000008200,01,07,0,000000103621cd8f,1,0
343,343,0,2800300000008300,01,07,0,000000103621cd92,1,0
344,344,0,2840300000008400,01,07,0,000000103621cd95,1,0
345,345,0,2840300000008500,01,07,0,000000103621cd98,1,0
346,346,0,2840300000008600,01,07,0,000000103621cd9b,1,0
347,347,0,5007c00000008100,11,05,4,000000103621ce36,1,0
348,348,0,5007c00000008200,11,05,4,000000103621ce59,1,0
349,349,0,5003c00000008300,11,05,4,000000103621ce7d,1,0
350,350,0,0007e00000008100,11,05,2,000000103621ce86,1,0
351,351,0,5043c00000008400,11,05,4,000000103621cea0,1,0
352,352,0,0007e00000008200,11,05,2,000000103621cea9,1,0
353,353,0,5043c00000008500,11,05,4,000000103621cec4,1,0
354,354,0,0007e00000008300,11,05,2,000000103621cecc,1,0
355,355,0,5043c00000008600,11,05,4,000000103621cee7,1,0
356,356,0,0007e00000008400,11,05,2,000000103621ceef,1,0
357,357,0,0007e00000008500,11,05,2,000000103621cf12,1,0
358,358,0,0007e00000008600,11,05,2,000000103621cf36,1,0
359,359,0,0007e00000008000,01,07,0,000000103621cf52,1,0
360,360,0,4807c00000008000,11,05,4,000000103621d1a2,1,0
361,361,0,0003e00000000000,01,07,0,000000103621d21f,1,0
362,362,0,4803c00000000000,11,05,4,000000103621d3a9,1,0
363,363,0,3803e00000008000,01,07,0,000000103621d548,1,0
364,364,0,2800300000008100,01,07,0,000000103621d55e,1,0
365,365,0,2800300000008200,01,07,0,000000103621d561,1,0
366,366,0,2800300000008300,01,07,0,000000103621d564,1,0
367,367,0,2844300000008400,01,07,0,000000103621d567,1,0
368,368,0,2844300000008500,01,07,0,000000103621d56a,1,0
369,369,0,2840300000008600,01,07,0,000000103621d56d,1,0
370,370,0,5000000000008000,01,0b,3,000000103621d59a,1,0
371,371,0,5003c00000008100,11,05,4,000000103621d619,1,0
372,372,0,5003c00000008200,11,05,4,000000103621d63c,1,0
373,373,0,5003c00000008300,11,05,4,000000103621d660,1,0
374,374,0,0007e00000008100,11,05,2,000000103621d666,1,0
375,375,0,5047c00000008400,11,05,4,000000103621d683,1,0
376,376,0,0007e00000008200,11,05,2,000000103621d68c,1,0
377,377,0,5047c00000008500,11,05,4,000000103621d6a7,1,0
378,378,0,0007e00000008300,11,05,2,000000103621d6b0,1,0
379,379,0,5043c00000008600,11,05,4,000000103621d6ca,1,0
380,380,0,0007e00000008400,11,05,2,000000103621d6d2,1,0
381,381,0,0007e00000008500,11,05,2,000000103621d6f4,1,0
382,382,0,0007e00000008600,11,05,2,000000103621d718,1,0
383,383,0,5803e40000008000,01,09,5,000000103621d7ba,1,0
384,384,0,1803e00000008000,11,05,2,000000103621d808,1,0
385,385,0,7003e40000000000,01,09,5,000000103621dada,1,0
386,386,0,2000200000000000,01,0b,1,000000103621db1a,1,0
387,387,0,2800300000008100,01,07,0,000000103621dd85,1,0
388,388,0,2800300000008200,01,07,0,000000103621dd88,1,0
389,389,0,2800300000008300,01,07,0,000000103621dd8b,1,0
390,390,0,2848300000008400,01,07,0,000000103621dd8e,1,0
391,391,0,2840300000008500,01,07,0,000000103621dd91,1,0
392,392,0,2840300000008600,01,07,0,000000103621dd94,1,0
393,393,0,5003c00000008100,11,05,4,000000103621de2f,1,0
394,394,0,5003c00000008200,11,05,4,000000103621de53,1,0
395,395,0,5003c00000008300,11,05,4,000000103621de76,1,0
396,396,0,0007e00000008100,11,05,2,000000103621de7e,1,0
397,397,0,504bc00000008400,11,05,4,000000103621de9a,1,0
398,398,0,0007e00000008200,11,05,2,000000103621dea0,1,0
399,399,0,5043c00000008500,11,05,4,000000103621debd,1,0
400,400,0,0007e00000008300,11,05,2,000000103621dec4,1,0
401,401,0,5043c00000008600,11,05,4,000000103621dee1,1,0
402,402,0,0007e00000008400,11,05,2,000000103621deea,1,0
403,403,0,0007e00000008500,11,05,2,000000103621df0c,1,0
404,404,0,0007e00000008600,11,05,2,000000103621df30,1,0
405,405,0,0007e00000008000,01,07,0,000000103621df4c,1,0
406,406,0,4807c00000008000,11,05,4,000000103621e19a,1,0
407,407,0,0003e00000000000,01,07,0,000000103621e215,1,0
408,408,0,4803c00000000000,11,05,4,000000103621e3ed,1,0
409,409,0,3803e00000008000,01,07,0,000000103621e58d,1,0
410,410,0,2800300000008100,01,07,0,000000103621e5a3,1,0
411,411,0,2804300000008200,01,07,0,000000103621e5a6,1,0
412,412,0,2808300000008300,01,07,0,000000103621e5a9,1,0
413,413,0,2844300000008400,01,07,0,000000103621e5ac,1,0
414,414,0,2844300000008500,01,07,0,000000103621e5af,1,0
415,415,0,2840300000008600,01,07,0,000000103621e5b2,1,0
416,416,0,5000000000008000,01,0b,3,000000103621e5df,1,0
417,417,0,5003c00000008100,11,05,4,000000103621e65e,1,0
418,418,0,5007c00000008200,11,05,4,000000103621e681,1,0
419,419,0,500bc00000008300,11,05,4,000000103621e6a5,1,0
420,420,0,0007e00000008100,11,05,2,000000103621e6ae,1,0
421,421,0,5047c00000008400,11,05,4,000000103621e6c8,1,0
422,422,0,0007e00000008200,11,05,2,000000103621e6ce,1,0
423,423,0,5047c00000008500,11,05,4,000000103621e6ec,1,0
424,424,0,0007e00000008300,11,05,2,000000103621e6f4,1,0
425,425,0,5043c00000008600,11,05,4,000000103621e70f,1,0
426,426,0,0007e00000008400,11,05,2,000000103621e718,1,0
427,427,0,0007e00000008500,11,05,2,000000103621e73c,1,0
428,428,0,0007e00000008600,11,05,2,000000103621e75e,1,0
429,429,0,5803e40000008000,01,09,5,000000103621e800,1,0
430,430,0,1803e00000008000,11,05,2,000000103621e84d,1,0
431,431,0,7003e40000000000,01,09,5,000000103621eb1d,1,0
432,432,0,2000200000000000,01,0b,1,000000103621eb5e,1,0
433,433,0,2800300000008100,01,07,0,000000103621eda7,1,0
434,434,0,2804300000008200,01,07,0,000000103621edaa,1,0
435,435,0,2804300000008300,01,07,0,000000103621edad,1,0
436,436,0,2840300000008400,01,07,0,000000103621edb0,1,0
437,437,0,2844300000008500,01,07,0,000000103621edb3,1,0
438,438,0,2840300000008600,01,07,0,000000103621edb6,1,0
439,439,0,5003c00000008100,11,05,4,000000103621ee51,1,0
440,440,0,5007c00000008200,11,05,4,000000103621ee75,1,0
441,441,0,5007c00000008300,11,05,4,000000103621ee98,1,0
442,442,0,0007e00000008100,11,05,2,000000103621eea0,1,0
443,443,0,5043c00000008400,11,05,4,000000103621eebb,1,0
444,444,0,0007e00000008200,11,05,2,000000103621eec5,1,0
445,445,0,5047c00000008500,11,05,4,000000103621eedf,1,0
446,446,0,0007e00000008300,11,05,2,000000103621eee8,1,0
447,447,0,5043c00000008600,11,05,4,000000103621ef02,1,0
448,448,0,0007e00000008400,11,05,2,000000103621ef08,1,0
449,449,0,0007e00000008500,11,05,2,000000103621ef2c,1,0
450,450,0,0007e00000008600,11,05,2,000000103621ef52,1,0
451,451,0,0007e00000008000,01,07,0,000000103621ef67,1,0
452,452,0,4807c00000008000,11,05,4,000000103621f1b7,1,0
453,453,0,3803e00000008000,01,07,0,000000103621f44e,1,0
454,454,0,2804300000008100,01,07,0,000000103621f462,1,0
455,455,0,2804300000008200,01,07,0,000000103621f465,1,0
456,456,0,2800300000008300,01,07,0,000000103621f468,1,0
457,457,0,2844300000008400,01,07,0,000000103621f46b,1,0
458,458,0,2840300000008500,01,07,0,000000103621f46e,1,0
459,459,0,2840300000008600,01,07,0,000000103621f471,1,0
460,460,0,5000000000008000,01,0b,3,000000103621f4a0,1,0
461,461,0,5007c00000008100,11,05,4,000000103621f51d,1,0
462,462,0,5007c00000008200,11,05,4,000000103621f541,1,0
463,463,0,5003c00000008300,11,05,4,000000103621f564,1,0
464,464,0,0007e00000008100,11,05,2,000000103621f56c,1,0
465,465,0,5047c00000008400,11,05,4,000000103621f588,1,0
466,466,0,0007e00000008200,11,05,2,000000103621f590,1,0
467,467,0,5043c00000008500,11,05,4,000000103621f5ab,1,0
468,468,0,0007e00000008300,11,05,2,000000103621f5b4,1,0
469,469,0,5043c00000008600,11,05,4,000000103621f5cf,1,0
470,470,0,0007e00000008400,11,05,2,000000103621f5d6,1,0
471,471,0,0007e00000008500,11,05,2,000000103621f5fa,1,0
472,472,0,0007e00000008600,11,05,2,000000103621f61e,1,0
473,473,0,5803e40000008000,01,09,5,000000103621f6b8,1,0
474,474,0,1803e00000008000,11,05,2,000000103621f703,1,0
475,475,0,0007e00000000000,01,07,0,000000103621f8eb,1,0
476,476,0,4807c00000000000,11,05,4,000000103621fa72,1,0
477,477,0,2804300000008100,01,07,0,000000103621fc28,1,0
478,478,0,2800300000008200,01,07,0,000000103621fc2b,1,0
479,479,0,2800300000008300,01,07,0,000000103621fc2e,1,0
480,480,0,2840300000008400,01,07,0,000000103621fc31,1,0
481,481,0,2840300000008500,01,07,0,000000103621fc34,1,0
482,482,0,2840300000008600,01,07,0,000000103621fc37,1,0
483,483,0,5007c00000008100,11,05,4,000000103621fcd2,1,0
484,484,0,5003c00000008200,11,05,4,000000103621fcf5,1,0
485,485,0,5003c00000008300,11,05,4,000000103621fd19,1,0
486,486,0,0007e00000008100,11,05,2,000000103621fd20,1,0
487,487,0,5043c00000008400,11,05,4,000000103621fd3c,1,0
488,488,0,0007e00000008200,11,05,2,000000103621fd44,1,0
489,489,0,5043c00000008500,11,05,4,000000103621fd5f,1,0
490,490,0,0007e00000008300,11,05,2,000000103621fd68,1,0
491,491,0,5043c00000008600,11,05,4,000000103621fd83,1,0
492,492,0,0007e00000008400,11,05,2,000000103621fd8c,1,0
493,493,0,0007e00000008500,11,05,2,000000103621fdac,1,0
494,494,0,0007e00000008600,11,05,2,000000103621fdd2,1,0
495,495,0,0003e00000008000,01,07,0,000000103621fdee,1,0
496,496,0,4803c00000008000,11,05,4,000000103622003e,1,0
497,497,0,7003e40000000000,01,09,5,00000010362201a3,1,0
498,498,0,2000200000000000,01,0b,1,00000010362201e4,1,0
499,499,0,3803e00000008000,01,07,0,0000001036220417,1,0
500,500,0,2800300000008100,01,07,0,000000103622042d,1,0
501,501,0,2800300000008200,01,07,0,0000001036220430,1,0
502,502,0,2804300000008300,01,07,0,0000001036220433,1,0
503,503,0,2840300000008400,01,07,0,0000001036220436,1,0
504,504,0,2844300000008500,01,07,0,0000001036220439,1,0
505,505,0,2844300000008600,01,07,0,000000103622043c,1,0
506,506,0,5000000000008000,01,0b,3,0000001036220469,1,0
507,507,0,5003c00000008100,11,05,4,00000010362204e8,1,0
508,508,0,5003c00000008200,11,05,4,000000103622050c,1,0
509,509,0,5007c00000008300,11,05,4,000000103622052f,1,0
510,510,0,0007e00000008100,11,05,2,0000001036220538,1,0
511,511,0,5043c00000008400,11,05,4,0000001036220553,1,0
512,512,0,0007e00000008200,11,05,2,000000103622055a,1,0
513,513,0,5047c00000008500,11,05,4,0000001036220576,1,0
514,514,0,0007e00000008300,11,05,2,000000103622057e,1,0
515,515,0,5047c00000008600,11,05,4,0000001036220599,1,0
516,516,0,0007e00000008400,11,05,2,00000010362205a2,1,0
517,517,0,0007e00000008500,11,05,2,00000010362205c6,1,0
518,518,0,0007e00000008600,11,05,2,00000010362205e8,1,0
519,519,0,5803e40000008000,01,09,5,0000001036220684,1,0
520,520,0,1803e00000008000,11,05,2,00000010362206d2,1,0
521,521,0,0003e00000000000,01,07,0,00000010362208bd,1,0
522,522,0,4803c00000000000,11,05,4,0000001036220a3b,1,0
523,523,0,2800300000008100,01,07,0,0000001036220bd9,1,0
524,524,0,2800300000008200,01,07,0,0000001036220bdc,1,0
525,525,0,2800300000008300,01,07,0,0000001036220bdf,1,0
526,526,0,2844300000008400,01,07,0,0000001036220be2,1,0
527,527,0,2840300000008500,01,07,0,0000001036220be5,1,0
528,528,0,2844300000008600,01,07,0,0000001036220be8,1,0
529,529,0,0000000000000000,00,00,0,0000000000000000,1,0
530,530,0,0000000000000000,00,00,0,0000000000000000,1,0
531,531,0,0000000000000000,00,00,0,0000000000000000,1,0
532,532,0,0000000000000000,00,00,0,0000000000000000,1,0
533,533,0,0000000000000000,00,00,0,0000000000000000,1,0
534,534,0,0000000000000000,00,00,0,0000000000000000,1,0
535,535,0,0000000000000000,00,00,0,0000000000000000,1,0
536,536,0,0000000000000000,00,00,0,0000000000000000,1,0
537,537,0,0000000000000000,00,00,0,0000000000000000,1,0
538,538,0,0000000000000000,00,00,0,0000000000000000,1,0
539,539,0,0000000000000000,00,00,0,0000000000000000,1,0
540,540,0,0000000000000000,00,00,0,0000000000000000,1,0
541,541,0,0000000000000000,00,00,0,0000000000000000,1,0
542,542,0,0000000000000000,00,00,0,0000000000000000,1,0
543,543,0,0000000000000000,00,00,0,0000000000000000,1,0
544,544,0,0000000000000000,00,00,0,0000000000000000,1,0
545,545,0,0000000000000000,00,00,0,0000000000000000,1,0
546,546,0,0000000000000000,00,00,0,0000000000000000,1,0
547,547,0,0000000000000000,00,00,0,0000000000000000,1,0
548,548,0,0000000000000000,00,00,0,0000000000000000,1,0
549,549,0,0000000000000000,00,00,0,0000000000000000,1,0
550,550,0,0000000000000000,00,00,0,0000000000000000,1,0
551,551,0,0000000000000000,00,00,0,0000000000000000,1,0
552,552,0,0000000000000000,00,00,0,0000000000000000,1,0
553,553,0,0000000000000000,00,00,0,0000000000000000,1,0
554,554,0,0000000000000000,00,00,0,0000000000000000,1,0
555,555,0,0000000000000000,00,00,0,0000000000000000,1,0
556,556,0,0000000000000000,00,00,0,0000000000000000,1,0
557,557,0,0000000000000000,00,00,0,0000000000000000,1,0
558,558,0,0000000000000000,00,00,0,0000000000000000,1,0
559,559,0,0000000000000000,00,00,0,0000000000000000,1,0
560,560,0,0000000000000000,00,00,0,0000000000000000,1,0
561,561,0,0000000000000000,00,00,0,0000000000000000,1,0
562,562,0,0000000000000000,00,00,0,0000000000000000,1,0
563,563,0,0000000000000000,00,00,0,0000000000000000,1,0
564,564,0,0000000000000000,00,00,0,0000000000000000,1,0
565,565,0,0000000000000000,00,00,0,0000000000000000,1,0
566,566,0,0000000000000000,00,00,0,0000000000000000,1,0
567,567,0,0000000000000000,00,00,0,0000000000000000,1,0
568,568,0,0000000000000000,00,00,0,0000000000000000,1,0
569,569,0,0000000000000000,00,00,0,0000000000000000,1,0
570,570,0,0000000000000000,00,00,0,0000000000000000,1,0
571,571,0,0000000000000000,00,00,0,0000000000000000,1,0
572,572,0,0000000000000000,00,00,0,0000000000000000,1,0
573,573,0,0000000000000000,00,00,0,0000000000000000,1,0
574,574,0,0000000000000000,00,00,0,0000000000000000,1,0
575,575,0,0000000000000000,00,00,0,0000000000000000,1,0
576,576,0,0000000000000000,00,00,0,0000000000000000,1,0
577,577,0,0000000000000000,00,00,0,0000000000000000,1,0
578,578,0,0000000000000000,00,00,0,0000000000000000,1,0
579,579,0,0000000000000000,00,00,0,0000000000000000,1,0
580,580,0,0000000000000000,00,00,0,0000000000000000,1,0
581,581,0,0000000000000000,00,00,0,0000000000000000,1,0
582,582,0,0000000000000000,00,00,0,0000000000000000,1,0
583,583,0,0000000000000000,00,00,0,0000000000000000,1,0
584,584,0,0000000000000000,00,00,0,0000000000000000,1,0
585,585,0,0000000000000000,00,00,0,0000000000000000,1,0
586,586,0,0000000000000000,00,00,0,0000000000000000,1,0
587,587,0,0000000000000000,00,00,0,0000000000000000,1,0
588,588,0,0000000000000000,00,00,0,0000000000000000,1,0
589,589,0,0000000000000000,00,00,0,0000000000000000,1,0
590,590,0,0000000000000000,00,00,0,0000000000000000,1,0
591,591,0,0000000000000000,00,00,0,0000000000000000,1,0
592,592,0,0000000000000000,00,00,0,0000000000000000,1,0
593,593,0,0000000000000000,00,00,0,0000000000000000,1,0
594,594,0,0000000000000000,00,00,0,0000000000000000,1,0
595,595,0,0000000000000000,00,00,0,0000000000000000,1,0
596,596,0,0000000000000000,00,00,0,0000000000000000,1,0
597,597,0,0000000000000000,00,00,0,0000000000000000,1,0
598,598,0,0000000000000000,00,00,0,0000000000000000,1,0
599,599,0,0000000000000000,00,00,0,0000000000000000,1,0
600,600,0,0000000000000000,00,00,0,0000000000000000,1,0
601,601,0,0000000000000000,00,00,0,0000000000000000,1,0
602,602,0,0000000000000000,00,00,0,0000000000000000,1,0
603,603,0,0000000000000000,00,00,0,0000000000000000,1,0
604,604,0,0000000000000000,00,00,0,0000000000000000,1,0
605,605,0,0000000000000000,00,00,0,0000000000000000,1,0
606,606,0,0000000000000000,00,00,0,0000000000000000,1,0
607,607,0,0000000000000000,00,00,0,0000000000000000,1,0
608,608,0,0000000000000000,00,00,0,0000000000000000,1,0
609,609,0,0000000000000000,00,00,0,0000000000000000,1,0
610,610,0,0000000000000000,00,00,0,0000000000000000,1,0
611,611,0,0000000000000000,00,00,0,0000000000000000,1,0
612,612,0,0000000000000000,00,00,0,0000000000000000,1,0
613,613,0,0000000000000000,00,00,0,0000000000000000,1,0
614,614,0,0000000000000000,00,00,0,0000000000000000,1,0
615,615,0,0000000000000000,00,00,0,0000000000000000,1,0
616,616,0,0000000000000000,00,00,0,0000000000000000,1,0
617,617,0,0000000000000000,00,00,0,0000000000000000,1,0
618,618,0,0000000000000000,00,00,0,0000000000000000,1,0
619,619,0,0000000000000000,00,00,0,0000000000000000,1,0
620,620,0,0000000000000000,00,00,0,0000000000000000,1,0
621,621,0,0000000000000000,00,00,0,0000000000000000,1,0
622,622,0,0000000000000000,00,00,0,0000000000000000,1,0
623,623,0,0000000000000000,00,00,0,0000000000000000,1,0
624,624,0,0000000000000000,00,00,0,0000000000000000,1,0
625,625,0,0000000000000000,00,00,0,0000000000000000,1,0
626,626,0,0000000000000000,00,00,0,0000000000000000,1,0
627,627,0,0000000000000000,00,00,0,0000000000000000,1,0
628,628,0,0000000000000000,00,00,0,0000000000000000,1,0
629,629,0,0000000000000000,00,00,0,0000000000000000,1,0
630,630,0,0000000000000000,00,00,0,0000000000000000,1,0
631,631,0,0000000000000000,00,00,0,0000000000000000,1,0
632,632,0,0000000000000000,00,00,0,0000000000000000,1,0
633,633,0,0000000000000000,00,00,0,0000000000000000,1,0
634,634,0,0000000000000000,00,00,0,0000000000000000,1,0
635,635,0,0000000000000000,00,00,0,0000000000000000,1,0
636,636,0,0000000000000000,00,00,0,0000000000000000,1,0
637,637,0,0000000000000000,00,00,0,0000000000000000,1,0
638,638,0,0000000000000000,00,00,0,0000000000000000,1,0
639,639,0,0000000000000000,00,00,0,0000000000000000,1,0
640,640,0,0000000000000000,00,00,0,0000000000000000,1,0
641,641,0,0000000000000000,00,00,0,0000000000000000,1,0
642,642,0,0000000000000000,00,00,0,0000000000000000,1,0
643,643,0,0000000000000000,00,00,0,0000000000000000,1,0
644,644,0,0000000000000000,00,00,0,0000000000000000,1,0
645,645,0,0000000000000000,00,00,0,0000000000000000,1,0
646,646,0,0000000000000000,00,00,0,0000000000000000,1,0
647,647,0,0000000000000000,00,00,0,0000000000000000,1,0
648,648,0,0000000000000000,00,00,0,0000000000000000,1,0
649,649,0,0000000000000000,00,00,0,0000000000000000,1,0
650,650,0,0000000000000000,00,00,0,0000000000000000,1,0
651,651,0,0000000000000000,00,00,0,0000000000000000,1,0
652,652,0,0000000000000000,00,00,0,0000000000000000,1,0
653,653,0,0000000000000000,00,00,0,0000000000000000,1,0
654,654,0,0000000000000000,00,00,0,0000000000000000,1,0
655,655,0,0000000000000000,00,00,0,0000000000000000,1,0
656,656,0,0000000000000000,00,00,0,0000000000000000,1,0
657,657,0,0000000000000000,00,00,0,0000000000000000,1,0
658,658,0,0000000000000000,00,00,0,0000000000000000,1,0
659,659,0,0000000000000000,00,00,0,0000000000000000,1,0
660,660,0,0000000000000000,00,00,0,0000000000000000,1,0
661,661,0,0000000000000000,00,00,0,0000000000000000,1,0
662,662,0,0000000000000000,00,00,0,0000000000000000,1,0
663,663,0,0000000000000000,00,00,0,0000000000000000,1,0
664,664,0,0000000000000000,00,00,0,0000000000000000,1,0
665,665,0,0000000000000000,00,00,0,0000000000000000,1,0
666,666,0,0000000000000000,00,00,0,0000000000000000,1,0
667,667,0,0000000000000000,00,00,0,0000000000000000,1,0
668,668,0,0000000000000000,00,00,0,0000000000000000,1,0
669,669,0,0000000000000000,00,00,0,0000000000000000,1,0
670,670,0,0000000000000000,00,00,0,0000000000000000,1,0
671,671,0,0000000000000000,00,00,0,0000000000000000,1,0
672,672,0,0000000000000000,00,00,0,0000000000000000,1,0
673,673,0,0000000000000000,00,00,0,0000000000000000,1,0
674,674,0,0000000000000000,00,00,0,0000000000000000,1,0
675,675,0,0000000000000000,00,00,0,0000000000000000,1,0
676,676,0,0000000000000000,00,00,0,0000000000000000,1,0
677,677,0,0000000000000000,00,00,0,0000000000000000,1,0
678,678,0,0000000000000000,00,00,0,0000000000000000,1,0
679,679,0,0000000000000000,00,00,0,0000000000000000,1,0
680,680,0,0000000000000000,00,00,0,0000000000000000,1,0
681,681,0,0000000000000000,00,00,0,0000000000000000,1,0
682,682,0,0000000000000000,00,00,0,0000000000000000,1,0
683,683,0,0000000000000000,00,00,0,0000000000000000,1,0
684,684,0,0000000000000000,00,00,0,0000000000000000,1,0
685,685,0,0000000000000000,00,00,0,0000000000000000,1,0
686,686,0,0000000000000000,00,00,0,0000000000000000,1,0
687,687,0,0000000000000000,00,00,0,0000000000000000,1,0
688,688,0,0000000000000000,00,00,0,0000000000000000,1,0
689,689,0,0000000000000000,00,00,0,0000000000000000,1,0
690,690,0,0000000000000000,00,00,0,0000000000000000,1,0
691,691,0,0000000000000000,00,00,0,0000000000000000,1,0
692,692,0,0000000000000000,00,00,0,0000000000000000,1,0
693,693,0,0000000000000000,00,00,0,0000000000000000,1,0
694,694,0,0000000000000000,00,00,0,0000000000000000,1,0
695,695,0,0000000000000000,00,00,0,0000000000000000,1,0
696,696,0,0000000000000000,00,00,0,0000000000000000,1,0
697,697,0,0000000000000000,00,00,0,0000000000000000,1,0
698,698,0,0000000000000000,00,00,0,0000000000000000,1,0
699,699,0,0000000000000000,00,00,0,0000000000000000,1,0
700,700,0,0000000000000000,00,00,0,0000000000000000,1,0
701,701,0,0000000000000000,00,00,0,0000000000000000,1,0
702,702,0,0000000000000000,00,00,0,0000000000000000,1,0
703,703,0,0000000000000000,00,00,0,0000000000000000,1,0
704,704,0,0000000000000000,00,00,0,0000000000000000,1,0
705,705,0,0000000000000000,00,00,0,0000000000000000,1,0
706,706,0,0000000000000000,00,00,0,0000000000000000,1,0
707,707,0,0000000000000000,00,00,0,0000000000000000,1,0
708,708,0,0000000000000000,00,00,0,0000000000000000,1,0
709,709,0,0000000000000000,00,00,0,0000000000000000,1,0
710,710,0,0000000000000000,00,00,0,0000000000000000,1,0
711,711,0,0000000000000000,00,00,0,0000000000000000,1,0
712,712,0,0000000000000000,00,00,0,0000000000000000,1,0
713,713,0,0000000000000000,00,00,0,0000000000000000,1,0
714,714,0,0000000000000000,00,00,0,0000000000000000,1,0
715,715,0,0000000000000000,00,00,0,0000000000000000,1,0
716,716,0,0000000000000000,00,00,0,0000000000000000,1,0
717,717,0,0000000000000000,00,00,0,0000000000000000,1,0
718,718,0,0000000000000000,00,00,0,0000000000000000,1,0
719,719,0,0000000000000000,00,00,0,0000000000000000,1,0
720,720,0,0000000000000000,00,00,0,0000000000000000,1,0
721,721,0,0000000000000000,00,00,0,0000000000000000,1,0
722,722,0,0000000000000000,00,00,0,0000000000000000,1,0
723,723,0,0000000000000000,00,00,0,0000000000000000,1,0
724,724,0,0000000000000000,00,00,0,0000000000000000,1,0
725,725,0,0000000000000000,00,00,0,0000000000000000,1,0
726,726,0,0000000000000000,00,00,0,0000000000000000,1,0
727,727,0,0000000000000000,00,00,0,0000000000000000,1,0
728,728,0,0000000000000000,00,00,0,0000000000000000,1,0
729,729,0,0000000000000000,00,00,0,0000000000000000,1,0
730,730,0,0000000000000000,00,00,0,0000000000000000,1,0
731,731,0,0000000000000000,00,00,0,0000000000000000,1,0
732,732,0,0000000000000000,00,00,0,0000000000000000,1,0
733,733,0,0000000000000000,00,00,0,0000000000000000,1,0
734,734,0,0000000000000000,00,00,0,0000000000000000,1,0
735,735,0,0000000000000000,00,00,0,0000000000000000,1,0
736,736,0,0000000000000000,00,00,0,0000000000000000,1,0
737,737,0,0000000000000000,00,00,0,0000000000000000,1,0
738,738,0,0000000000000000,00,00,0,0000000000000000,1,0
739,739,0,0000000000000000,00,00,0,0000000000000000,1,0
740,740,0,0000000000000000,00,00,0,0000000000000000,1,0
741,741,0,0000000000000000,00,00,0,0000000000000000,1,0
742,742,0,0000000000000000,00,00,0,0000000000000000,1,0
743,743,0,0000000000000000,00,00,0,0000000000000000,1,0
744,744,0,0000000000000000,00,00,0,0000000000000000,1,0
745,745,0,0000000000000000,00,00,0,0000000000000000,1,0
746,746,0,0000000000000000,00,00,0,0000000000000000,1,0
747,747,0,0000000000000000,00,00,0,0000000000000000,1,0
748,748,0,0000000000000000,00,00,0,0000000000000000,1,0
749,749,0,0000000000000000,00,00,0,0000000000000000,1,0
750,750,0,0000000000000000,00,00,0,0000000000000000,1,0
751,751,0,0000000000000000,00,00,0,0000000000000000,1,0
752,752,0,0000000000000000,00,00,0,0000000000000000,1,0
753,753,0,0000000000000000,00,00,0,0000000000000000,1,0
754,754,0,0000000000000000,00,00,0,0000000000000000,1,0
755,755,0,0000000000000000,00,00,0,0000000000000000,1,0
756,756,0,0000000000000000,00,00,0,0000000000000000,1,0
757,757,0,0000000000000000,00,00,0,0000000000000000,1,0
758,758,0,0000000000000000,00,00,0,0000000000000000,1,0
759,759,0,0000000000000000,00,00,0,0000000000000000,1,0
760,760,0,0000000000000000,00,00,0,0000000000000000,1,0
761,761,0,0000000000000000,00,00,0,0000000000000000,1,0
762,762,0,0000000000000000,00,00,0,0000000000000000,1,0
763,763,0,0000000000000000,00,00,0,0000000000000000,1,0
764,764,0,0000000000000000,00,00,0,0000000000000000,1,0
765,765,0,0000000000000000,00,00,0,0000000000000000,1,0
766,766,0,0000000000000000,00,00,0,0000000000000000,1,0
767,767,0,0000000000000000,00,00,0,0000000000000000,1,0
768,768,0,0000000000000000,00,00,0,0000000000000000,1,0
769,769,0,0000000000000000,00,00,0,0000000000000000,1,0
770,770,0,0000000000000000,00,00,0,0000000000000000,1,0
771,771,0,0000000000000000,00,00,0,0000000000000000,1,0
772,772,0,0000000000000000,00,00,0,0000000000000000,1,0
773,773,0,0000000000000000,00,00,0,0000000000000000,1,0
774,774,0,0000000000000000,00,00,0,0000000000000000,1,0
775,775,0,0000000000000000,00,00,0,0000000000000000,1,0
776,776,0,0000000000000000,00,00,0,0000000000000000,1,0
777,777,0,0000000000000000,00,00,0,0000000000000000,1,0
778,778,0,0000000000000000,00,00,0,0000000000000000,1,0
779,779,0,0000000000000000,00,00,0,0000000000000000,1,0
780,780,0,0000000000000000,00,00,0,0000000000000000,1,0
781,781,0,0000000000000000,00,00,0,0000000000000000,1,0
782,782,0,0000000000000000,00,00,0,0000000000000000,1,0
783,783,0,0000000000000000,00,00,0,0000000000000000,1,0
784,784,0,0000000000000000,00,00,0,0000000000000000,1,0
785,785,0,0000000000000000,00,00,0,0000000000000000,1,0
786,786,0,0000000000000000,00,00,0,0000000000000000,1,0
787,787,0,0000000000000000,00,00,0,0000000000000000,1,0
788,788,0,0000000000000000,00,00,0,0000000000000000,1,0
789,789,0,0000000000000000,00,00,0,0000000000000000,1,0
790,790,0,0000000000000000,00,00,0,0000000000000000,1,0
791,791,0,0000000000000000,00,00,0,0000000000000000,1,0
792,792,0,0000000000000000,00,00,0,0000000000000000,1,0
793,793,0,0000000000000000,00,00,0,0000000000000000,1,0
794,794,0,0000000000000000,00,00,0,0000000000000000,1,0
795,795,0,0000000000000000,00,00,0,0000000000000000,1,0
796,796,0,0000000000000000,00,00,0,0000000000000000,1,0
797,797,0,0000000000000000,00,00,0,0000000000000000,1,0
798,798,0,0000000000000000,00,00,0,0000000000000000,1,0
799,799,0,0000000000000000,00,00,0,0000000000000000,1,0
800,800,0,0000000000000000,00,00,0,0000000000000000,1,0
801,801,0,0000000000000000,00,00,0,0000000000000000,1,0
802,802,0,0000000000000000,00,00,0,0000000000000000,1,0
803,803,0,0000000000000000,00,00,0,0000000000000000,1,0
804,804,0,0000000000000000,00,00,0,0000000000000000,1,0
805,805,0,0000000000000000,00,00,0,0000000000000000,1,0
806,806,0,0000000000000000,00,00,0,0000000000000000,1,0
807,807,0,0000000000000000,00,00,0,0000000000000000,1,0
808,808,0,0000000000000000,00,00,0,0000000000000000,1,0
809,809,0,0000000000000000,00,00,0,0000000000000000,1,0
810,810,0,0000000000000000,00,00,0,0000000000000000,1,0
811,811,0,0000000000000000,00,00,0,0000000000000000,1,0
812,812,0,0000000000000000,00,00,0,0000000000000000,1,0
813,813,0,0000000000000000,00,00,0,0000000000000000,1,0
814,814,0,0000000000000000,00,00,0,0000000000000000,1,0
815,815,0,0000000000000000,00,00,0,0000000000000000,1,0
816,816,0,0000000000000000,00,00,0,0000000000000000,1,0
817,817,0,0000000000000000,00,00,0,0000000000000000,1,0
818,818,0,0000000000000000,00,00,0,0000000000000000,1,0
819,819,0,0000000000000000,00,00,0,0000000000000000,1,0
820,820,0,0000000000000000,00,00,0,0000000000000000,1,0
821,821,0,0000000000000000,00,00,0,0000000000000000,1,0
822,822,0,0000000000000000,00,00,0,0000000000000000,1,0
823,823,0,0000000000000000,00,00,0,0000000000000000,1,0
824,824,0,0000000000000000,00,00,0,0000000000000000,1,0
825,825,0,0000000000000000,00,00,0,0000000000000000,1,0
826,826,0,0000000000000000,00,00,0,0000000000000000,1,0
827,827,0,0000000000000000,00,00,0,0000000000000000,1,0
828,828,0,0000000000000000,00,00,0,0000000000000000,1,0
829,829,0,0000000000000000,00,00,0,0000000000000000,1,0
830,830,0,0000000000000000,00,00,0,0000000000000000,1,0
831,831,0,0000000000000000,00,00,0,0000000000000000,1,0
832,832,0,0000000000000000,00,00,0,0000000000000000,1,0
833,833,0,0000000000000000,00,00,0,0000000000000000,1,0
834,834,0,0000000000000000,00,00,0,0000000000000000,1,0
835,835,0,0000000000000000,00,00,0,0000000000000000,1,0
836,836,0,0000000000000000,00,00,0,0000000000000000,1,0
837,837,0,0000000000000000,00,00,0,0000000000000000,1,0
838,838,0,0000000000000000,00,00,0,0000000000000000,1,0
839,839,0,0000000000000000,00,00,0,0000000000000000,1,0
840,840,0,0000000000000000,00,00,0,0000000000000000,1,0
841,841,0,0000000000000000,00,00,0,0000000000000000,1,0
842,842,0,0000000000000000,00,00,0,0000000000000000,1,0
843,843,0,0000000000000000,00,00,0,0000000000000000,1,0
844,844,0,0000000000000000,00,00,0,0000000000000000,1,0
845,845,0,0000000000000000,00,00,0,0000000000000000,1,0
846,846,0,0000000000000000,00,00,0,0000000000000000,1,0
847,847,0,0000000000000000,00,00,0,0000000000000000,1,0
848,848,0,0000000000000000,00,00,0,0000000000000000,1,0
849,849,0,0000000000000000,00,00,0,0000000000000000,1,0
850,850,0,0000000000000000,00,00,0,0000000000000000,1,0
851,851,0,0000000000000000,00,00,0,0000000000000000,1,0
852,852,0,0000000000000000,00,00,0,0000000000000000,1,0
853,853,0,0000000000000000,00,00,0,0000000000000000,1,0
854,854,0,0000000000000000,00,00,0,0000000000000000,1,0
855,855,0,0000000000000000,00,00,0,0000000000000000,1,0
856,856,0,0000000000000000,00,00,0,0000000000000000,1,0
857,857,0,0000000000000000,00,00,0,0000000000000000,1,0
858,858,0,0000000000000000,00,00,0,0000000000000000,1,0
859,859,0,0000000000000000,00,00,0,0000000000000000,1,0
860,860,0,0000000000000000,00,00,0,0000000000000000,1,0
861,861,0,0000000000000000,00,00,0,0000000000000000,1,0
862,862,0,0000000000000000,00,00,0,0000000000000000,1,0
863,863,0,0000000000000000,00,00,0,0000000000000000,1,0
864,864,0,0000000000000000,00,00,0,0000000000000000,1,0
865,865,0,0000000000000000,00,00,0,0000000000000000,1,0
866,866,0,0000000000000000,00,00,0,0000000000000000,1,0
867,867,0,0000000000000000,00,00,0,0000000000000000,1,0
868,868,0,0000000000000000,00,00,0,0000000000000000,1,0
869,869,0,0000000000000000,00,00,0,0000000000000000,1,0
870,870,0,0000000000000000,00,00,0,0000000000000000,1,0
871,871,0,0000000000000000,00,00,0,0000000000000000,1,0
872,872,0,0000000000000000,00,00,0,0000000000000000,1,0
873,873,0,0000000000000000,00,00,0,0000000000000000,1,0
874,874,0,0000000000000000,00,00,0,0000000000000000,1,0
875,875,0,0000000000000000,00,00,0,0000000000000000,1,0
876,876,0,0000000000000000,00,00,0,0000000000000000,1,0
877,877,0,0000000000000000,00,00,0,0000000000000000,1,0
878,878,0,0000000000000000,00,00,0,0000000000000000,1,0
879,879,0,0000000000000000,00,00,0,0000000000000000,1,0
880,880,0,0000000000000000,00,00,0,0000000000000000,1,0
881,881,0,0000000000000000,00,00,0,0000000000000000,1,0
882,882,0,0000000000000000,00,00,0,0000000000000000,1,0
883,883,0,0000000000000000,00,00,0,0000000000000000,1,0
884,884,0,0000000000000000,00,00,0,0000000000000000,1,0
885,885,0,0000000000000000,00,00,0,0000000000000000,1,0
886,886,0,0000000000000000,00,00,0,0000000000000000,1,0
887,887,0,0000000000000000,00,00,0,0000000000000000,1,0
888,888,0,0000000000000000,00,00,0,0000000000000000,1,0
889,889,0,0000000000000000,00,00,0,0000000000000000,1,0
890,890,0,0000000000000000,00,00,0,0000000000000000,1,0
891,891,0,0000000000000000,00,00,0,0000000000000000,1,0
892,892,0,0000000000000000,00,00,0,0000000000000000,1,0
893,893,0,0000000000000000,00,00,0,0000000000000000,1,0
894,894,0,0000000000000000,00,00,0,0000000000000000,1,0
895,895,0,0000000000000000,00,00,0,0000000000000000,1,0
896,896,0,0000000000000000,00,00,0,0000000000000000,1,0
897,897,0,0000000000000000,00,00,0,0000000000000000,1,0
898,898,0,0000000000000000,00,00,0,0000000000000000,1,0
899,899,0,0000000000000000,00,00,0,0000000000000000,1,0
900,900,0,0000000000000000,00,00,0,0000000000000000,1,0
901,901,0,0000000000000000,00,00,0,0000000000000000,1,0
902,902,0,0000000000000000,00,00,0,0000000000000000,1,0
903,903,0,0000000000000000,00,00,0,0000000000000000,1,0
904,904,0,0000000000000000,00,00,0,0000000000000000,1,0
905,905,0,0000000000000000,00,00,0,0000000000000000,1,0
906,906,0,0000000000000000,00,00,0,0000000000000000,1,0
907,907,0,0000000000000000,00,00,0,0000000000000000,1,0
908,908,0,0000000000000000,00,00,0,0000000000000000,1,0
909,909,0,0000000000000000,00,00,0,0000000000000000,1,0
910,910,0,0000000000000000,00,00,0,0000000000000000,1,0
911,911,0,0000000000000000,00,00,0,0000000000000000,1,0
912,912,0,0000000000000000,00,00,0,0000000000000000,1,0
913,913,0,0000000000000000,00,00,0,0000000000000000,1,0
914,914,0,0000000000000000,00,00,0,0000000000000000,1,0
915,915,0,0000000000000000,00,00,0,0000000000000000,1,0
916,916,0,0000000000000000,00,00,0,0000000000000000,1,0
917,917,0,0000000000000000,00,00,0,0000000000000000,1,0
918,918,0,0000000000000000,00,00,0,0000000000000000,1,0
919,919,0,0000000000000000,00,00,0,0000000000000000,1,0
920,920,0,0000000000000000,00,00,0,0000000000000000,1,0
921,921,0,0000000000000000,00,00,0,0000000000000000,1,0
922,922,0,0000000000000000,00,00,0,0000000000000000,1,0
923,923,0,0000000000000000,00,00,0,0000000000000000,1,0
924,924,0,0000000000000000,00,00,0,0000000000000000,1,0
925,925,0,0000000000000000,00,00,0,0000000000000000,1,0
926,926,0,0000000000000000,00,00,0,0000000000000000,1,0
927,927,0,0000000000000000,00,00,0,0000000000000000,1,0
928,928,0,0000000000000000,00,00,0,0000000000000000,1,0
929,929,0,0000000000000000,00,00,0,0000000000000000,1,0
930,930,0,0000000000000000,00,00,0,0000000000000000,1,0
931,931,0,0000000000000000,00,00,0,0000000000000000,1,0
932,932,0,0000000000000000,00,00,0,0000000000000000,1,0
933,933,0,0000000000000000,00,00,0,0000000000000000,1,0
934,934,0,0000000000000000,00,00,0,0000000000000000,1,0
935,935,0,0000000000000000,00,00,0,0000000000000000,1,0
936,936,0,0000000000000000,00,00,0,0000000000000000,1,0
937,937,0,0000000000000000,00,00,0,0000000000000000,1,0
938,938,0,0000000000000000,00,00,0,0000000000000000,1,0
939,939,0,0000000000000000,00,00,0,0000000000000000,1,0
940,940,0,0000000000000000,00,00,0,0000000000000000,1,0
941,941,0,0000000000000000,00,00,0,0000000000000000,1,0
942,942,0,0000000000000000,00,00,0,0000000000000000,1,0
943,943,0,0000000000000000,00,00,0,0000000000000000,1,0
944,944,0,0000000000000000,00,00,0,0000000000000000,1,0
945,945,0,0000000000000000,00,00,0,0000000000000000,1,0
946,946,0,0000000000000000,00,00,0,0000000000000000,1,0
947,947,0,0000000000000000,00,00,0,0000000000000000,1,0
948,948,0,0000000000000000,00,00,0,0000000000000000,1,0
949,949,0,0000000000000000,00,00,0,0000000000000000,1,0
950,950,0,0000000000000000,00,00,0,0000000000000000,1,0
951,951,0,0000000000000000,00,00,0,0000000000000000,1,0
952,952,0,0000000000000000,00,00,0,0000000000000000,1,0
953,953,0,0000000000000000,00,00,0,0000000000000000,1,0
954,954,0,0000000000000000,00,00,0,0000000000000000,1,0
955,955,0,0000000000000000,00,00,0,0000000000000000,1,0
956,956,0,0000000000000000,00,00,0,0000000000000000,1,0
957,957,0,0000000000000000,00,00,0,0000000000000000,1,0
958,958,0,0000000000000000,00,00,0,0000000000000000,1,0
959,959,0,0000000000000000,00,00,0,0000000000000000,1,0
960,960,0,0000000000000000,00,00,0,0000000000000000,1,0
961,961,0,0000000000000000,00,00,0,0000000000000000,1,0
962,962,0,0000000000000000,00,00,0,0000000000000000,1,0
963,963,0,0000000000000000,00,00,0,0000000000000000,1,0
964,964,0,0000000000000000,00,00,0,0000000000000000,1,0
965,965,0,0000000000000000,00,00,0,0000000000000000,1,0
966,966,0,0000000000000000,00,00,0,0000000000000000,1,0
967,967,0,0000000000000000,00,00,0,0000000000000000,1,0
968,968,0,0000000000000000,00,00,0,0000000000000000,1,0
969,969,0,0000000000000000,00,00,0,0000000000000000,1,0
970,970,0,0000000000000000,00,00,0,0000000000000000,1,0
971,971,0,0000000000000000,00,00,0,0000000000000000,1,0
972,972,0,0000000000000000,00,00,0,0000000000000000,1,0
973,973,0,0000000000000000,00,00,0,0000000000000000,1,0
974,974,0,0000000000000000,00,00,0,0000000000000000,1,0
975,975,0,0000000000000000,00,00,0,0000000000000000,1,0
976,976,0,0000000000000000,00,00,0,0000000000000000,1,0
977,977,0,0000000000000000,00,00,0,0000000000000000,1,0
978,978,0,0000000000000000,00,00,0,0000000000000000,1,0
979,979,0,0000000000000000,00,00,0,0000000000000000,1,0
980,980,0,0000000000000000,00,00,0,0000000000000000,1,0
981,981,0,0000000000000000,00,00,0,0000000000000000,1,0
982,982,0,0000000000000000,00,00,0,0000000000000000,1,0
983,983,0,0000000000000000,00,00,0,0000000000000000,1,0
984,984,0,0000000000000000,00,00,0,0000000000000000,1,0
985,985,0,0000000000000000,00,00,0,0000000000000000,1,0
986,986,0,0000000000000000,00,00,0,0000000000000000,1,0
987,987,0,0000000000000000,00,00,0,0000000000000000,1,0
988,988,0,0000000000000000,00,00,0,0000000000000000,1,0
989,989,0,0000000000000000,00,00,0,0000000000000000,1,0
990,990,0,0000000000000000,00,00,0,0000000000000000,1,0
991,991,0,0000000000000000,00,00,0,0000000000000000,1,0
992,992,0,0000000000000000,00,00,0,0000000000000000,1,0
993,993,0,0000000000000000,00,00,0,0000000000000000,1,0
994,994,0,0000000000000000,00,00,0,0000000000000000,1,0
995,995,0,0000000000000000,00,00,0,0000000000000000,1,0
996,996,0,0000000000000000,00,00,0,0000000000000000,1,0
997,997,0,0000000000000000,00,00,0,0000000000000000,1,0
998,998,0,0000000000000000,00,00,0,0000000000000000,1,0
999,999,0,0000000000000000,00,00,0,0000000000000000,1,0
1000,1000,0,0000000000000000,00,00,0,0000000000000000,1,0
1001,1001,0,0000000000000000,00,00,0,0000000000000000,1,0
1002,1002,0,0000000000000000,00,00,0,0000000000000000,1,0
1003,1003,0,0000000000000000,00,00,0,0000000000000000,1,0
1004,1004,0,0000000000000000,00,00,0,0000000000000000,1,0
1005,1005,0,0000000000000000,00,00,0,0000000000000000,1,0
1006,1006,0,0000000000000000,00,00,0,0000000000000000,1,0
1007,1007,0,0000000000000000,00,00,0,0000000000000000,1,0
1008,1008,0,0000000000000000,00,00,0,0000000000000000,1,0
1009,1009,0,0000000000000000,00,00,0,0000000000000000,1,0
1010,1010,0,0000000000000000,00,00,0,0000000000000000,1,0
1011,1011,0,0000000000000000,00,00,0,0000000000000000,1,0
1012,1012,0,0000000000000000,00,00,0,0000000000000000,1,0
1013,1013,0,0000000000000000,00,00,0,0000000000000000,1,0
1014,1014,0,0000000000000000,00,00,0,0000000000000000,1,0
1015,1015,0,0000000000000000,00,00,0,0000000000000000,1,0
1016,1016,0,0000000000000000,00,00,0,0000000000000000,1,0
1017,1017,0,0000000000000000,00,00,0,0000000000000000,1,0
1018,1018,0,0000000000000000,00,00,0,0000000000000000,1,0
1019,1019,0,0000000000000000,00,00,0,0000000000000000,1,0
1020,1020,0,0000000000000000,00,00,0,0000000000000000,1,0
1021,1021,0,0000000000000000,00,00,0,0000000000000000,1,0
1022,1022,0,0000000000000000,00,00,0,0000000000000000,1,0
1023,1023,0,0000000000000000,00,00,0,0000000000000000,1,0
