Sample in Buffer,Sample in Window,TRIGGER,i_eci_platform/i_eci_transport/link1_eci[link_up],i_eci_platform/i_eci_transport/link1_eci[link_state][5:0],i_eci_platform/i_eci_transport/link1_eci[link_state_change],i_eci_platform/i_eci_transport/link1_eci[rx_block_valid],i_eci_platform/i_eci_transport/link1_eci[rx_has_data_payload],i_eci_platform/i_eci_transport/link1_eci[rx_has_data_payload_filtered],i_eci_platform/i_eci_transport/link1_eci[rx_block_header][39:0],i_eci_platform/i_eci_transport/link1_eci[rx_block_word1][63:0],i_eci_platform/i_eci_transport/link1_eci[rx_block_word2][63:0],i_eci_platform/i_eci_transport/link1_eci[rx_block_word3][63:0],i_eci_platform/i_eci_transport/link1_eci[rx_block_word4][63:0],i_eci_platform/i_eci_transport/link1_eci[rx_block_word5][63:0],i_eci_platform/i_eci_transport/link1_eci[rx_block_word6][63:0],i_eci_platform/i_eci_transport/link1_eci[rx_block_word7][63:0],i_eci_platform/i_eci_transport/link1_eci[rx_block_crc_match],i_eci_platform/i_eci_transport/link1_eci[tx_block_ready],i_eci_platform/i_eci_transport/link1_eci[tx_has_data_payload],i_eci_platform/i_eci_transport/link1_eci[tx_has_data_payload_filtered],i_eci_platform/i_eci_transport/link1_eci[tx_block_header][39:0],i_eci_platform/i_eci_transport/link1_eci[tx_block_word1][63:0],i_eci_platform/i_eci_transport/link1_eci[tx_block_word2][63:0],i_eci_platform/i_eci_transport/link1_eci[tx_block_word3][63:0],i_eci_platform/i_eci_transport/link1_eci[tx_block_word4][63:0],i_eci_platform/i_eci_transport/link1_eci[tx_block_word5][63:0],i_eci_platform/i_eci_transport/link1_eci[tx_block_word6][63:0],i_eci_platform/i_eci_transport/link1_eci[tx_block_word7][63:0],i_eci_platform/i_eci_transport/link2_eci[link_up],i_eci_platform/i_eci_transport/link2_eci[link_state][5:0],i_eci_platform/i_eci_transport/link2_eci[link_state_change],i_eci_platform/i_eci_transport/link2_eci[rx_block_valid],i_eci_platform/i_eci_transport/link2_eci[rx_has_data_payload],i_eci_platform/i_eci_transport/link2_eci[rx_has_data_payload_filtered],i_eci_platform/i_eci_transport/link2_eci[rx_block_header][39:0],i_eci_platform/i_eci_transport/link2_eci[rx_block_word1][63:0],i_eci_platform/i_eci_transport/link2_eci[rx_block_word2][63:0],i_eci_platform/i_eci_transport/link2_eci[rx_block_word3][63:0],i_eci_platform/i_eci_transport/link2_eci[rx_block_word4][63:0],i_eci_platform/i_eci_transport/link2_eci[rx_block_word5][63:0],i_eci_platform/i_eci_transport/link2_eci[rx_block_word6][63:0],i_eci_platform/i_eci_transport/link2_eci[rx_block_word7][63:0],i_eci_platform/i_eci_transport/link2_eci[rx_block_crc_match],i_eci_platform/i_eci_transport/link2_eci[tx_block_ready],i_eci_platform/i_eci_transport/link2_eci[tx_has_data_payload],i_eci_platform/i_eci_transport/link2_eci[tx_has_data_payload_filtered],i_eci_platform/i_eci_transport/link2_eci[tx_block_header][39:0],i_eci_platform/i_eci_transport/link2_eci[tx_block_word1][63:0],i_eci_platform/i_eci_transport/link2_eci[tx_block_word2][63:0],i_eci_platform/i_eci_transport/link2_eci[tx_block_word3][63:0],i_eci_platform/i_eci_transport/link2_eci[tx_block_word4][63:0],i_eci_platform/i_eci_transport/link2_eci[tx_block_word5][63:0],i_eci_platform/i_eci_transport/link2_eci[tx_block_word6][63:0],i_eci_platform/i_eci_transport/link2_eci[tx_block_word7][63:0]
Radix - UNSIGNED,UNSIGNED,UNSIGNED,HEX,HEX,HEX,HEX,HEX,HEX,HEX,HEX,HEX,HEX,HEX,HEX,HEX,HEX,HEX,HEX,HEX,HEX,HEX,HEX,HEX,HEX,HEX,HEX,HEX,HEX,HEX,HEX,HEX,HEX,HEX,HEX,HEX,HEX,HEX,HEX,HEX,HEX,HEX,HEX,HEX,HEX,HEX,HEX,HEX,HEX,HEX,HEX,HEX,HEX,HEX,HEX
0,0,0,1,"RUN",0,0,0,0,0000000000,0000000000000000,0000000000000000,0000000000000000,0000000000000000,0000000000000000,0000000000000000,0000000000000000,0,1,0,0,e00002e000,0000000000000000,0000000000000000,0000000000000000,0000000000000000,0000000000000000,0000000000000000,0000000000000000,1,"RUN",0,1,0,0,e000024000,0000000000000000,0000000000000000,0000000000000000,0000000000000000,0000000000000000,0000000000000000,0000000000000000,1,1,0,0,e000023000,0000000000000000,0000000000000000,0000000000000000,0000000000000000,0000000000000000,0000000000000000,0000000000000000
1,1,1,1,"RUN",0,1,0,0,e00002c000,0000000000000000,0000000000000000,0000000000000000,0000000000000000,0000000000000000,0000000000000000,0000000000000000,1,0,0,0,e00002e000,0000000000000000,0000000000000000,0000000000000000,0000000000000000,0000000000000000,0000000000000000,0000000000000000,1,"RUN",0,1,1,1,a00ffffffd,0000000000000000,0000000000000000,0000000000000000,0000000000000000,0000000000000000,0000000000000000,80055e6807f80010,1,0,0,0,e000023000,0000000000000000,0000000000000000,0000000000000000,0000000000000000,0000000000000000,0000000000000000,0000000000000000
2,2,0,1,"RUN",0,1,0,0,e00002c000,0000000000000000,0000000000000000,0000000000000000,0000000000000000,0000000000000000,0000000000000000,0000000000000000,1,1,0,0,e00002e000,0000000000000000,0000000000000000,0000000000000000,0000000000000000,0000000000000000,0000000000000000,0000000000000000,1,"RUN",0,0,0,0,0000000000,0000000000000000,0000000000000000,0000000000000000,0000000000000000,0000000000000000,0000000000000000,0000000000000000,0,1,0,0,e000023000,0000000000000000,0000000000000000,0000000000000000,0000000000000000,0000000000000000,0000000000000000,0000000000000000
3,3,0,1,"RUN",0,1,0,0,e00002c000,0000000000000000,0000000000000000,0000000000000000,0000000000000000,0000000000000000,0000000000000000,0000000000000000,1,1,0,0,e00002e000,0000000000000000,0000000000000000,0000000000000000,0000000000000000,0000000000000000,0000000000000000,0000000000000000,1,"RUN",0,1,0,0,e000024000,0000000000000000,0000000000000000,0000000000000000,0000000000000000,0000000000000000,0000000000000000,0000000000000000,1,1,0,0,e000023000,0000000000000000,0000000000000000,0000000000000000,0000000000000000,0000000000000000,0000000000000000,0000000000000000
4,0,0,1,"RUN",0,1,0,0,e00002c000,0000000000000000,0000000000000000,0000000000000000,0000000000000000,0000000000000000,0000000000000000,0000000000000000,1,0,0,0,e00002e000,0000000000000000,0000000000000000,0000000000000000,0000000000000000,0000000000000000,0000000000000000,0000000000000000,1,"RUN",0,1,0,0,e000025000,0000000000000000,0000000000000000,0000000000000000,0000000000000000,0000000000000000,0000000000000000,0000000000000000,1,0,0,0,e000024000,0000000000000000,0000000000000000,0000000000000000,0000000000000000,0000000000000000,0000000000000000,0000000000000000
5,1,1,1,"RUN",0,1,0,0,e00002c000,0000000000000000,0000000000000000,0000000000000000,0000000000000000,0000000000000000,0000000000000000,0000000000000000,1,1,0,0,e00002e000,0000000000000000,0000000000000000,0000000000000000,0000000000000000,0000000000000000,0000000000000000,0000000000000000,1,"RUN",0,1,1,1,a00ff0ffff,0000000000000000,0000000000000000,e0000fc02200004e,0000000000000000,0000000000000000,0000000000000000,0000000000000000,1,1,0,0,e000024000,0000000000000000,0000000000000000,0000000000000000,0000000000000000,0000000000000000,0000000000000000,0000000000000000
6,2,0,1,"RUN",0,1,0,0,e00002c000,0000000000000000,0000000000000000,0000000000000000,0000000000000000,0000000000000000,0000000000000000,0000000000000000,1,1,0,0,e00002e000,0000000000000000,0000000000000000,0000000000000000,0000000000000000,0000000000000000,0000000000000000,0000000000000000,1,"RUN",0,1,0,0,e000025000,0000000000000000,0000000000000000,0000000000000000,0000000000000000,0000000000000000,0000000000000000,0000000000000000,1,1,0,0,e000024000,0000000000000000,0000000000000000,0000000000000000,0000000000000000,0000000000000000,0000000000000000,0000000000000000
7,3,0,1,"RUN",0,0,0,0,0000000000,0000000000000000,0000000000000000,0000000000000000,0000000000000000,0000000000000000,0000000000000000,0000000000000000,0,1,0,0,e00002e000,0000000000000000,0000000000000000,0000000000000000,0000000000000000,0000000000000000,0000000000000000,0000000000000000,1,"RUN",0,0,0,0,0000000000,0000000000000000,0000000000000000,0000000000000000,0000000000000000,0000000000000000,0000000000000000,0000000000000000,0,1,0,0,e000024000,0000000000000000,0000000000000000,0000000000000000,0000000000000000,0000000000000000,0000000000000000,0000000000000000
8,0,0,1,"RUN",0,1,0,0,e00002c000,0000000000000000,0000000000000000,0000000000000000,0000000000000000,0000000000000000,0000000000000000,0000000000000000,1,1,0,0,e00002e000,0000000000000000,0000000000000000,0000000000000000,0000000000000000,0000000000000000,0000000000000000,0000000000000000,1,"RUN",0,1,0,0,e000027000,0000000000000000,0000000000000000,0000000000000000,0000000000000000,0000000000000000,0000000000000000,0000000000000000,1,1,0,0,e000025000,0000000000000000,0000000000000000,0000000000000000,0000000000000000,0000000000000000,0000000000000000,0000000000000000
9,1,1,1,"RUN",0,0,0,0,0000000000,0000000000000000,0000000000000000,0000000000000000,0000000000000000,0000000000000000,0000000000000000,0000000000000000,0,1,0,0,e00002e000,0000000000000000,0000000000000000,0000000000000000,0000000000000000,0000000000000000,0000000000000000,0000000000000000,1,"RUN",0,1,1,1,a00ff00fff,0000000000000000,0000000000000000,e8000fc02200004e,000000000000000c,0000000000000000,0000000000000000,0000000000000000,1,1,0,0,e000025000,0000000000000000,0000000000000000,0000000000000000,0000000000000000,0000000000000000,0000000000000000,0000000000000000
10,2,0,1,"RUN",0,1,0,0,e00002c000,0000000000000000,0000000000000000,0000000000000000,0000000000000000,0000000000000000,0000000000000000,0000000000000000,1,0,0,0,e00002e000,0000000000000000,0000000000000000,0000000000000000,0000000000000000,0000000000000000,0000000000000000,0000000000000000,1,"RUN",0,1,0,0,e000027000,0000000000000000,0000000000000000,0000000000000000,0000000000000000,0000000000000000,0000000000000000,0000000000000000,1,0,0,0,e000025000,0000000000000000,0000000000000000,0000000000000000,0000000000000000,0000000000000000,0000000000000000,0000000000000000
11,3,0,1,"RUN",0,1,0,0,e00002c000,0000000000000000,0000000000000000,0000000000000000,0000000000000000,0000000000000000,0000000000000000,0000000000000000,1,1,0,0,e00002e000,0000000000000000,0000000000000000,0000000000000000,0000000000000000,0000000000000000,0000000000000000,0000000000000000,1,"RUN",0,0,0,0,0000000000,0000000000000000,0000000000000000,0000000000000000,0000000000000000,0000000000000000,0000000000000000,0000000000000000,0,1,0,0,e000025000,0000000000000000,0000000000000000,0000000000000000,0000000000000000,0000000000000000,0000000000000000,0000000000000000
12,0,0,1,"RUN",0,1,0,0,e00002c000,0000000000000000,0000000000000000,0000000000000000,0000000000000000,0000000000000000,0000000000000000,0000000000000000,1,1,0,0,e00002e000,0000000000000000,0000000000000000,0000000000000000,0000000000000000,0000000000000000,0000000000000000,0000000000000000,1,"RUN",0,1,0,0,e000027000,0000000000000000,0000000000000000,0000000000000000,0000000000000000,0000000000000000,0000000000000000,0000000000000000,1,1,0,0,e000026000,0000000000000000,0000000000000000,0000000000000000,0000000000000000,0000000000000000,0000000000000000,0000000000000000
13,1,1,1,"RUN",0,1,0,0,e00002c000,0000000000000000,0000000000000000,0000000000000000,0000000000000000,0000000000000000,0000000000000000,0000000000000000,1,1,0,0,e00002e000,0000000000000000,0000000000000000,0000000000000000,0000000000000000,0000000000000000,0000000000000000,0000000000000000,1,"RUN",0,1,1,1,800ffffff0,0000000000000000,0000000000000000,0000000000000000,0000000000000000,0000000000000000,0000000000000000,e8000fc02202005e,1,1,0,0,e000026000,0000000000000000,0000000000000000,0000000000000000,0000000000000000,0000000000000000,0000000000000000,0000000000000000
14,2,0,1,"RUN",0,0,0,0,0000000000,0000000000000000,0000000000000000,0000000000000000,0000000000000000,0000000000000000,0000000000000000,0000000000000000,0,0,0,0,e00002e000,0000000000000000,0000000000000000,0000000000000000,0000000000000000,0000000000000000,0000000000000000,0000000000000000,1,"RUN",0,0,0,0,0000000000,0000abcd00020000,0000000000000000,0000000000000000,0000000000000000,0000000000000000,0000000000000000,0000000000000000,0,0,0,0,e000026000,0000000000000000,0000000000000000,0000000000000000,0000000000000000,0000000000000000,0000000000000000,0000000000000000
15,3,0,1,"RUN",0,1,0,0,e00002c000,0000000000000000,0000000000000000,0000000000000000,0000000000000000,0000000000000000,0000000000000000,0000000000000000,1,0,0,0,e00002e000,0000000000000000,0000000000000000,0000000000000000,0000000000000000,0000000000000000,0000000000000000,0000000000000000,1,"RUN",0,1,1,1,a000ffffff,0000abcd00020000,0000000000000000,0000000000000000,0000000000000000,0000000000000000,0000000000000000,0000000000000000,1,0,0,0,e000026000,0000000000000000,0000000000000000,0000000000000000,0000000000000000,0000000000000000,0000000000000000,0000000000000000
16,0,0,1,"RUN",0,1,0,0,e00002c000,0000000000000000,0000000000000000,0000000000000000,0000000000000000,0000000000000000,0000000000000000,0000000000000000,1,1,0,0,e00002e000,0000000000000000,0000000000000000,0000000000000000,0000000000000000,0000000000000000,0000000000000000,0000000000000000,1,"RUN",0,1,0,0,e000027000,0000000000000000,0000000000000000,0000000000000000,0000000000000000,0000000000000000,0000000000000000,0000000000000000,1,1,0,0,e000028000,0000000000000000,0000000000000000,0000000000000000,0000000000000000,0000000000000000,0000000000000000,0000000000000000
17,1,1,1,"RUN",0,1,0,0,e00002d000,0000000000000000,0000000000000000,0000000000000000,0000000000000000,0000000000000000,0000000000000000,0000000000000000,1,0,0,0,e00002e000,0000000000000000,0000000000000000,0000000000000000,0000000000000000,0000000000000000,0000000000000000,0000000000000000,1,"RUN",0,1,1,1,800ffffff0,0000000000000000,0000000000000000,0000000000000000,0000000000000000,0000000000000000,0000000000000000,e0000fc02200005e,1,0,0,0,e000028000,0000000000000000,0000000000000000,0000000000000000,0000000000000000,0000000000000000,0000000000000000,0000000000000000
18,2,0,1,"RUN",0,0,0,0,0000000000,0000000000000000,0000000000000000,0000000000000000,0000000000000000,0000000000000000,0000000000000000,0000000000000000,0,1,0,0,e00002e000,0000000000000000,0000000000000000,0000000000000000,0000000000000000,0000000000000000,0000000000000000,0000000000000000,1,"RUN",0,0,0,0,0000000000,0000000000000000,0000000000000000,0000000000000000,0000000000000000,0000000000000000,0000000000000000,0000000000000000,0,1,0,0,e000028000,0000000000000000,0000000000000000,0000000000000000,0000000000000000,0000000000000000,0000000000000000,0000000000000000
19,3,0,1,"RUN",0,1,0,0,e00002d000,0000000000000000,0000000000000000,0000000000000000,0000000000000000,0000000000000000,0000000000000000,0000000000000000,1,1,0,0,e00002e000,0000000000000000,0000000000000000,0000000000000000,0000000000000000,0000000000000000,0000000000000000,0000000000000000,1,"RUN",0,1,0,0,e000027000,0000000000000000,0000000000000000,0000000000000000,0000000000000000,0000000000000000,0000000000000000,0000000000000000,1,1,0,0,e000028000,0000000000000000,0000000000000000,0000000000000000,0000000000000000,0000000000000000,0000000000000000,0000000000000000
20,0,0,1,"RUN",0,0,0,0,0000000000,0000000000000000,0000000000000000,0000000000000000,0000000000000000,0000000000000000,0000000000000000,0000000000000000,0,1,0,0,e00002e000,0000000000000000,0000000000000000,0000000000000000,0000000000000000,0000000000000000,0000000000000000,0000000000000000,1,"RUN",0,0,0,0,0000000000,e8000fc02200005e,0000000000000006,0000000000000000,0000000000000000,0000000000000000,0000000000000000,0000000000000000,0,1,0,0,e000029000,0000000000000000,0000000000000000,0000000000000000,0000000000000000,0000000000000000,0000000000000000,0000000000000000
21,1,1,1,"RUN",0,1,0,0,e00002d000,0000000000000000,0000000000000000,0000000000000000,0000000000000000,0000000000000000,0000000000000000,0000000000000000,1,1,0,0,e00002e000,0000000000000000,0000000000000000,0000000000000000,0000000000000000,0000000000000000,0000000000000000,0000000000000000,1,"RUN",0,1,1,1,a0000fffff,e8000fc02200005e,0000000000000006,0000000000000000,0000000000000000,0000000000000000,0000000000000000,0000000000000000,1,1,0,0,e000029000,0000000000000000,0000000000000000,0000000000000000,0000000000000000,0000000000000000,0000000000000000,0000000000000000
22,2,0,1,"RUN",0,1,0,0,e00002d000,0000000000000000,0000000000000000,0000000000000000,0000000000000000,0000000000000000,0000000000000000,0000000000000000,1,1,0,0,e00002e000,0000000000000000,0000000000000000,0000000000000000,0000000000000000,0000000000000000,0000000000000000,0000000000000000,1,"RUN",0,1,0,0,e000029000,0000000000000000,0000000000000000,0000000000000000,0000000000000000,0000000000000000,0000000000000000,0000000000000000,1,1,0,0,e000029000,0000000000000000,0000000000000000,0000000000000000,0000000000000000,0000000000000000,0000000000000000,0000000000000000
23,3,0,1,"RUN",0,1,0,0,e00002d000,0000000000000000,0000000000000000,0000000000000000,0000000000000000,0000000000000000,0000000000000000,0000000000000000,1,0,0,0,e00002e000,0000000000000000,0000000000000000,0000000000000000,0000000000000000,0000000000000000,0000000000000000,0000000000000000,1,"RUN",0,1,0,0,e000029000,0000000000000000,0000000000000000,0000000000000000,0000000000000000,0000000000000000,0000000000000000,0000000000000000,1,0,0,0,e000029000,0000000000000000,0000000000000000,0000000000000000,0000000000000000,0000000000000000,0000000000000000,0000000000000000
24,0,0,1,"RUN",0,1,0,0,e00002d000,0000000000000000,0000000000000000,0000000000000000,0000000000000000,0000000000000000,0000000000000000,0000000000000000,1,1,0,0,e00002e000,0000000000000000,0000000000000000,0000000000000000,0000000000000000,0000000000000000,0000000000000000,0000000000000000,1,"RUN",0,1,0,0,e00002a000,0000000000000000,0000000000000000,0000000000000000,0000000000000000,0000000000000000,0000000000000000,0000000000000000,1,1,0,0,e00002a000,0000000000000000,0000000000000000,0000000000000000,0000000000000000,0000000000000000,0000000000000000,0000000000000000
25,1,1,1,"RUN",0,1,0,0,e00002d000,0000000000000000,0000000000000000,0000000000000000,0000000000000000,0000000000000000,0000000000000000,0000000000000000,1,1,0,0,e00002e000,0000000000000000,0000000000000000,0000000000000000,0000000000000000,0000000000000000,0000000000000000,0000000000000000,1,"RUN",0,1,1,1,800ff0ffff,0000000000000000,0000000000000000,e0000fc02200006e,0000000000000000,0000000000000000,0000000000000000,0000000000000000,1,1,0,0,e00002a000,0000000000000000,0000000000000000,0000000000000000,0000000000000000,0000000000000000,0000000000000000,0000000000000000
26,2,0,1,"RUN",0,0,0,0,e00002d000,0000000000000000,0000000000000000,0000000000000000,0000000000000000,0000000000000000,0000000000000000,0000000000000000,1,0,0,0,e00002e000,0000000000000000,0000000000000000,0000000000000000,0000000000000000,0000000000000000,0000000000000000,0000000000000000,1,"RUN",0,1,0,0,e00002a000,0000000000000000,0000000000000000,0000000000000000,0000000000000000,0000000000000000,0000000000000000,0000000000000000,1,0,0,0,e00002a000,0000000000000000,0000000000000000,0000000000000000,0000000000000000,0000000000000000,0000000000000000,0000000000000000
27,3,0,1,"RUN",0,0,0,0,e00002d000,0000000000000000,0000000000000000,0000000000000000,0000000000000000,0000000000000000,0000000000000000,0000000000000000,1,1,0,0,e00002e000,0000000000000000,0000000000000000,0000000000000000,0000000000000000,0000000000000000,0000000000000000,0000000000000000,1,"RUN",0,0,0,0,0000000000,0000000000000000,0000000000000000,0000000000000000,0000000000000000,0000000000000000,0000000000000000,0000000000000000,0,1,0,0,e00002a000,0000000000000000,0000000000000000,0000000000000000,0000000000000000,0000000000000000,0000000000000000,0000000000000000
28,0,0,1,"RUN",0,0,0,0,0000000000,0000000000000000,0000000000000000,0000000000000000,0000000000000000,0000000000000000,0000000000000000,0000000000000000,0,1,0,0,e00002e000,0000000000000000,0000000000000000,0000000000000000,0000000000000000,0000000000000000,0000000000000000,0000000000000000,1,"RUN",0,0,0,0,0000000000,e8000fc02200006e,000000000000000c,0000000000000000,0000000000000000,0000000000000000,0000000000000000,0000000000000000,0,1,0,0,e00002b000,0000000000000000,0000000000000000,0000000000000000,0000000000000000,0000000000000000,0000000000000000,0000000000000000
29,1,1,1,"RUN",0,1,0,0,e00002d000,0000000000000000,0000000000000000,0000000000000000,0000000000000000,0000000000000000,0000000000000000,0000000000000000,1,1,0,0,e00002e000,0000000000000000,0000000000000000,0000000000000000,0000000000000000,0000000000000000,0000000000000000,0000000000000000,1,"RUN",0,1,1,1,a0000fffff,e8000fc02200006e,000000000000000c,0000000000000000,0000000000000000,0000000000000000,0000000000000000,0000000000000000,1,1,0,0,e00002b000,0000000000000000,0000000000000000,0000000000000000,0000000000000000,0000000000000000,0000000000000000,0000000000000000
30,2,0,1,"RUN",0,1,0,0,e00002d000,0000000000000000,0000000000000000,0000000000000000,0000000000000000,0000000000000000,0000000000000000,0000000000000000,1,1,0,0,e00002e000,0000000000000000,0000000000000000,0000000000000000,0000000000000000,0000000000000000,0000000000000000,0000000000000000,1,"RUN",0,1,0,0,e00002c000,0000000000000000,0000000000000000,0000000000000000,0000000000000000,0000000000000000,0000000000000000,0000000000000000,1,1,0,0,e00002b000,0000000000000000,0000000000000000,0000000000000000,0000000000000000,0000000000000000,0000000000000000,0000000000000000
31,3,0,1,"RUN",0,1,0,0,e00002d000,0000000000000000,0000000000000000,0000000000000000,0000000000000000,0000000000000000,0000000000000000,0000000000000000,1,0,0,0,e00002e000,0000000000000000,0000000000000000,0000000000000000,0000000000000000,0000000000000000,0000000000000000,0000000000000000,1,"RUN",0,1,0,0,e00002c000,0000000000000000,0000000000000000,0000000000000000,0000000000000000,0000000000000000,0000000000000000,0000000000000000,1,0,0,0,e00002b000,0000000000000000,0000000000000000,0000000000000000,0000000000000000,0000000000000000,0000000000000000,0000000000000000
32,0,0,1,"RUN",0,1,0,0,e00002d000,0000000000000000,0000000000000000,0000000000000000,0000000000000000,0000000000000000,0000000000000000,0000000000000000,1,1,0,0,e00002e000,0000000000000000,0000000000000000,0000000000000000,0000000000000000,0000000000000000,0000000000000000,0000000000000000,1,"RUN",0,1,0,0,e00002c000,0000000000000000,0000000000000000,0000000000000000,0000000000000000,0000000000000000,0000000000000000,0000000000000000,1,1,0,0,e00002c000,0000000000000000,0000000000000000,0000000000000000,0000000000000000,0000000000000000,0000000000000000,0000000000000000
33,1,1,1,"RUN",0,0,0,0,0000000000,0000000000000000,0000000000000000,0000000000000000,0000000000000000,0000000000000000,0000000000000000,0000000000000000,0,1,0,0,e00002e000,0000000000000000,0000000000000000,0000000000000000,0000000000000000,0000000000000000,0000000000000000,0000000000000000,1,"RUN",0,1,1,1,800ff00fff,0000000000000000,0000000000000000,e8000fc02202805e,0000abcd00020002,0000000000000000,0000000000000000,0000000000000000,1,1,0,0,e00002c000,0000000000000000,0000000000000000,0000000000000000,0000000000000000,0000000000000000,0000000000000000,0000000000000000
34,2,0,1,"RUN",0,1,0,0,e00002d000,0000000000000000,0000000000000000,0000000000000000,0000000000000000,0000000000000000,0000000000000000,0000000000000000,1,0,0,0,e00002e000,0000000000000000,0000000000000000,0000000000000000,0000000000000000,0000000000000000,0000000000000000,0000000000000000,1,"RUN",0,1,0,0,e00002c000,0000000000000000,0000000000000000,0000000000000000,0000000000000000,0000000000000000,0000000000000000,0000000000000000,1,0,0,0,e00002c000,0000000000000000,0000000000000000,0000000000000000,0000000000000000,0000000000000000,0000000000000000,0000000000000000
35,3,0,1,"RUN",0,1,0,0,e00002d000,0000000000000000,0000000000000000,0000000000000000,0000000000000000,0000000000000000,0000000000000000,0000000000000000,1,1,0,0,e00002e000,0000000000000000,0000000000000000,0000000000000000,0000000000000000,0000000000000000,0000000000000000,0000000000000000,1,"RUN",0,0,0,0,0000000000,0000000000000000,0000000000000000,0000000000000000,0000000000000000,0000000000000000,0000000000000000,0000000000000000,0,1,0,0,e00002c000,0000000000000000,0000000000000000,0000000000000000,0000000000000000,0000000000000000,0000000000000000,0000000000000000
36,0,0,1,"RUN",0,1,0,0,e000035000,0000000000000000,0000000000000000,0000000000000000,0000000000000000,0000000000000000,0000000000000000,0000000000000000,1,0,0,0,e000033000,0000000000000000,0000000000000000,0000000000000000,0000000000000000,0000000000000000,0000000000000000,0000000000000000,1,"RUN",0,1,0,0,e00002d000,0000000000000000,0000000000000000,0000000000000000,0000000000000000,0000000000000000,0000000000000000,0000000000000000,1,0,0,0,e00002d000,0000000000000000,0000000000000000,0000000000000000,0000000000000000,0000000000000000,0000000000000000,0000000000000000
37,1,1,1,"RUN",0,1,0,0,e000035000,0000000000000000,0000000000000000,0000000000000000,0000000000000000,0000000000000000,0000000000000000,0000000000000000,1,1,0,0,e000033000,0000000000000000,0000000000000000,0000000000000000,0000000000000000,0000000000000000,0000000000000000,0000000000000000,1,"RUN",0,1,1,1,a00ff0ffff,0000000000000000,0000000000000000,e0000fc02203005e,0000000000000000,0000000000000000,0000000000000000,0000000000000000,1,1,0,0,e00002d000,0000000000000000,0000000000000000,0000000000000000,0000000000000000,0000000000000000,0000000000000000,0000000000000000
38,2,0,1,"RUN",0,1,0,0,e000035000,0000000000000000,0000000000000000,0000000000000000,0000000000000000,0000000000000000,0000000000000000,0000000000000000,1,0,0,0,e000033000,0000000000000000,0000000000000000,0000000000000000,0000000000000000,0000000000000000,0000000000000000,0000000000000000,1,"RUN",0,1,0,0,e00002d000,0000000000000000,0000000000000000,0000000000000000,0000000000000000,0000000000000000,0000000000000000,0000000000000000,1,0,0,0,e00002d000,0000000000000000,0000000000000000,0000000000000000,0000000000000000,0000000000000000,0000000000000000,0000000000000000
39,3,0,1,"RUN",0,0,0,0,0000000000,0000000000000000,0000000000000000,0000000000000000,0000000000000000,0000000000000000,0000000000000000,0000000000000000,0,1,0,0,e000033000,0000000000000000,0000000000000000,0000000000000000,0000000000000000,0000000000000000,0000000000000000,0000000000000000,1,"RUN",0,0,0,0,0000000000,0000000000000000,0000000000000000,0000000000000000,0000000000000000,0000000000000000,0000000000000000,0000000000000000,0,1,0,0,e00002d000,0000000000000000,0000000000000000,0000000000000000,0000000000000000,0000000000000000,0000000000000000,0000000000000000
40,0,0,1,"RUN",0,0,0,0,0000000000,0000000000000000,0000000000000000,0000000000000000,0000000000000000,0000000000000000,0000000000000000,0000000000000000,0,1,0,0,e000033000,0000000000000000,0000000000000000,0000000000000000,0000000000000000,0000000000000000,0000000000000000,0000000000000000,1,"RUN",0,1,0,0,e00002f000,0000000000000000,0000000000000000,0000000000000000,0000000000000000,0000000000000000,0000000000000000,0000000000000000,1,1,0,0,e00002f000,0000000000000000,0000000000000000,0000000000000000,0000000000000000,0000000000000000,0000000000000000,0000000000000000
41,1,1,1,"RUN",0,1,0,0,e000035000,0000000000000000,0000000000000000,0000000000000000,0000000000000000,0000000000000000,0000000000000000,0000000000000000,1,0,0,0,e000033000,0000000000000000,0000000000000000,0000000000000000,0000000000000000,0000000000000000,0000000000000000,0000000000000000,1,"RUN",0,1,1,1,a00ffff0ff,0000000000000000,0000000000000000,0000000000000000,0000000000000000,e0000fc02203405e,0000000000000000,0000000000000000,1,0,0,0,e00002f000,0000000000000000,0000000000000000,0000000000000000,0000000000000000,0000000000000000,0000000000000000,0000000000000000
42,2,0,1,"RUN",0,1,0,0,e000035000,0000000000000000,0000000000000000,0000000000000000,0000000000000000,0000000000000000,0000000000000000,0000000000000000,1,1,0,0,e000033000,0000000000000000,0000000000000000,0000000000000000,0000000000000000,0000000000000000,0000000000000000,0000000000000000,1,"RUN",0,0,0,0,0000000000,0000000000000000,0000000000000000,0000000000000000,0000000000000000,0000000000000000,0000000000000000,0000000000000000,0,1,0,0,e00002f000,0000000000000000,0000000000000000,0000000000000000,0000000000000000,0000000000000000,0000000000000000,0000000000000000
43,3,0,1,"RUN",0,1,0,0,e000035000,0000000000000000,0000000000000000,0000000000000000,0000000000000000,0000000000000000,0000000000000000,0000000000000000,1,1,0,0,e000033000,0000000000000000,0000000000000000,0000000000000000,0000000000000000,0000000000000000,0000000000000000,0000000000000000,1,"RUN",0,0,0,0,e00002f000,0000000000000000,0000000000000000,0000000000000000,0000000000000000,0000000000000000,0000000000000000,0000000000000000,1,1,0,0,e00002f000,0000000000000000,0000000000000000,0000000000000000,0000000000000000,0000000000000000,0000000000000000,0000000000000000
44,0,0,1,"RUN",0,1,0,0,e000035000,0000000000000000,0000000000000000,0000000000000000,0000000000000000,0000000000000000,0000000000000000,0000000000000000,1,1,0,0,e000033000,0000000000000000,0000000000000000,0000000000000000,0000000000000000,0000000000000000,0000000000000000,0000000000000000,1,"RUN",0,1,0,0,e000031000,0000000000000000,0000000000000000,0000000000000000,0000000000000000,0000000000000000,0000000000000000,0000000000000000,1,1,0,0,e000030000,0000000000000000,0000000000000000,0000000000000000,0000000000000000,0000000000000000,0000000000000000,0000000000000000
45,1,1,1,"RUN",0,0,0,0,e000035000,0000000000000000,0000000000000000,0000000000000000,0000000000000000,0000000000000000,0000000000000000,0000000000000000,1,0,0,0,e000033000,0000000000000000,0000000000000000,0000000000000000,0000000000000000,0000000000000000,0000000000000000,0000000000000000,1,"RUN",0,1,1,1,800ffff0ff,0000000000000000,0000000000000000,0000000000000000,0000000000000000,e0000fc02203805e,0000000000000000,0000000000000000,1,0,0,0,e000030000,0000000000000000,0000000000000000,0000000000000000,0000000000000000,0000000000000000,0000000000000000,0000000000000000
46,2,0,1,"RUN",0,0,0,0,e000035000,0000000000000000,0000000000000000,0000000000000000,0000000000000000,0000000000000000,0000000000000000,0000000000000000,1,1,0,0,e000033000,0000000000000000,0000000000000000,0000000000000000,0000000000000000,0000000000000000,0000000000000000,0000000000000000,1,"RUN",0,0,0,0,0000000000,0000000000000000,0000000000000000,0000000000000000,0000000000000000,0000000000000000,0000000000000000,0000000000000000,0,1,0,0,e000030000,0000000000000000,0000000000000000,0000000000000000,0000000000000000,0000000000000000,0000000000000000,0000000000000000
47,3,0,1,"RUN",0,1,0,0,e000035000,0000000000000000,0000000000000000,0000000000000000,0000000000000000,0000000000000000,0000000000000000,0000000000000000,1,1,0,0,e000033000,0000000000000000,0000000000000000,0000000000000000,0000000000000000,0000000000000000,0000000000000000,0000000000000000,1,"RUN",0,1,0,0,e000031000,0000000000000000,0000000000000000,0000000000000000,0000000000000000,0000000000000000,0000000000000000,0000000000000000,1,1,0,0,e000030000,0000000000000000,0000000000000000,0000000000000000,0000000000000000,0000000000000000,0000000000000000,0000000000000000
48,0,0,1,"RUN",0,1,0,0,e000035000,0000000000000000,0000000000000000,0000000000000000,0000000000000000,0000000000000000,0000000000000000,0000000000000000,1,1,0,0,e000033000,0000000000000000,0000000000000000,0000000000000000,0000000000000000,0000000000000000,0000000000000000,0000000000000000,1,"RUN",0,1,0,0,e000033000,0000000000000000,0000000000000000,0000000000000000,0000000000000000,0000000000000000,0000000000000000,0000000000000000,1,1,0,0,e000031000,0000000000000000,0000000000000000,0000000000000000,0000000000000000,0000000000000000,0000000000000000,0000000000000000
49,1,1,1,"RUN",0,1,0,0,e000035000,0000000000000000,0000000000000000,0000000000000000,0000000000000000,0000000000000000,0000000000000000,0000000000000000,1,0,0,0,e000033000,0000000000000000,0000000000000000,0000000000000000,0000000000000000,0000000000000000,0000000000000000,0000000000000000,1,"RUN",0,1,1,1,800ffffff0,0000000000000000,0000000000000000,0000000000000000,0000000000000000,0000000000000000,0000000000000000,e0000fc02200000e,1,0,0,0,e000031000,0000000000000000,0000000000000000,0000000000000000,0000000000000000,0000000000000000,0000000000000000,0000000000000000
50,2,0,1,"RUN",0,0,0,0,0000000000,0000000000000000,0000000000000000,0000000000000000,0000000000000000,0000000000000000,0000000000000000,0000000000000000,0,1,0,0,e000033000,0000000000000000,0000000000000000,0000000000000000,0000000000000000,0000000000000000,0000000000000000,0000000000000000,1,"RUN",0,0,0,0,0000000000,0000000000000000,0000000000000000,0000000000000000,0000000000000000,0000000000000000,0000000000000000,0000000000000000,0,1,0,0,e000031000,0000000000000000,0000000000000000,0000000000000000,0000000000000000,0000000000000000,0000000000000000,0000000000000000
51,3,0,1,"RUN",0,1,0,0,e000035000,0000000000000000,0000000000000000,0000000000000000,0000000000000000,0000000000000000,0000000000000000,0000000000000000,1,1,0,0,e000033000,0000000000000000,0000000000000000,0000000000000000,0000000000000000,0000000000000000,0000000000000000,0000000000000000,1,"RUN",0,1,0,0,e000033000,0000000000000000,0000000000000000,0000000000000000,0000000000000000,0000000000000000,0000000000000000,0000000000000000,1,1,0,0,e000031000,0000000000000000,0000000000000000,0000000000000000,0000000000000000,0000000000000000,0000000000000000,0000000000000000
52,0,0,1,"RUN",0,0,0,0,0000000000,0000000000000000,0000000000000000,0000000000000000,0000000000000000,0000000000000000,0000000000000000,0000000000000000,0,1,0,0,e00003c000,0000000000000000,0000000000000000,0000000000000000,0000000000000000,0000000000000000,0000000000000000,0000000000000000,1,"RUN",0,0,0,0,0000000000,0000000000000000,0000000000000000,0000000000000000,0000000000000000,3004200000008080,0000000000000000,0000000000000000,0,1,0,0,e000032000,0000000000000000,0000000000000000,0000000000000000,0000000000000000,0000000000000000,0000000000000000,0000000000000000
53,1,1,1,"RUN",0,1,0,0,e00003a000,0000000000000000,0000000000000000,0000000000000000,0000000000000000,0000000000000000,0000000000000000,0000000000000000,1,0,0,0,e00003c000,0000000000000000,0000000000000000,0000000000000000,0000000000000000,0000000000000000,0000000000000000,0000000000000000,1,"RUN",0,1,1,1,a00ffffaff,0000000000000000,0000000000000000,0000000000000000,0000000000000000,3004200000008080,0000000000000000,0000000000000000,1,0,0,0,e000032000,0000000000000000,0000000000000000,0000000000000000,0000000000000000,0000000000000000,0000000000000000,0000000000000000
54,2,0,1,"RUN",0,1,0,0,e00003a000,0000000000000000,0000000000000000,0000000000000000,0000000000000000,0000000000000000,0000000000000000,0000000000000000,1,1,0,0,e00003c000,0000000000000000,0000000000000000,0000000000000000,0000000000000000,0000000000000000,0000000000000000,0000000000000000,1,"RUN",0,1,0,0,e000035000,0000000000000000,0000000000000000,0000000000000000,0000000000000000,0000000000000000,0000000000000000,0000000000000000,1,1,0,0,e000032000,0000000000000000,0000000000000000,0000000000000000,0000000000000000,0000000000000000,0000000000000000,0000000000000000
55,3,0,1,"RUN",0,1,0,0,e00003a000,0000000000000000,0000000000000000,0000000000000000,0000000000000000,0000000000000000,0000000000000000,0000000000000000,1,1,0,0,e00003c000,0000000000000000,0000000000000000,0000000000000000,0000000000000000,0000000000000000,0000000000000000,0000000000000000,1,"RUN",0,1,0,0,e000035000,0000000000000000,0000000000000000,0000000000000000,0000000000000000,0000000000000000,0000000000000000,0000000000000000,1,1,0,0,e000032000,0000000000000000,0000000000000000,0000000000000000,0000000000000000,0000000000000000,0000000000000000,0000000000000000
56,0,0,1,"RUN",0,0,0,0,0000000000,0000000000000000,0000000000000000,0000000000000000,0000000000000000,0000000000000000,0000000000000000,0000000000000000,0,1,0,0,e0000a0000,0000000000000000,0000000000000000,0000000000000000,0000000000000000,0000000000000000,0000000000000000,0000000000000000,1,"RUN",0,1,0,0,e0000e1000,0000000000000000,0000000000000000,0000000000000000,0000000000000000,0000000000000000,0000000000000000,0000000000000000,1,1,0,0,e0000e4000,0000000000000000,0000000000000000,0000000000000000,0000000000000000,0000000000000000,0000000000000000,0000000000000000
57,1,1,1,"RUN",0,1,0,0,e00005c000,0000000000000000,0000000000000000,0000000000000000,0000000000000000,0000000000000000,0000000000000000,0000000000000000,1,0,0,0,e0000a0000,0000000000000000,0000000000000000,0000000000000000,0000000000000000,0000000000000000,0000000000000000,0000000000000000,1,"RUN",0,1,1,1,800ffff7ff,0000000000000000,0000000000000000,0000000000000000,0000000000000000,0007e00000000000,0000000000000000,0000000000000000,1,0,0,0,e0000e4000,0000000000000000,0000000000000000,0000000000000000,0000000000000000,0000000000000000,0000000000000000,0000000000000000
58,2,0,1,"RUN",0,1,0,0,e00005c000,0000000000000000,0000000000000000,0000000000000000,0000000000000000,0000000000000000,0000000000000000,0000000000000000,1,1,0,0,e0000a0000,0000000000000000,0000000000000000,0000000000000000,0000000000000000,0000000000000000,0000000000000000,0000000000000000,1,"RUN",0,0,0,0,0000000000,0000000000000000,0000000000000000,0000000000000000,0000000000000000,0000000000000000,0000000000000000,0000000000000000,0,1,0,0,e0000e4000,0000000000000000,0000000000000000,0000000000000000,0000000000000000,0000000000000000,0000000000000000,0000000000000000
59,3,0,1,"RUN",0,1,0,0,e00005c000,0000000000000000,0000000000000000,0000000000000000,0000000000000000,0000000000000000,0000000000000000,0000000000000000,1,1,0,0,e0000a0000,0000000000000000,0000000000000000,0000000000000000,0000000000000000,0000000000000000,0000000000000000,0000000000000000,1,"RUN",0,1,0,0,e0000e1000,0000000000000000,0000000000000000,0000000000000000,0000000000000000,0000000000000000,0000000000000000,0000000000000000,1,1,0,0,e0000e4000,0000000000000000,0000000000000000,0000000000000000,0000000000000000,0000000000000000,0000000000000000,0000000000000000
60,0,0,1,"RUN",0,1,0,0,e00005f000,0000000000000000,0000000000000000,0000000000000000,0000000000000000,0000000000000000,0000000000000000,0000000000000000,1,1,0,0,e0000a2000,0000000000000000,0000000000000000,0000000000000000,0000000000000000,0000000000000000,0000000000000000,0000000000000000,1,"RUN",0,0,0,0,800ffff7ff,0000000000000000,0000000000000000,0000000000000000,0000000000000000,0007f00000000100,0000000000000000,0000000000000000,1,1,0,0,e0000e5000,0000000000000000,0000000000000000,0000000000000000,0000000000000000,0000000000000000,0000000000000000,0000000000000000
61,1,1,1,"RUN",0,1,0,0,e00005f000,0000000000000000,0000000000000000,0000000000000000,0000000000000000,0000000000000000,0000000000000000,0000000000000000,1,1,0,0,e0000a2000,0000000000000000,0000000000000000,0000000000000000,0000000000000000,0000000000000000,0000000000000000,0000000000000000,1,"RUN",0,1,1,1,800ffff7ff,0000000000000000,0000000000000000,0000000000000000,0000000000000000,0007f00000000100,0000000000000000,0000000000000000,1,1,0,0,e0000e5000,0000000000000000,0000000000000000,0000000000000000,0000000000000000,0000000000000000,0000000000000000,0000000000000000
62,2,0,1,"RUN",0,0,0,0,0000000000,0000000000000000,0000000000000000,0000000000000000,0000000000000000,0000000000000000,0000000000000000,0000000000000000,0,1,0,0,e0000a2000,0000000000000000,0000000000000000,0000000000000000,0000000000000000,0000000000000000,0000000000000000,0000000000000000,1,"RUN",0,0,0,0,0000000000,0000000000000000,0000000000000000,0000000000000000,0000000000000000,0000000000000000,0000000000000000,0000000000000000,0,1,0,0,e0000e5000,0000000000000000,0000000000000000,0000000000000000,0000000000000000,0000000000000000,0000000000000000,0000000000000000
63,3,0,1,"RUN",0,1,0,0,e00005f000,0000000000000000,0000000000000000,0000000000000000,0000000000000000,0000000000000000,0000000000000000,0000000000000000,1,0,0,0,e0000a2000,0000000000000000,0000000000000000,0000000000000000,0000000000000000,0000000000000000,0000000000000000,0000000000000000,1,"RUN",0,1,0,0,e0000e1000,0000000000000000,0000000000000000,0000000000000000,0000000000000000,0000000000000000,0000000000000000,0000000000000000,1,0,0,0,e0000e5000,0000000000000000,0000000000000000,0000000000000000,0000000000000000,0000000000000000,0000000000000000,0000000000000000
64,0,0,1,"RUN",0,1,0,0,e000062000,0000000000000000,0000000000000000,0000000000000000,0000000000000000,0000000000000000,0000000000000000,0000000000000000,1,1,0,0,e0000a4000,0000000000000000,0000000000000000,0000000000000000,0000000000000000,0000000000000000,0000000000000000,0000000000000000,1,"RUN",0,1,0,0,e0000e1000,0000000000000000,0000000000000000,0000000000000000,0000000000000000,0000000000000000,0000000000000000,0000000000000000,1,1,0,0,e0000e6000,0000000000000000,0000000000000000,0000000000000000,0000000000000000,0000000000000000,0000000000000000,0000000000000000
65,1,1,1,"RUN",0,0,0,0,0000000000,0000000000000000,0000000000000000,0000000000000000,0000000000000000,0000000000000000,0000000000000000,0000000000000000,0,1,0,0,e0000a4000,0000000000000000,0000000000000000,0000000000000000,0000000000000000,0000000000000000,0000000000000000,0000000000000000,1,"RUN",0,1,1,1,a006ffffff,0007e00000000080,0000000000000000,0000000000000000,0000000000000000,0000000000000000,0000000000000000,0000000000000000,1,1,0,0,e0000e6000,0000000000000000,0000000000000000,0000000000000000,0000000000000000,0000000000000000,0000000000000000,0000000000000000
66,2,0,1,"RUN",0,1,0,0,e000062000,0000000000000000,0000000000000000,0000000000000000,0000000000000000,0000000000000000,0000000000000000,0000000000000000,1,0,0,0,e0000a4000,0000000000000000,0000000000000000,0000000000000000,0000000000000000,0000000000000000,0000000000000000,0000000000000000,1,"RUN",0,1,0,0,e0000e1000,0000000000000000,0000000000000000,0000000000000000,0000000000000000,0000000000000000,0000000000000000,0000000000000000,1,0,0,0,e0000e6000,0000000000000000,0000000000000000,0000000000000000,0000000000000000,0000000000000000,0000000000000000,0000000000000000
67,3,0,1,"RUN",0,1,0,0,e000062000,0000000000000000,0000000000000000,0000000000000000,0000000000000000,0000000000000000,0000000000000000,0000000000000000,1,1,0,0,e0000a4000,0000000000000000,0000000000000000,0000000000000000,0000000000000000,0000000000000000,0000000000000000,0000000000000000,1,"RUN",0,0,0,0,0000000000,0000000000000000,0000000000000000,0000000000000000,0000000000000000,0000000000000000,0000000000000000,0000000000000000,0,1,0,0,e0000e6000,0000000000000000,0000000000000000,0000000000000000,0000000000000000,0000000000000000,0000000000000000,0000000000000000
