index,raw,opcode,message,timestamp,aliased_addr,cycles,dirty,dmask,fillo,hreq_id,ns,nxm,rnode,rreq_id,src,unaliased_addr,vc,xb1,xb10,xb1_2,xb2,xb3,xb4,xb5
51,0x2844300000008400,5,ECI_CMD_MREQ_RLDX,544971632.280000,8400,108994326456,,0,,,1,,,17,0,8400,7,,,,0,4,0,
52,0x2840300000008500,5,ECI_CMD_MREQ_RLDX,544971632.295000,8500,108994326459,,0,,,1,,,16,0,8500,7,,,,0,4,0,
53,0x2840300000008600,5,ECI_CMD_MREQ_RLDX,544971632.310000,8600,108994326462,,0,,,1,,,16,0,8600,7,,,,0,4,0,
54,0x5003c00000008100,10,ECI_CMD_MRSP_PEMD,544971633.085000,8100,108994326617,0,15,0,,,0,,0,4,8100,5,0,,0,,0,,0
55,0x5007c00000008200,10,ECI_CMD_MRSP_PEMD,544971633.265000,8200,108994326653,0,15,0,,,0,,1,4,8200,5,0,,0,,0,,0
56,0x5007c00000008300,10,ECI_CMD_MRSP_PEMD,544971633.440000,8300,108994326688,0,15,0,,,0,,1,4,8300,5,0,,0,,0,,0
57,0x0007e00000008100,0,ECI_CMD_MRSP_VICD,544971633.480000,8100,108994326696,,15,,,1,,,,2,8100,5,,1,,,,,0
58,0x5047c00000008400,10,ECI_CMD_MRSP_PEMD,544971633.620000,8400,108994326724,0,15,0,,,0,,17,4,8400,5,0,,0,,0,,0
59,0x0007e00000008200,0,ECI_CMD_MRSP_VICD,544971633.650000,8200,108994326730,,15,,,1,,,,2,8200,5,,1,,,,,0
60,0x5043c00000008500,10,ECI_CMD_MRSP_PEMD,544971633.795000,8500,108994326759,0,15,0,,,0,,16,4,8500,5,0,,0,,0,,0
61,0x0007e00000008300,0,ECI_CMD_MRSP_VICD,544971633.835000,8300,108994326767,,15,,,1,,,,2,8300,5,,1,,,,,0
62,0x5043c00000008600,10,ECI_CMD_MRSP_PEMD,544971633.975000,8600,108994326795,0,15,0,,,0,,16,4,8600,5,0,,0,,0,,0
63,0x0007e00000008400,0,ECI_CMD_MRSP_VICD,544971634.010000,8400,108994326802,,15,,,1,,,,2,8400,5,,1,,,,,0
64,0x0007e00000008500,0,ECI_CMD_MRSP_VICD,544971634.190000,8500,108994326838,,15,,,1,,,,2,8500,5,,1,,,,,0
65,0x0007e00000008600,0,ECI_CMD_MRSP_VICD,544971634.365000,8600,108994326873,,15,,,1,,,,2,8600,5,,1,,,,,0
66,0x0007e00000008000,0,ECI_CMD_MREQ_RLDD,544971634.455000,8000,108994326891,,15,,,1,,,1,0,8000,7,,,,0,0,0,
67,0x4807c00000008000,9,ECI_CMD_MRSP_PSHA,544971637.395000,8000,108994327479,0,15,0,,,0,,1,4,8000,5,0,,0,,0,,0
68,0x3803e00000008000,7,ECI_CMD_MREQ_RC2D_S,544971640.610000,8000,108994328122,,15,,,1,,,0,0,8000,7,,,,0,0,0,
69,0x2804300000008100,5,ECI_CMD_MREQ_RLDX,544971640.710000,8100,108994328142,,0,,,1,,,1,0,8100,7,,,,0,4,0,
70,0x2804300000008200,5,ECI_CMD_MREQ_RLDX,544971640.725000,8200,108994328145,,0,,,1,,,1,0,8200,7,,,,0,4,0,
71,0x2800300000008300,5,ECI_CMD_MREQ_RLDX,544971640.740000,8300,108994328148,,0,,,1,,,0,0,8300,7,,,,0,4,0,
72,0x2840300000008400,5,ECI_CMD_MREQ_RLDX,544971640.755000,8400,108994328151,,0,,,1,,,16,0,8400,7,,,,0,4,0,
73,0x2840300000008500,5,ECI_CMD_MREQ_RLDX,544971640.770000,8500,108994328154,,0,,,1,,,16,0,8500,7,,,,0,4,0,
74,0x2840300000008600,5,ECI_CMD_MREQ_RLDX,544971640.785000,8600,108994328157,,0,,,1,,,16,0,8600,7,,,,0,4,0,
75,0x5000000000008000,10,ECI_CMD_MRSP_PEMD,544971641.000000,8000,108994328200,0,0,0,,,0,,0,3,8000,11,0,,0,,0,,0
76,0x5007c00000008100,10,ECI_CMD_MRSP_PEMD,544971641.555000,8100,108994328311,0,15,0,,,0,,1,4,8100,5,0,,0,,0,,0
77,0x5007c00000008200,10,ECI_CMD_MRSP_PEMD,544971641.730000,8200,108994328346,0,15,0,,,0,,1,4,8200,5,0,,0,,0,,0
78,0x5003c00000008300,10,ECI_CMD_MRSP_PEMD,544971641.910000,8300,108994328382,0,15,0,,,0,,0,4,8300,5,0,,0,,0,,0
79,0x0007e00000008100,0,ECI_CMD_MRSP_VICD,544971641.945000,8100,108994328389,,15,,,1,,,,2,8100,5,,1,,,,,0
80,0x5043c00000008400,10,ECI_CMD_MRSP_PEMD,544971642.085000,8400,108994328417,0,15,0,,,0,,16,4,8400,5,0,,0,,0,,0
81,0x0007e00000008200,0,ECI_CMD_MRSP_VICD,544971642.120000,8200,108994328424,,15,,,1,,,,2,8200,5,,1,,,,,0
82,0x5043c00000008500,10,ECI_CMD_MRSP_PEMD,544971642.265000,8500,108994328453,0,15,0,,,0,,16,4,8500,5,0,,0,,0,,0
83,0x0007e00000008300,0,ECI_CMD_MRSP_VICD,544971642.300000,8300,108994328460,,15,,,1,,,,2,8300,5,,1,,,,,0
84,0x5043c00000008600,10,ECI_CMD_MRSP_PEMD,544971642.440000,8600,108994328488,0,15,0,,,0,,16,4,8600,5,0,,0,,0,,0
85,0x0007e00000008400,0,ECI_CMD_MRSP_VICD,544971642.475000,8400,108994328495,,15,,,1,,,,2,8400,5,,1,,,,,0
86,0x0007e00000008500,0,ECI_CMD_MRSP_VICD,544971642.655000,8500,108994328531,,15,,,1,,,,2,8500,5,,1,,,,,0
87,0x0007e00000008600,0,ECI_CMD_MRSP_VICD,544971642.830000,8600,108994328566,,15,,,1,,,,2,8600,5,,1,,,,,0
88,0x5803e40000008000,11,ECI_CMD_MFWD_FEVX_EH,544971643.740000,8000,108994328748,,15,,0,1,,1,,5,8000,9,0,,,0,0,,
89,0x1803e00000008000,3,ECI_CMD_MRSP_VICDHI,544971644.115000,8000,108994328823,,15,,0,1,,,,2,8000,5,,,,,0,,0
90,0x0003e00000000000,0,ECI_CMD_MREQ_RLDD,544971646.520000,0,108994329304,,15,,,1,,,0,0,0,7,,,,0,0,0,
91,0x4803c00000000000,9,ECI_CMD_MRSP_PSHA,544971648.475000,0,108994329695,0,15,0,,,0,,0,4,0,5,0,,0,,0,,0
92,0x2804300000008100,5,ECI_CMD_MREQ_RLDX,544971650.650000,8100,108994330130,,0,,,1,,,1,0,8100,7,,,,0,4,0,
93,0x2800300000008200,5,ECI_CMD_MREQ_RLDX,544971650.665000,8200,108994330133,,0,,,1,,,0,0,8200,7,,,,0,4,0,
94,0x2800300000008300,5,ECI_CMD_MREQ_RLDX,544971650.680000,8300,108994330136,,0,,,1,,,0,0,8300,7,,,,0,4,0,
95,0x2840300000008400,5,ECI_CMD_MREQ_RLDX,544971650.695000,8400,108994330139,,0,,,1,,,16,0,8400,7,,,,0,4,0,
96,0x2844300000008500,5,ECI_CMD_MREQ_RLDX,544971650.710000,8500,108994330142,,0,,,1,,,17,0,8500,7,,,,0,4,0,
97,0x2840300000008600,5,ECI_CMD_MREQ_RLDX,544971650.725000,8600,108994330145,,0,,,1,,,16,0,8600,7,,,,0,4,0,
98,0x5007c00000008100,10,ECI_CMD_MRSP_PEMD,544971651.495000,8100,108994330299,0,15,0,,,0,,1,4,8100,5,0,,0,,0,,0
99,0x5003c00000008200,10,ECI_CMD_MRSP_PEMD,544971651.675000,8200,108994330335,0,15,0,,,0,,0,4,8200,5,0,,0,,0,,0
100,0x5003c00000008300,10,ECI_CMD_MRSP_PEMD,544971651.850000,8300,108994330370,0,15,0,,,0,,0,4,8300,5,0,,0,,0,,0
101,0x0007e00000008100,0,ECI_CMD_MRSP_VICD,544971651.885000,8100,108994330377,,15,,,1,,,,2,8100,5,,1,,,,,0
102,0x5043c00000008400,10,ECI_CMD_MRSP_PEMD,544971652.030000,8400,108994330406,0,15,0,,,0,,16,4,8400,5,0,,0,,0,,0
103,0x0007e00000008200,0,ECI_CMD_MRSP_VICD,544971652.070000,8200,108994330414,,15,,,1,,,,2,8200,5,,1,,,,,0
104,0x5047c00000008500,10,ECI_CMD_MRSP_PEMD,544971652.205000,8500,108994330441,0,15,0,,,0,,17,4,8500,5,0,,0,,0,,0
105,0x0007e00000008300,0,ECI_CMD_MRSP_VICD,544971652.245000,8300,108994330449,,15,,,1,,,,2,8300,5,,1,,,,,0
106,0x5043c00000008600,10,ECI_CMD_MRSP_PEMD,544971652.385000,8600,108994330477,0,15,0,,,0,,16,4,8600,5,0,,0,,0,,0
107,0x0007e00000008400,0,ECI_CMD_MRSP_VICD,544971652.420000,8400,108994330484,,15,,,1,,,,2,8400,5,,1,,,,,0
108,0x0007e00000008500,0,ECI_CMD_MRSP_VICD,544971652.595000,8500,108994330519,,15,,,1,,,,2,8500,5,,1,,,,,0
109,0x0007e00000008600,0,ECI_CMD_MRSP_VICD,544971652.780000,8600,108994330556,,15,,,1,,,,2,8600,5,,1,,,,,0
110,0x0007e00000008000,0,ECI_CMD_MREQ_RLDD,544971652.890000,8000,108994330578,,15,,,1,,,1,0,8000,7,,,,0,0,0,
111,0x4807c00000008000,9,ECI_CMD_MRSP_PSHA,544971655.840000,8000,108994331168,0,15,0,,,0,,1,4,8000,5,0,,0,,0,,0
112,0x7003e40000000000,14,ECI_CMD_MFWD_SINV_H,544971657.595000,0,108994331519,,15,,0,1,,1,,5,0,9,0,,,0,0,,
113,0x2000200000000000,4,ECI_CMD_MRSP_HAKD,544971657.905000,0,108994331581,,0,,0,1,,,,1,0,11,,,,,0,,0
114,0x3807e00000008000,7,ECI_CMD_MREQ_RC2D_S,544971660.675000,8000,108994332135,,15,,,1,,,1,0,8000,7,,,,0,0,0,
115,0x2804300000008100,5,ECI_CMD_MREQ_RLDX,544971660.775000,8100,108994332155,,0,,,1,,,1,0,8100,7,,,,0,4,0,
116,0x2800300000008200,5,ECI_CMD_MREQ_RLDX,544971660.790000,8200,108994332158,,0,,,1,,,0,0,8200,7,,,,0,4,0,
117,0x2804300000008300,5,ECI_CMD_MREQ_RLDX,544971660.805000,8300,108994332161,,0,,,1,,,1,0,8300,7,,,,0,4,0,
118,0x2840300000008400,5,ECI_CMD_MREQ_RLDX,544971660.820000,8400,108994332164,,0,,,1,,,16,0,8400,7,,,,0,4,0,
119,0x2840300000008500,5,ECI_CMD_MREQ_RLDX,544971660.835000,8500,108994332167,,0,,,1,,,16,0,8500,7,,,,0,4,0,
120,0x2840300000008600,5,ECI_CMD_MREQ_RLDX,544971660.850000,8600,108994332170,,0,,,1,,,16,0,8600,7,,,,0,4,0,
121,0x5004000000008000,10,ECI_CMD_MRSP_PEMD,544971661.070000,8000,108994332214,0,0,0,,,0,,1,3,8000,11,0,,0,,0,,0
122,0x5007c00000008100,10,ECI_CMD_MRSP_PEMD,544971661.710000,8100,108994332342,0,15,0,,,0,,1,4,8100,5,0,,0,,0,,0
123,0x5003c00000008200,10,ECI_CMD_MRSP_PEMD,544971661.890000,8200,108994332378,0,15,0,,,0,,0,4,8200,5,0,,0,,0,,0
124,0x5007c00000008300,10,ECI_CMD_MRSP_PEMD,544971662.065000,8300,108994332413,0,15,0,,,0,,1,4,8300,5,0,,0,,0,,0
125,0x0007e00000008100,0,ECI_CMD_MRSP_VICD,544971662.105000,8100,108994332421,,15,,,1,,,,2,8100,5,,1,,,,,0
126,0x5043c00000008400,10,ECI_CMD_MRSP_PEMD,544971662.245000,8400,108994332449,0,15,0,,,0,,16,4,8400,5,0,,0,,0,,0
127,0x0007e00000008200,0,ECI_CMD_MRSP_VICD,544971662.280000,8200,108994332456,,15,,,1,,,,2,8200,5,,1,,,,,0
128,0x5043c00000008500,10,ECI_CMD_MRSP_PEMD,544971662.420000,8500,108994332484,0,15,0,,,0,,16,4,8500,5,0,,0,,0,,0
129,0x0007e00000008300,0,ECI_CMD_MRSP_VICD,544971662.450000,8300,108994332490,,15,,,1,,,,2,8300,5,,1,,,,,0
130,0x5043c00000008600,10,ECI_CMD_MRSP_PEMD,544971662.600000,8600,108994332520,0,15,0,,,0,,16,4,8600,5,0,,0,,0,,0
131,0x0007e00000008400,0,ECI_CMD_MRSP_VICD,544971662.640000,8400,108994332528,,15,,,1,,,,2,8400,5,,1,,,,,0
132,0x0007e00000008500,0,ECI_CMD_MRSP_VICD,544971662.815000,8500,108994332563,,15,,,1,,,,2,8500,5,,1,,,,,0
133,0x0007e00000008600,0,ECI_CMD_MRSP_VICD,544971662.995000,8600,108994332599,,15,,,1,,,,2,8600,5,,1,,,,,0
134,0x5803e40000008000,11,ECI_CMD_MFWD_FEVX_EH,544971663.770000,8000,108994332754,,15,,0,1,,1,,5,8000,9,0,,,0,0,,
135,0x1803e00000008000,3,ECI_CMD_MRSP_VICDHI,544971664.150000,8000,108994332830,,15,,0,1,,,,2,8000,5,,,,,0,,0
136,0x0003e00000000000,0,ECI_CMD_MREQ_RLDD,544971666.845000,0,108994333369,,15,,,1,,,0,0,0,7,,,,0,0,0,
137,0x4803c00000000000,9,ECI_CMD_MRSP_PSHA,544971668.800000,0,108994333760,0,15,0,,,0,,0,4,0,5,0,,0,,0,,0
138,0x2804300000008100,5,ECI_CMD_MREQ_RLDX,544971670.975000,8100,108994334195,,0,,,1,,,1,0,8100,7,,,,0,4,0,
139,0x2800300000008200,5,ECI_CMD_MREQ_RLDX,544971670.990000,8200,108994334198,,0,,,1,,,0,0,8200,7,,,,0,4,0,
140,0x2804300000008300,5,ECI_CMD_MREQ_RLDX,544971671.005000,8300,108994334201,,0,,,1,,,1,0,8300,7,,,,0,4,0,
141,0x2844300000008400,5,ECI_CMD_MREQ_RLDX,544971671.020000,8400,108994334204,,0,,,1,,,17,0,8400,7,,,,0,4,0,
142,0x2844300000008500,5,ECI_CMD_MREQ_RLDX,544971671.035000,8500,108994334207,,0,,,1,,,17,0,8500,7,,,,0,4,0,
143,0x2840300000008600,5,ECI_CMD_MREQ_RLDX,544971671.050000,8600,108994334210,,0,,,1,,,16,0,8600,7,,,,0,4,0,
144,0x5007c00000008100,10,ECI_CMD_MRSP_PEMD,544971671.825000,8100,108994334365,0,15,0,,,0,,1,4,8100,5,0,,0,,0,,0
145,0x5003c00000008200,10,ECI_CMD_MRSP_PEMD,544971672.000000,8200,108994334400,0,15,0,,,0,,0,4,8200,5,0,,0,,0,,0
146,0x5007c00000008300,10,ECI_CMD_MRSP_PEMD,544971672.180000,8300,108994334436,0,15,0,,,0,,1,4,8300,5,0,,0,,0,,0
147,0x0007e00000008100,0,ECI_CMD_MRSP_VICD,544971672.215000,8100,108994334443,,15,,,1,,,,2,8100,5,,1,,,,,0
148,0x5047c00000008400,10,ECI_CMD_MRSP_PEMD,544971672.355000,8400,108994334471,0,15,0,,,0,,17,4,8400,5,0,,0,,0,,0
149,0x0007e00000008200,0,ECI_CMD_MRSP_VICD,544971672.390000,8200,108994334478,,15,,,1,,,,2,8200,5,,1,,,,,0
150,0x5047c00000008500,10,ECI_CMD_MRSP_PEMD,544971672.530000,8500,108994334506,0,15,0,,,0,,17,4,8500,5,0,,0,,0,,0
151,0x0007e00000008300,0,ECI_CMD_MRSP_VICD,544971672.575000,8300,108994334515,,15,,,1,,,,2,8300,5,,1,,,,,0
152,0x5043c00000008600,10,ECI_CMD_MRSP_PEMD,544971672.710000,8600,108994334542,0,15,0,,,0,,16,4,8600,5,0,,0,,0,,0
153,0x0007e00000008400,0,ECI_CMD_MRSP_VICD,544971672.740000,8400,108994334548,,15,,,1,,,,2,8400,5,,1,,,,,0
154,0x0007e00000008500,0,ECI_CMD_MRSP_VICD,544971672.925000,8500,108994334585,,15,,,1,,,,2,8500,5,,1,,,,,0
155,0x0007e00000008600,0,ECI_CMD_MRSP_VICD,544971673.100000,8600,108994334620,,15,,,1,,,,2,8600,5,,1,,,,,0
156,0x0003e00000008000,0,ECI_CMD_MREQ_RLDD,544971673.220000,8000,108994334644,,15,,,1,,,0,0,8000,7,,,,0,0,0,
157,0x4803c00000008000,9,ECI_CMD_MRSP_PSHA,544971676.175000,8000,108994335235,0,15,0,,,0,,0,4,8000,5,0,,0,,0,,0
158,0x7003e40000000000,14,ECI_CMD_MFWD_SINV_H,544971677.940000,0,108994335588,,15,,0,1,,1,,5,0,9,0,,,0,0,,
159,0x2000200000000000,4,ECI_CMD_MRSP_HAKD,544971678.255000,0,108994335651,,0,,0,1,,,,1,0,11,,,,,0,,0
160,0x3803e00000008000,7,ECI_CMD_MREQ_RC2D_S,544971681.195000,8000,108994336239,,15,,,1,,,0,0,8000,7,,,,0,0,0,
161,0x2804300000008100,5,ECI_CMD_MREQ_RLDX,544971681.295000,8100,108994336259,,0,,,1,,,1,0,8100,7,,,,0,4,0,
162,0x2800300000008200,5,ECI_CMD_MREQ_RLDX,544971681.310000,8200,108994336262,,0,,,1,,,0,0,8200,7,,,,0,4,0,
163,0x2800300000008300,5,ECI_CMD_MREQ_RLDX,544971681.325000,8300,108994336265,,0,,,1,,,0,0,8300,7,,,,0,4,0,
164,0x2844300000008400,5,ECI_CMD_MREQ_RLDX,544971681.340000,8400,108994336268,,0,,,1,,,17,0,8400,7,,,,0,4,0,
165,0x2840300000008500,5,ECI_CMD_MREQ_RLDX,544971681.355000,8500,108994336271,,0,,,1,,,16,0,8500,7,,,,0,4,0,
166,0x2844300000008600,5,ECI_CMD_MREQ_RLDX,544971681.370000,8600,108994336274,,0,,,1,,,17,0,8600,7,,,,0,4,0,
167,0x5000000000008000,10,ECI_CMD_MRSP_PEMD,544971681.590000,8000,108994336318,0,0,0,,,0,,0,3,8000,11,0,,0,,0,,0
168,0x5007c00000008100,10,ECI_CMD_MRSP_PEMD,544971682.230000,8100,108994336446,0,15,0,,,0,,1,4,8100,5,0,,0,,0,,0
169,0x5003c00000008200,10,ECI_CMD_MRSP_PEMD,544971682.410000,8200,108994336482,0,15,0,,,0,,0,4,8200,5,0,,0,,0,,0
170,0x5003c00000008300,10,ECI_CMD_MRSP_PEMD,544971682.585000,8300,108994336517,0,15,0,,,0,,0,4,8300,5,0,,0,,0,,0
171,0x0007e00000008100,0,ECI_CMD_MRSP_VICD,544971682.625000,8100,108994336525,,15,,,1,,,,2,8100,5,,1,,,,,0
172,0x5047c00000008400,10,ECI_CMD_MRSP_PEMD,544971682.765000,8400,108994336553,0,15,0,,,0,,17,4,8400,5,0,,0,,0,,0
173,0x0007e00000008200,0,ECI_CMD_MRSP_VICD,544971682.800000,8200,108994336560,,15,,,1,,,,2,8200,5,,1,,,,,0
174,0x5043c00000008500,10,ECI_CMD_MRSP_PEMD,544971682.940000,8500,108994336588,0,15,0,,,0,,16,4,8500,5,0,,0,,0,,0
175,0x0007e00000008300,0,ECI_CMD_MRSP_VICD,544971682.975000,8300,108994336595,,15,,,1,,,,2,8300,5,,1,,,,,0
176,0x5047c00000008600,10,ECI_CMD_MRSP_PEMD,544971683.120000,8600,108994336624,0,15,0,,,0,,17,4,8600,5,0,,0,,0,,0
177,0x0007e00000008400,0,ECI_CMD_MRSP_VICD,544971683.155000,8400,108994336631,,15,,,1,,,,2,8400,5,,1,,,,,0
178,0x0007e00000008500,0,ECI_CMD_MRSP_VICD,544971683.335000,8500,108994336667,,15,,,1,,,,2,8500,5,,1,,,,,0
179,0x0007e00000008600,0,ECI_CMD_MRSP_VICD,544971683.510000,8600,108994336702,,15,,,1,,,,2,8600,5,,1,,,,,0
180,0x5803e40000008000,11,ECI_CMD_MFWD_FEVX_EH,544971684.320000,8000,108994336864,,15,,0,1,,1,,5,8000,9,0,,,0,0,,
181,0x1803e00000008000,3,ECI_CMD_MRSP_VICDHI,544971684.700000,8000,108994336940,,15,,0,1,,,,2,8000,5,,,,,0,,0
182,0x0007e00000000000,0,ECI_CMD_MREQ_RLDD,544971687.095000,0,108994337419,,15,,,1,,,1,0,0,7,,,,0,0,0,
183,0x4807c00000000000,9,ECI_CMD_MRSP_PSHA,544971689.380000,0,108994337876,0,15,0,,,0,,1,4,0,5,0,,0,,0,,0
184,0x2800300000008100,5,ECI_CMD_MREQ_RLDX,544971691.430000,8100,108994338286,,0,,,1,,,0,0,8100,7,,,,0,4,0,
185,0x2808300000008200,5,ECI_CMD_MREQ_RLDX,544971691.445000,8200,108994338289,,0,,,1,,,2,0,8200,7,,,,0,4,0,
186,0x2804300000008300,5,ECI_CMD_MREQ_RLDX,544971691.460000,8300,108994338292,,0,,,1,,,1,0,8300,7,,,,0,4,0,
187,0x2840300000008400,5,ECI_CMD_MREQ_RLDX,544971691.475000,8400,108994338295,,0,,,1,,,16,0,8400,7,,,,0,4,0,
188,0x2840300000008500,5,ECI_CMD_MREQ_RLDX,544971691.490000,8500,108994338298,,0,,,1,,,16,0,8500,7,,,,0,4,0,
189,0x2840300000008600,5,ECI_CMD_MREQ_RLDX,544971691.505000,8600,108994338301,,0,,,1,,,16,0,8600,7,,,,0,4,0,
190,0x5003c00000008100,10,ECI_CMD_MRSP_PEMD,544971692.280000,8100,108994338456,0,15,0,,,0,,0,4,8100,5,0,,0,,0,,0
191,0x500bc00000008200,10,ECI_CMD_MRSP_PEMD,544971692.455000,8200,108994338491,0,15,0,,,0,,2,4,8200,5,0,,0,,0,,0
192,0x5007c00000008300,10,ECI_CMD_MRSP_PEMD,544971692.635000,8300,108994338527,0,15,0,,,0,,1,4,8300,5,0,,0,,0,,0
193,0x0007e00000008100,0,ECI_CMD_MRSP_VICD,544971692.675000,8100,108994338535,,15,,,1,,,,2,8100,5,,1,,,,,0
194,0x5043c00000008400,10,ECI_CMD_MRSP_PEMD,544971692.810000,8400,108994338562,0,15,0,,,0,,16,4,8400,5,0,,0,,0,,0
195,0x0007e00000008200,0,ECI_CMD_MRSP_VICD,544971692.840000,8200,108994338568,,15,,,1,,,,2,8200,5,,1,,,,,0
196,0x5043c00000008500,10,ECI_CMD_MRSP_PEMD,544971692.990000,8500,108994338598,0,15,0,,,0,,16,4,8500,5,0,,0,,0,,0
197,0x0007e00000008300,0,ECI_CMD_MRSP_VICD,544971693.025000,8300,108994338605,,15,,,1,,,,2,8300,5,,1,,,,,0
198,0x5043c00000008600,10,ECI_CMD_MRSP_PEMD,544971693.165000,8600,108994338633,0,15,0,,,0,,16,4,8600,5,0,,0,,0,,0
199,0x0007e00000008400,0,ECI_CMD_MRSP_VICD,544971693.200000,8400,108994338640,,15,,,1,,,,2,8400,5,,1,,,,,0
200,0x0007e00000008500,0,ECI_CMD_MRSP_VICD,544971693.385000,8500,108994338677,,15,,,1,,,,2,8500,5,,1,,,,,0
201,0x0007e00000008600,0,ECI_CMD_MRSP_VICD,544971693.555000,8600,108994338711,,15,,,1,,,,2,8600,5,,1,,,,,0
202,0x0003e00000008000,0,ECI_CMD_MREQ_RLDD,544971693.645000,8000,108994338729,,15,,,1,,,0,0,8000,7,,,,0,0,0,
203,0x4803c00000008000,9,ECI_CMD_MRSP_PSHA,544971696.590000,8000,108994339318,0,15,0,,,0,,0,4,8000,5,0,,0,,0,,0
204,0x7003e40000000000,14,ECI_CMD_MFWD_SINV_H,544971699.305000,0,108994339861,,15,,0,1,,1,,5,0,9,0,,,0,0,,
205,0x2000200000000000,4,ECI_CMD_MRSP_HAKD,544971699.635000,0,108994339927,,0,,0,1,,,,1,0,11,,,,,0,,0
206,0x3807e00000008000,7,ECI_CMD_MREQ_RC2D_S,544971702.570000,8000,108994340514,,15,,,1,,,1,0,8000,7,,,,0,0,0,
207,0x2800300000008100,5,ECI_CMD_MREQ_RLDX,544971702.680000,8100,108994340536,,0,,,1,,,0,0,8100,7,,,,0,4,0,
208,0x2800300000008200,5,ECI_CMD_MREQ_RLDX,544971702.695000,8200,108994340539,,0,,,1,,,0,0,8200,7,,,,0,4,0,
209,0x2800300000008300,5,ECI_CMD_MREQ_RLDX,544971702.710000,8300,108994340542,,0,,,1,,,0,0,8300,7,,,,0,4,0,
210,0x2840300000008400,5,ECI_CMD_MREQ_RLDX,544971702.725000,8400,108994340545,,0,,,1,,,16,0,8400,7,,,,0,4,0,
211,0x2844300000008500,5,ECI_CMD_MREQ_RLDX,544971702.740000,8500,108994340548,,0,,,1,,,17,0,8500,7,,,,0,4,0,
212,0x2840300000008600,5,ECI_CMD_MREQ_RLDX,544971702.755000,8600,108994340551,,0,,,1,,,16,0,8600,7,,,,0,4,0,
213,0x5004000000008000,10,ECI_CMD_MRSP_PEMD,544971702.965000,8000,108994340593,0,0,0,,,0,,1,3,8000,11,0,,0,,0,,0
214,0x5003c00000008100,10,ECI_CMD_MRSP_PEMD,544971703.615000,8100,108994340723,0,15,0,,,0,,0,4,8100,5,0,,0,,0,,0
215,0x5003c00000008200,10,ECI_CMD_MRSP_PEMD,544971703.790000,8200,108994340758,0,15,0,,,0,,0,4,8200,5,0,,0,,0,,0
216,0x5003c00000008300,10,ECI_CMD_MRSP_PEMD,544971703.970000,8300,108994340794,0,15,0,,,0,,0,4,8300,5,0,,0,,0,,0
217,0x0007e00000008100,0,ECI_CMD_MRSP_VICD,544971704.000000,8100,108994340800,,15,,,1,,,,2,8100,5,,1,,,,,0
218,0x5043c00000008400,10,ECI_CMD_MRSP_PEMD,544971704.145000,8400,108994340829,0,15,0,,,0,,16,4,8400,5,0,,0,,0,,0
219,0x0007e00000008200,0,ECI_CMD_MRSP_VICD,544971704.185000,8200,108994340837,,15,,,1,,,,2,8200,5,,1,,,,,0
220,0x5047c00000008500,10,ECI_CMD_MRSP_PEMD,544971704.325000,8500,108994340865,0,15,0,,,0,,17,4,8500,5,0,,0,,0,,0
221,0x0007e00000008300,0,ECI_CMD_MRSP_VICD,544971704.360000,8300,108994340872,,15,,,1,,,,2,8300,5,,1,,,,,0
222,0x5043c00000008600,10,ECI_CMD_MRSP_PEMD,544971704.500000,8600,108994340900,0,15,0,,,0,,16,4,8600,5,0,,0,,0,,0
223,0x0007e00000008400,0,ECI_CMD_MRSP_VICD,544971704.540000,8400,108994340908,,15,,,1,,,,2,8400,5,,1,,,,,0
224,0x0007e00000008500,0,ECI_CMD_MRSP_VICD,544971704.715000,8500,108994340943,,15,,,1,,,,2,8500,5,,1,,,,,0
225,0x0007e00000008600,0,ECI_CMD_MRSP_VICD,544971704.880000,8600,108994340976,,15,,,1,,,,2,8600,5,,1,,,,,0
226,0x5803e40000008000,11,ECI_CMD_MFWD_FEVX_EH,544971705.705000,8000,108994341141,,15,,0,1,,1,,5,8000,9,0,,,0,0,,
227,0x1803e00000008000,3,ECI_CMD_MRSP_VICDHI,544971706.085000,8000,108994341217,,15,,0,1,,,,2,8000,5,,,,,0,,0
228,0x0003e00000000000,0,ECI_CMD_MREQ_RLDD,544971708.480000,0,108994341696,,15,,,1,,,0,0,0,7,,,,0,0,0,
229,0x4803c00000000000,9,ECI_CMD_MRSP_PSHA,544971710.755000,0,108994342151,0,15,0,,,0,,0,4,0,5,0,,0,,0,,0
230,0x2804300000008100,5,ECI_CMD_MREQ_RLDX,544971712.800000,8100,108994342560,,0,,,1,,,1,0,8100,7,,,,0,4,0,
231,0x2800300000008200,5,ECI_CMD_MREQ_RLDX,544971712.815000,8200,108994342563,,0,,,1,,,0,0,8200,7,,,,0,4,0,
232,0x2804300000008300,5,ECI_CMD_MREQ_RLDX,544971712.830000,8300,108994342566,,0,,,1,,,1,0,8300,7,,,,0,4,0,
233,0x2844300000008400,5,ECI_CMD_MREQ_RLDX,544971712.845000,8400,108994342569,,0,,,1,,,17,0,8400,7,,,,0,4,0,
234,0x2840300000008500,5,ECI_CMD_MREQ_RLDX,544971712.860000,8500,108994342572,,0,,,1,,,16,0,8500,7,,,,0,4,0,
235,0x2844300000008600,5,ECI_CMD_MREQ_RLDX,544971712.875000,8600,108994342575,,0,,,1,,,17,0,8600,7,,,,0,4,0,
236,0x5007c00000008100,10,ECI_CMD_MRSP_PEMD,544971713.645000,8100,108994342729,0,15,0,,,0,,1,4,8100,5,0,,0,,0,,0
237,0x5003c00000008200,10,ECI_CMD_MRSP_PEMD,544971713.825000,8200,108994342765,0,15,0,,,0,,0,4,8200,5,0,,0,,0,,0
238,0x5007c00000008300,10,ECI_CMD_MRSP_PEMD,544971714.000000,8300,108994342800,0,15,0,,,0,,1,4,8300,5,0,,0,,0,,0
239,0x0007e00000008100,0,ECI_CMD_MRSP_VICD,544971714.040000,8100,108994342808,,15,,,1,,,,2,8100,5,,1,,,,,0
240,0x5047c00000008400,10,ECI_CMD_MRSP_PEMD,544971714.175000,8400,108994342835,0,15,0,,,0,,17,4,8400,5,0,,0,,0,,0
241,0x0007e00000008200,0,ECI_CMD_MRSP_VICD,544971714.215000,8200,108994342843,,15,,,1,,,,2,8200,5,,1,,,,,0
242,0x5043c00000008500,10,ECI_CMD_MRSP_PEMD,544971714.355000,8500,108994342871,0,15,0,,,0,,16,4,8500,5,0,,0,,0,,0
243,0x0007e00000008300,0,ECI_CMD_MRSP_VICD,544971714.390000,8300,108994342878,,15,,,1,,,,2,8300,5,,1,,,,,0
244,0x5047c00000008600,10,ECI_CMD_MRSP_PEMD,544971714.530000,8600,108994342906,0,15,0,,,0,,17,4,8600,5,0,,0,,0,,0
245,0x0007e00000008400,0,ECI_CMD_MRSP_VICD,544971714.570000,8400,108994342914,,15,,,1,,,,2,8400,5,,1,,,,,0
246,0x0007e00000008500,0,ECI_CMD_MRSP_VICD,544971714.745000,8500,108994342949,,15,,,1,,,,2,8500,5,,1,,,,,0
247,0x0007e00000008600,0,ECI_CMD_MRSP_VICD,544971714.925000,8600,108994342985,,15,,,1,,,,2,8600,5,,1,,,,,0
248,0x0007e00000008000,0,ECI_CMD_MREQ_RLDD,544971715.010000,8000,108994343002,,15,,,1,,,1,0,8000,7,,,,0,0,0,
249,0x4807c00000008000,9,ECI_CMD_MRSP_PSHA,544971717.965000,8000,108994343593,0,15,0,,,0,,1,4,8000,5,0,,0,,0,,0
250,0x3803e00000008000,7,ECI_CMD_MREQ_RC2D_S,544971721.155000,8000,108994344231,,15,,,1,,,0,0,8000,7,,,,0,0,0,
251,0x2800300000008100,5,ECI_CMD_MREQ_RLDX,544971721.265000,8100,108994344253,,0,,,1,,,0,0,8100,7,,,,0,4,0,
252,0x2804300000008200,5,ECI_CMD_MREQ_RLDX,544971721.280000,8200,108994344256,,0,,,1,,,1,0,8200,7,,,,0,4,0,
253,0x2800300000008300,5,ECI_CMD_MREQ_RLDX,544971721.295000,8300,108994344259,,0,,,1,,,0,0,8300,7,,,,0,4,0,
254,0x2844300000008400,5,ECI_CMD_MREQ_RLDX,544971721.310000,8400,108994344262,,0,,,1,,,17,0,8400,7,,,,0,4,0,
255,0x2840300000008500,5,ECI_CMD_MREQ_RLDX,544971721.325000,8500,108994344265,,0,,,1,,,16,0,8500,7,,,,0,4,0,
256,0x2840300000008600,5,ECI_CMD_MREQ_RLDX,544971721.340000,8600,108994344268,,0,,,1,,,16,0,8600,7,,,,0,4,0,
257,0x5000000000008000,10,ECI_CMD_MRSP_PEMD,544971721.545000,8000,108994344309,0,0,0,,,0,,0,3,8000,11,0,,0,,0,,0
258,0x5003c00000008100,10,ECI_CMD_MRSP_PEMD,544971722.200000,8100,108994344440,0,15,0,,,0,,0,4,8100,5,0,,0,,0,,0
259,0x5007c00000008200,10,ECI_CMD_MRSP_PEMD,544971722.380000,8200,108994344476,0,15,0,,,0,,1,4,8200,5,0,,0,,0,,0
260,0x5003c00000008300,10,ECI_CMD_MRSP_PEMD,544971722.555000,8300,108994344511,0,15,0,,,0,,0,4,8300,5,0,,0,,0,,0
261,0x0007e00000008100,0,ECI_CMD_MRSP_VICD,544971722.600000,8100,108994344520,,15,,,1,,,,2,8100,5,,1,,,,,0
262,0x5047c00000008400,10,ECI_CMD_MRSP_PEMD,544971722.735000,8400,108994344547,0,15,0,,,0,,17,4,8400,5,0,,0,,0,,0
263,0x0007e00000008200,0,ECI_CMD_MRSP_VICD,544971722.770000,8200,108994344554,,15,,,1,,,,2,8200,5,,1,,,,,0
264,0x5043c00000008500,10,ECI_CMD_MRSP_PEMD,544971722.910000,8500,108994344582,0,15,0,,,0,,16,4,8500,5,0,,0,,0,,0
265,0x0007e00000008300,0,ECI_CMD_MRSP_VICD,544971722.945000,8300,108994344589,,15,,,1,,,,2,8300,5,,1,,,,,0
266,0x5043c00000008600,10,ECI_CMD_MRSP_PEMD,544971723.090000,8600,108994344618,0,15,0,,,0,,16,4,8600,5,0,,0,,0,,0
267,0x0007e00000008400,0,ECI_CMD_MRSP_VICD,544971723.125000,8400,108994344625,,15,,,1,,,,2,8400,5,,1,,,,,0
268,0x0007e00000008500,0,ECI_CMD_MRSP_VICD,544971723.305000,8500,108994344661,,15,,,1,,,,2,8500,5,,1,,,,,0
269,0x0007e00000008600,0,ECI_CMD_MRSP_VICD,544971723.480000,8600,108994344696,,15,,,1,,,,2,8600,5,,1,,,,,0
270,0x5803e40000008000,11,ECI_CMD_MFWD_FEVX_EH,544971724.260000,8000,108994344852,,15,,0,1,,1,,5,8000,9,0,,,0,0,,
271,0x1803e00000008000,3,ECI_CMD_MRSP_VICDHI,544971724.645000,8000,108994344929,,15,,0,1,,,,2,8000,5,,,,,0,,0
272,0x2800300000008100,5,ECI_CMD_MREQ_RLDX,544971729.915000,8100,108994345983,,0,,,1,,,0,0,8100,7,,,,0,4,0,
273,0x2800300000008200,5,ECI_CMD_MREQ_RLDX,544971729.930000,8200,108994345986,,0,,,1,,,0,0,8200,7,,,,0,4,0,
274,0x2804300000008300,5,ECI_CMD_MREQ_RLDX,544971729.945000,8300,108994345989,,0,,,1,,,1,0,8300,7,,,,0,4,0,
275,0x2840300000008400,5,ECI_CMD_MREQ_RLDX,544971729.960000,8400,108994345992,,0,,,1,,,16,0,8400,7,,,,0,4,0,
276,0x2844300000008500,5,ECI_CMD_MREQ_RLDX,544971729.975000,8500,108994345995,,0,,,1,,,17,0,8500,7,,,,0,4,0,
277,0x2844300000008600,5,ECI_CMD_MREQ_RLDX,544971729.990000,8600,108994345998,,0,,,1,,,17,0,8600,7,,,,0,4,0,
278,0x5003c00000008100,10,ECI_CMD_MRSP_PEMD,544971730.765000,8100,108994346153,0,15,0,,,0,,0,4,8100,5,0,,0,,0,,0
279,0x5003c00000008200,10,ECI_CMD_MRSP_PEMD,544971730.945000,8200,108994346189,0,15,0,,,0,,0,4,8200,5,0,,0,,0,,0
280,0x5007c00000008300,10,ECI_CMD_MRSP_PEMD,544971731.120000,8300,108994346224,0,15,0,,,0,,1,4,8300,5,0,,0,,0,,0
281,0x0007e00000008100,0,ECI_CMD_MRSP_VICD,544971731.155000,8100,108994346231,,15,,,1,,,,2,8100,5,,1,,,,,0
282,0x5043c00000008400,10,ECI_CMD_MRSP_PEMD,544971731.295000,8400,108994346259,0,15,0,,,0,,16,4,8400,5,0,,0,,0,,0
283,0x0007e00000008200,0,ECI_CMD_MRSP_VICD,544971731.340000,8200,108994346268,,15,,,1,,,,2,8200,5,,1,,,,,0
284,0x5047c00000008500,10,ECI_CMD_MRSP_PEMD,544971731.475000,8500,108994346295,0,15,0,,,0,,17,4,8500,5,0,,0,,0,,0
285,0x0007e00000008300,0,ECI_CMD_MRSP_VICD,544971731.515000,8300,108994346303,,15,,,1,,,,2,8300,5,,1,,,,,0
286,0x5047c00000008600,10,ECI_CMD_MRSP_PEMD,544971731.650000,8600,108994346330,0,15,0,,,0,,17,4,8600,5,0,,0,,0,,0
287,0x0007e00000008400,0,ECI_CMD_MRSP_VICD,544971731.675000,8400,108994346335,,15,,,1,,,,2,8400,5,,1,,,,,0
288,0x0007e00000008500,0,ECI_CMD_MRSP_VICD,544971731.865000,8500,108994346373,,15,,,1,,,,2,8500,5,,1,,,,,0
289,0x0007e00000008600,0,ECI_CMD_MRSP_VICD,544971732.045000,8600,108994346409,,15,,,1,,,,2,8600,5,,1,,,,,0
290,0x0007e00000008000,0,ECI_CMD_MREQ_RLDD,544971732.135000,8000,108994346427,,15,,,1,,,1,0,8000,7,,,,0,0,0,
291,0x4807c00000008000,9,ECI_CMD_MRSP_PSHA,544971735.075000,8000,108994347015,0,15,0,,,0,,1,4,8000,5,0,,0,,0,,0
292,0x3803e00000008000,7,ECI_CMD_MREQ_RC2D_S,544971738.210000,8000,108994347642,,15,,,1,,,0,0,8000,7,,,,0,0,0,
293,0x2804300000008100,5,ECI_CMD_MREQ_RLDX,544971738.310000,8100,108994347662,,0,,,1,,,1,0,8100,7,,,,0,4,0,
294,0x2800300000008200,5,ECI_CMD_MREQ_RLDX,544971738.325000,8200,108994347665,,0,,,1,,,0,0,8200,7,,,,0,4,0,
295,0x2800300000008300,5,ECI_CMD_MREQ_RLDX,544971738.340000,8300,108994347668,,0,,,1,,,0,0,8300,7,,,,0,4,0,
296,0x2844300000008400,5,ECI_CMD_MREQ_RLDX,544971738.355000,8400,108994347671,,0,,,1,,,17,0,8400,7,,,,0,4,0,
297,0x2840300000008500,5,ECI_CMD_MREQ_RLDX,544971738.370000,8500,108994347674,,0,,,1,,,16,0,8500,7,,,,0,4,0,
298,0x2844300000008600,5,ECI_CMD_MREQ_RLDX,544971738.385000,8600,108994347677,,0,,,1,,,17,0,8600,7,,,,0,4,0,
299,0x5000000000008000,10,ECI_CMD_MRSP_PEMD,544971738.600000,8000,108994347720,0,0,0,,,0,,0,3,8000,11,0,,0,,0,,0
300,0x5007c00000008100,10,ECI_CMD_MRSP_PEMD,544971739.250000,8100,108994347850,0,15,0,,,0,,1,4,8100,5,0,,0,,0,,0
301,0x5003c00000008200,10,ECI_CMD_MRSP_PEMD,544971739.425000,8200,108994347885,0,15,0,,,0,,0,4,8200,5,0,,0,,0,,0
302,0x5003c00000008300,10,ECI_CMD_MRSP_PEMD,544971739.605000,8300,108994347921,0,15,0,,,0,,0,4,8300,5,0,,0,,0,,0
303,0x0007e00000008100,0,ECI_CMD_MRSP_VICD,544971739.645000,8100,108994347929,,15,,,1,,,,2,8100,5,,1,,,,,0
304,0x5047c00000008400,10,ECI_CMD_MRSP_PEMD,544971739.780000,8400,108994347956,0,15,0,,,0,,17,4,8400,5,0,,0,,0,,0
305,0x0007e00000008200,0,ECI_CMD_MRSP_VICD,544971739.820000,8200,108994347964,,15,,,1,,,,2,8200,5,,1,,,,,0
306,0x5043c00000008500,10,ECI_CMD_MRSP_PEMD,544971739.960000,8500,108994347992,0,15,0,,,0,,16,4,8500,5,0,,0,,0,,0
307,0x0007e00000008300,0,ECI_CMD_MRSP_VICD,544971739.995000,8300,108994347999,,15,,,1,,,,2,8300,5,,1,,,,,0
308,0x5047c00000008600,10,ECI_CMD_MRSP_PEMD,544971740.135000,8600,108994348027,0,15,0,,,0,,17,4,8600,5,0,,0,,0,,0
309,0x0007e00000008400,0,ECI_CMD_MRSP_VICD,544971740.170000,8400,108994348034,,15,,,1,,,,2,8400,5,,1,,,,,0
310,0x0007e00000008500,0,ECI_CMD_MRSP_VICD,544971740.350000,8500,108994348070,,15,,,1,,,,2,8500,5,,1,,,,,0
311,0x0007e00000008600,0,ECI_CMD_MRSP_VICD,544971740.530000,8600,108994348106,,15,,,1,,,,2,8600,5,,1,,,,,0
312,0x5803e40000008000,11,ECI_CMD_MFWD_FEVX_EH,544971741.330000,8000,108994348266,,15,,0,1,,1,,5,8000,9,0,,,0,0,,
313,0x1803e00000008000,3,ECI_CMD_MRSP_VICDHI,544971741.710000,8000,108994348342,,15,,0,1,,,,2,8000,5,,,,,0,,0
314,0x7003e40000000000,14,ECI_CMD_MFWD_SINV_H,544971744.890000,0,108994348978,,15,,0,1,,1,,5,0,9,0,,,0,0,,
315,0x2000200000000000,4,ECI_CMD_MRSP_HAKD,544971745.215000,0,108994349043,,0,,0,1,,,,1,0,11,,,,,0,,0
316,0x2804300000008100,5,ECI_CMD_MREQ_RLDX,544971748.270000,8100,108994349654,,0,,,1,,,1,0,8100,7,,,,0,4,0,
317,0x2800300000008200,5,ECI_CMD_MREQ_RLDX,544971748.285000,8200,108994349657,,0,,,1,,,0,0,8200,7,,,,0,4,0,
318,0x2800300000008300,5,ECI_CMD_MREQ_RLDX,544971748.300000,8300,108994349660,,0,,,1,,,0,0,8300,7,,,,0,4,0,
319,0x2840300000008400,5,ECI_CMD_MREQ_RLDX,544971748.315000,8400,108994349663,,0,,,1,,,16,0,8400,7,,,,0,4,0,
320,0x2840300000008500,5,ECI_CMD_MREQ_RLDX,544971748.330000,8500,108994349666,,0,,,1,,,16,0,8500,7,,,,0,4,0,
321,0x2844300000008600,5,ECI_CMD_MREQ_RLDX,544971748.345000,8600,108994349669,,0,,,1,,,17,0,8600,7,,,,0,4,0,
322,0x5007c00000008100,10,ECI_CMD_MRSP_PEMD,544971749.120000,8100,108994349824,0,15,0,,,0,,1,4,8100,5,0,,0,,0,,0
323,0x5003c00000008200,10,ECI_CMD_MRSP_PEMD,544971749.295000,8200,108994349859,0,15,0,,,0,,0,4,8200,5,0,,0,,0,,0
324,0x5003c00000008300,10,ECI_CMD_MRSP_PEMD,544971749.475000,8300,108994349895,0,15,0,,,0,,0,4,8300,5,0,,0,,0,,0
325,0x0007e00000008100,0,ECI_CMD_MRSP_VICD,544971749.515000,8100,108994349903,,15,,,1,,,,2,8100,5,,1,,,,,0
326,0x5043c00000008400,10,ECI_CMD_MRSP_PEMD,544971749.650000,8400,108994349930,0,15,0,,,0,,16,4,8400,5,0,,0,,0,,0
327,0x0007e00000008200,0,ECI_CMD_MRSP_VICD,544971749.685000,8200,108994349937,,15,,,1,,,,2,8200,5,,1,,,,,0
328,0x5043c00000008500,10,ECI_CMD_MRSP_PEMD,544971749.830000,8500,108994349966,0,15,0,,,0,,16,4,8500,5,0,,0,,0,,0
329,0x0007e00000008300,0,ECI_CMD_MRSP_VICD,544971749.870000,8300,108994349974,,15,,,1,,,,2,8300,5,,1,,,,,0
330,0x5047c00000008600,10,ECI_CMD_MRSP_PEMD,544971750.005000,8600,108994350001,0,15,0,,,0,,17,4,8600,5,0,,0,,0,,0
331,0x0007e00000008400,0,ECI_CMD_MRSP_VICD,544971750.045000,8400,108994350009,,15,,,1,,,,2,8400,5,,1,,,,,0
332,0x0007e00000008500,0,ECI_CMD_MRSP_VICD,544971750.220000,8500,108994350044,,15,,,1,,,,2,8500,5,,1,,,,,0
333,0x0007e00000008600,0,ECI_CMD_MRSP_VICD,544971750.395000,8600,108994350079,,15,,,1,,,,2,8600,5,,1,,,,,0
334,0x0003e00000008000,0,ECI_CMD_MREQ_RLDD,544971750.515000,8000,108994350103,,15,,,1,,,0,0,8000,7,,,,0,0,0,
335,0x4803c00000008000,9,ECI_CMD_MRSP_PSHA,544971753.470000,8000,108994350694,0,15,0,,,0,,0,4,8000,5,0,,0,,0,,0
336,0x0007e00000000000,0,ECI_CMD_MREQ_RLDD,544971754.080000,0,108994350816,,15,,,1,,,1,0,0,7,,,,0,0,0,
337,0x4807c00000000000,9,ECI_CMD_MRSP_PSHA,544971756.355000,0,108994351271,0,15,0,,,0,,1,4,0,5,0,,0,,0,,0
338,0x7003e40000000000,14,ECI_CMD_MFWD_SINV_H,544971765.260000,0,108994353052,,15,,0,1,,1,,5,0,9,0,,,0,0,,
339,0x2000200000000000,4,ECI_CMD_MRSP_HAKD,544971765.580000,0,108994353116,,0,,0,1,,,,1,0,11,,,,,0,,0
340,0x0003e00000000000,0,ECI_CMD_MREQ_RLDD,544971769.215000,0,108994353843,,15,,,1,,,0,0,0,7,,,,0,0,0,
341,0x4803c00000000000,9,ECI_CMD_MRSP_PSHA,544971771.500000,0,108994354300,0,15,0,,,0,,0,4,0,5,0,,0,,0,,0
342,0x7003e40000000000,14,ECI_CMD_MFWD_SINV_H,544971777.020000,0,108994355404,,15,,0,1,,1,,5,0,9,0,,,0,0,,
343,0x2000200000000000,4,ECI_CMD_MRSP_HAKD,544971777.350000,0,108994355470,,0,,0,1,,,,1,0,11,,,,,0,,0
344,0x0003e00000000000,0,ECI_CMD_MREQ_RLDD,544971780.895000,0,108994356179,,15,,,1,,,0,0,0,7,,,,0,0,0,
345,0x4803c00000000000,9,ECI_CMD_MRSP_PSHA,544971783.160000,0,108994356632,0,15,0,,,0,,0,4,0,5,0,,0,,0,,0
346,0x7003e40000000000,14,ECI_CMD_MFWD_SINV_H,544971793.030000,0,108994358606,,15,,0,1,,1,,5,0,9,0,,,0,0,,
347,0x2000200000000000,4,ECI_CMD_MRSP_HAKD,544971793.355000,0,108994358671,,0,,0,1,,,,1,0,11,,,,,0,,0
348,0x0003e00000000000,0,ECI_CMD_MREQ_RLDD,544971796.955000,0,108994359391,,15,,,1,,,0,0,0,7,,,,0,0,0,
349,0x4803c00000000000,9,ECI_CMD_MRSP_PSHA,544971799.230000,0,108994359846,0,15,0,,,0,,0,4,0,5,0,,0,,0,,0
350,0x3807e00000008000,7,ECI_CMD_MREQ_RC2D_S,544972011.335000,8000,108994402267,,15,,,1,,,1,0,8000,7,,,,0,0,0,
351,0x2804300000008100,5,ECI_CMD_MREQ_RLDX,544972011.435000,8100,108994402287,,0,,,1,,,1,0,8100,7,,,,0,4,0,
352,0x2800300000008200,5,ECI_CMD_MREQ_RLDX,544972011.450000,8200,108994402290,,0,,,1,,,0,0,8200,7,,,,0,4,0,
353,0x2804300000008300,5,ECI_CMD_MREQ_RLDX,544972011.465000,8300,108994402293,,0,,,1,,,1,0,8300,7,,,,0,4,0,
354,0x2840300000008400,5,ECI_CMD_MREQ_RLDX,544972011.480000,8400,108994402296,,0,,,1,,,16,0,8400,7,,,,0,4,0,
355,0x2840300000008500,5,ECI_CMD_MREQ_RLDX,544972011.495000,8500,108994402299,,0,,,1,,,16,0,8500,7,,,,0,4,0,
356,0x2840300000008600,5,ECI_CMD_MREQ_RLDX,544972011.510000,8600,108994402302,,0,,,1,,,16,0,8600,7,,,,0,4,0,
357,0x5004000000008000,10,ECI_CMD_MRSP_PEMD,544972011.730000,8000,108994402346,0,0,0,,,0,,1,3,8000,11,0,,0,,0,,0
358,0x5007c00000008100,10,ECI_CMD_MRSP_PEMD,544972012.370000,8100,108994402474,0,15,0,,,0,,1,4,8100,5,0,,0,,0,,0
359,0x5003c00000008200,10,ECI_CMD_MRSP_PEMD,544972012.545000,8200,108994402509,0,15,0,,,0,,0,4,8200,5,0,,0,,0,,0
360,0x5007c00000008300,10,ECI_CMD_MRSP_PEMD,544972012.725000,8300,108994402545,0,15,0,,,0,,1,4,8300,5,0,,0,,0,,0
361,0x0007e00000008100,0,ECI_CMD_MRSP_VICD,544972012.765000,8100,108994402553,,15,,,1,,,,2,8100,5,,1,,,,,0
362,0x5043c00000008400,10,ECI_CMD_MRSP_PEMD,544972012.900000,8400,108994402580,0,15,0,,,0,,16,4,8400,5,0,,0,,0,,0
363,0x0007e00000008200,0,ECI_CMD_MRSP_VICD,544972012.935000,8200,108994402587,,15,,,1,,,,2,8200,5,,1,,,,,0
364,0x5043c00000008500,10,ECI_CMD_MRSP_PEMD,544972013.080000,8500,108994402616,0,15,0,,,0,,16,4,8500,5,0,,0,,0,,0
365,0x0007e00000008300,0,ECI_CMD_MRSP_VICD,544972013.120000,8300,108994402624,,15,,,1,,,,2,8300,5,,1,,,,,0
366,0x5043c00000008600,10,ECI_CMD_MRSP_PEMD,544972013.255000,8600,108994402651,0,15,0,,,0,,16,4,8600,5,0,,0,,0,,0
367,0x0007e00000008400,0,ECI_CMD_MRSP_VICD,544972013.290000,8400,108994402658,,15,,,1,,,,2,8400,5,,1,,,,,0
368,0x0007e00000008500,0,ECI_CMD_MRSP_VICD,544972013.475000,8500,108994402695,,15,,,1,,,,2,8500,5,,1,,,,,0
369,0x0007e00000008600,0,ECI_CMD_MRSP_VICD,544972013.645000,8600,108994402729,,15,,,1,,,,2,8600,5,,1,,,,,0
370,0x5803e40000008000,11,ECI_CMD_MFWD_FEVX_EH,544972014.425000,8000,108994402885,,15,,0,1,,1,,5,8000,9,0,,,0,0,,
371,0x1803e00000008000,3,ECI_CMD_MRSP_VICDHI,544972014.800000,8000,108994402960,,15,,0,1,,,,2,8000,5,,,,,0,,0
372,0x2804300000008100,5,ECI_CMD_MREQ_RLDX,544972020.960000,8100,108994404192,,0,,,1,,,1,0,8100,7,,,,0,4,0,
373,0x2800300000008200,5,ECI_CMD_MREQ_RLDX,544972020.975000,8200,108994404195,,0,,,1,,,0,0,8200,7,,,,0,4,0,
374,0x2800300000008300,5,ECI_CMD_MREQ_RLDX,544972020.990000,8300,108994404198,,0,,,1,,,0,0,8300,7,,,,0,4,0,
375,0x2844300000008400,5,ECI_CMD_MREQ_RLDX,544972021.005000,8400,108994404201,,0,,,1,,,17,0,8400,7,,,,0,4,0,
376,0x2840300000008500,5,ECI_CMD_MREQ_RLDX,544972021.020000,8500,108994404204,,0,,,1,,,16,0,8500,7,,,,0,4,0,
377,0x2840300000008600,5,ECI_CMD_MREQ_RLDX,544972021.035000,8600,108994404207,,0,,,1,,,16,0,8600,7,,,,0,4,0,
378,0x5007c00000008100,10,ECI_CMD_MRSP_PEMD,544972021.810000,8100,108994404362,0,15,0,,,0,,1,4,8100,5,0,,0,,0,,0
379,0x5003c00000008200,10,ECI_CMD_MRSP_PEMD,544972021.990000,8200,108994404398,0,15,0,,,0,,0,4,8200,5,0,,0,,0,,0
380,0x5003c00000008300,10,ECI_CMD_MRSP_PEMD,544972022.165000,8300,108994404433,0,15,0,,,0,,0,4,8300,5,0,,0,,0,,0
381,0x0007e00000008100,0,ECI_CMD_MRSP_VICD,544972022.205000,8100,108994404441,,15,,,1,,,,2,8100,5,,1,,,,,0
382,0x5047c00000008400,10,ECI_CMD_MRSP_PEMD,544972022.345000,8400,108994404469,0,15,0,,,0,,17,4,8400,5,0,,0,,0,,0
383,0x0007e00000008200,0,ECI_CMD_MRSP_VICD,544972022.380000,8200,108994404476,,15,,,1,,,,2,8200,5,,1,,,,,0
384,0x5043c00000008500,10,ECI_CMD_MRSP_PEMD,544972022.520000,8500,108994404504,0,15,0,,,0,,16,4,8500,5,0,,0,,0,,0
385,0x0007e00000008300,0,ECI_CMD_MRSP_VICD,544972022.560000,8300,108994404512,,15,,,1,,,,2,8300,5,,1,,,,,0
386,0x5043c00000008600,10,ECI_CMD_MRSP_PEMD,544972022.700000,8600,108994404540,0,15,0,,,0,,16,4,8600,5,0,,0,,0,,0
387,0x0007e00000008400,0,ECI_CMD_MRSP_VICD,544972022.735000,8400,108994404547,,15,,,1,,,,2,8400,5,,1,,,,,0
388,0x0007e00000008500,0,ECI_CMD_MRSP_VICD,544972022.910000,8500,108994404582,,15,,,1,,,,2,8500,5,,1,,,,,0
389,0x0007e00000008600,0,ECI_CMD_MRSP_VICD,544972023.095000,8600,108994404619,,15,,,1,,,,2,8600,5,,1,,,,,0
390,0x0003e00000008000,0,ECI_CMD_MREQ_RLDD,544972023.185000,8000,108994404637,,15,,,1,,,0,0,8000,7,,,,0,0,0,
391,0x4803c00000008000,9,ECI_CMD_MRSP_PSHA,544972026.140000,8000,108994405228,0,15,0,,,0,,0,4,8000,5,0,,0,,0,,0
392,0x3803e00000008000,7,ECI_CMD_MREQ_RC2D_S,544972029.405000,8000,108994405881,,15,,,1,,,0,0,8000,7,,,,0,0,0,
393,0x2800300000008100,5,ECI_CMD_MREQ_RLDX,544972029.510000,8100,108994405902,,0,,,1,,,0,0,8100,7,,,,0,4,0,
394,0x2800300000008200,5,ECI_CMD_MREQ_RLDX,544972029.525000,8200,108994405905,,0,,,1,,,0,0,8200,7,,,,0,4,0,
395,0x2800300000008300,5,ECI_CMD_MREQ_RLDX,544972029.540000,8300,108994405908,,0,,,1,,,0,0,8300,7,,,,0,4,0,
396,0x2844300000008400,5,ECI_CMD_MREQ_RLDX,544972029.555000,8400,108994405911,,0,,,1,,,17,0,8400,7,,,,0,4,0,
397,0x2844300000008500,5,ECI_CMD_MREQ_RLDX,544972029.570000,8500,108994405914,,0,,,1,,,17,0,8500,7,,,,0,4,0,
398,0x2844300000008600,5,ECI_CMD_MREQ_RLDX,544972029.585000,8600,108994405917,,0,,,1,,,17,0,8600,7,,,,0,4,0,
399,0x5000000000008000,10,ECI_CMD_MRSP_PEMD,544972029.800000,8000,108994405960,0,0,0,,,0,,0,3,8000,11,0,,0,,0,,0
400,0x5003c00000008100,10,ECI_CMD_MRSP_PEMD,544972030.450000,8100,108994406090,0,15,0,,,0,,0,4,8100,5,0,,0,,0,,0
401,0x5003c00000008200,10,ECI_CMD_MRSP_PEMD,544972030.625000,8200,108994406125,0,15,0,,,0,,0,4,8200,5,0,,0,,0,,0
402,0x5003c00000008300,10,ECI_CMD_MRSP_PEMD,544972030.805000,8300,108994406161,0,15,0,,,0,,0,4,8300,5,0,,0,,0,,0
403,0x0007e00000008100,0,ECI_CMD_MRSP_VICD,544972030.840000,8100,108994406168,,15,,,1,,,,2,8100,5,,1,,,,,0
404,0x5047c00000008400,10,ECI_CMD_MRSP_PEMD,544972030.980000,8400,108994406196,0,15,0,,,0,,17,4,8400,5,0,,0,,0,,0
405,0x0007e00000008200,0,ECI_CMD_MRSP_VICD,544972031.020000,8200,108994406204,,15,,,1,,,,2,8200,5,,1,,,,,0
406,0x5047c00000008500,10,ECI_CMD_MRSP_PEMD,544972031.160000,8500,108994406232,0,15,0,,,0,,17,4,8500,5,0,,0,,0,,0
407,0x0007e00000008300,0,ECI_CMD_MRSP_VICD,544972031.190000,8300,108994406238,,15,,,1,,,,2,8300,5,,1,,,,,0
408,0x5047c00000008600,10,ECI_CMD_MRSP_PEMD,544972031.335000,8600,108994406267,0,15,0,,,0,,17,4,8600,5,0,,0,,0,,0
409,0x0007e00000008400,0,ECI_CMD_MRSP_VICD,544972031.375000,8400,108994406275,,15,,,1,,,,2,8400,5,,1,,,,,0
410,0x0007e00000008500,0,ECI_CMD_MRSP_VICD,544972031.550000,8500,108994406310,,15,,,1,,,,2,8500,5,,1,,,,,0
411,0x0007e00000008600,0,ECI_CMD_MRSP_VICD,544972031.730000,8600,108994406346,,15,,,1,,,,2,8600,5,,1,,,,,0
412,0x5803e40000008000,11,ECI_CMD_MFWD_FEVX_EH,544972032.495000,8000,108994406499,,15,,0,1,,1,,5,8000,9,0,,,0,0,,
413,0x1803e00000008000,3,ECI_CMD_MRSP_VICDHI,544972032.870000,8000,108994406574,,15,,0,1,,,,2,8000,5,,,,,0,,0
414,0x2800300000008100,5,ECI_CMD_MREQ_RLDX,544972037.970000,8100,108994407594,,0,,,1,,,0,0,8100,7,,,,0,4,0,
415,0x2804300000008200,5,ECI_CMD_MREQ_RLDX,544972037.985000,8200,108994407597,,0,,,1,,,1,0,8200,7,,,,0,4,0,
416,0x2800300000008300,5,ECI_CMD_MREQ_RLDX,544972038.000000,8300,108994407600,,0,,,1,,,0,0,8300,7,,,,0,4,0,
417,0x2844300000008400,5,ECI_CMD_MREQ_RLDX,544972038.015000,8400,108994407603,,0,,,1,,,17,0,8400,7,,,,0,4,0,
418,0x2844300000008500,5,ECI_CMD_MREQ_RLDX,544972038.030000,8500,108994407606,,0,,,1,,,17,0,8500,7,,,,0,4,0,
419,0x2840300000008600,5,ECI_CMD_MREQ_RLDX,544972038.045000,8600,108994407609,,0,,,1,,,16,0,8600,7,,,,0,4,0,
420,0x5003c00000008100,10,ECI_CMD_MRSP_PEMD,544972038.820000,8100,108994407764,0,15,0,,,0,,0,4,8100,5,0,,0,,0,,0
421,0x5007c00000008200,10,ECI_CMD_MRSP_PEMD,544972038.995000,8200,108994407799,0,15,0,,,0,,1,4,8200,5,0,,0,,0,,0
422,0x5003c00000008300,10,ECI_CMD_MRSP_PEMD,544972039.175000,8300,108994407835,0,15,0,,,0,,0,4,8300,5,0,,0,,0,,0
423,0x0007e00000008100,0,ECI_CMD_MRSP_VICD,544972039.205000,8100,108994407841,,15,,,1,,,,2,8100,5,,1,,,,,0
424,0x5047c00000008400,10,ECI_CMD_MRSP_PEMD,544972039.350000,8400,108994407870,0,15,0,,,0,,17,4,8400,5,0,,0,,0,,0
425,0x0007e00000008200,0,ECI_CMD_MRSP_VICD,544972039.390000,8200,108994407878,,15,,,1,,,,2,8200,5,,1,,,,,0
426,0x5047c00000008500,10,ECI_CMD_MRSP_PEMD,544972039.530000,8500,108994407906,0,15,0,,,0,,17,4,8500,5,0,,0,,0,,0
427,0x0007e00000008300,0,ECI_CMD_MRSP_VICD,544972039.565000,8300,108994407913,,15,,,1,,,,2,8300,5,,1,,,,,0
428,0x5043c00000008600,10,ECI_CMD_MRSP_PEMD,544972039.705000,8600,108994407941,0,15,0,,,0,,16,4,8600,5,0,,0,,0,,0
429,0x0007e00000008400,0,ECI_CMD_MRSP_VICD,544972039.740000,8400,108994407948,,15,,,1,,,,2,8400,5,,1,,,,,0
430,0x0007e00000008500,0,ECI_CMD_MRSP_VICD,544972039.925000,8500,108994407985,,15,,,1,,,,2,8500,5,,1,,,,,0
431,0x0007e00000008600,0,ECI_CMD_MRSP_VICD,544972040.150000,8600,108994408030,,15,,,1,,,,2,8600,5,,1,,,,,0
432,0x0007e00000008000,0,ECI_CMD_MREQ_RLDD,544972040.185000,8000,108994408037,,15,,,1,,,1,0,8000,7,,,,0,0,0,
433,0x4807c00000008000,9,ECI_CMD_MRSP_PSHA,544972043.130000,8000,108994408626,0,15,0,,,0,,1,4,8000,5,0,,0,,0,,0
434,0x3803e00000008000,7,ECI_CMD_MREQ_RC2D_S,544972046.345000,8000,108994409269,,15,,,1,,,0,0,8000,7,,,,0,0,0,
435,0x2800300000008100,5,ECI_CMD_MREQ_RLDX,544972046.450000,8100,108994409290,,0,,,1,,,0,0,8100,7,,,,0,4,0,
436,0x2800300000008200,5,ECI_CMD_MREQ_RLDX,544972046.465000,8200,108994409293,,0,,,1,,,0,0,8200,7,,,,0,4,0,
437,0x2800300000008300,5,ECI_CMD_MREQ_RLDX,544972046.480000,8300,108994409296,,0,,,1,,,0,0,8300,7,,,,0,4,0,
438,0x2840300000008400,5,ECI_CMD_MREQ_RLDX,544972046.495000,8400,108994409299,,0,,,1,,,16,0,8400,7,,,,0,4,0,
439,0x2844300000008500,5,ECI_CMD_MREQ_RLDX,544972046.510000,8500,108994409302,,0,,,1,,,17,0,8500,7,,,,0,4,0,
440,0x2844300000008600,5,ECI_CMD_MREQ_RLDX,544972046.525000,8600,108994409305,,0,,,1,,,17,0,8600,7,,,,0,4,0,
441,0x5000000000008000,10,ECI_CMD_MRSP_PEMD,544972046.735000,8000,108994409347,0,0,0,,,0,,0,3,8000,11,0,,0,,0,,0
442,0x5003c00000008100,10,ECI_CMD_MRSP_PEMD,544972047.295000,8100,108994409459,0,15,0,,,0,,0,4,8100,5,0,,0,,0,,0
443,0x5003c00000008200,10,ECI_CMD_MRSP_PEMD,544972047.470000,8200,108994409494,0,15,0,,,0,,0,4,8200,5,0,,0,,0,,0
444,0x5003c00000008300,10,ECI_CMD_MRSP_PEMD,544972047.650000,8300,108994409530,0,15,0,,,0,,0,4,8300,5,0,,0,,0,,0
445,0x0007e00000008100,0,ECI_CMD_MRSP_VICD,544972047.685000,8100,108994409537,,15,,,1,,,,2,8100,5,,1,,,,,0
446,0x5043c00000008400,10,ECI_CMD_MRSP_PEMD,544972047.825000,8400,108994409565,0,15,0,,,0,,16,4,8400,5,0,,0,,0,,0
447,0x0007e00000008200,0,ECI_CMD_MRSP_VICD,544972047.860000,8200,108994409572,,15,,,1,,,,2,8200,5,,1,,,,,0
448,0x5047c00000008500,10,ECI_CMD_MRSP_PEMD,544972048.005000,8500,108994409601,0,15,0,,,0,,17,4,8500,5,0,,0,,0,,0
449,0x0007e00000008300,0,ECI_CMD_MRSP_VICD,544972048.045000,8300,108994409609,,15,,,1,,,,2,8300,5,,1,,,,,0
450,0x5047c00000008600,10,ECI_CMD_MRSP_PEMD,544972048.180000,8600,108994409636,0,15,0,,,0,,17,4,8600,5,0,,0,,0,,0
451,0x0007e00000008400,0,ECI_CMD_MRSP_VICD,544972048.215000,8400,108994409643,,15,,,1,,,,2,8400,5,,1,,,,,0
452,0x0007e00000008500,0,ECI_CMD_MRSP_VICD,544972048.400000,8500,108994409680,,15,,,1,,,,2,8500,5,,1,,,,,0
453,0x0007e00000008600,0,ECI_CMD_MRSP_VICD,544972048.580000,8600,108994409716,,15,,,1,,,,2,8600,5,,1,,,,,0
454,0x5803e40000008000,11,ECI_CMD_MFWD_FEVX_EH,544972049.450000,8000,108994409890,,15,,0,1,,1,,5,8000,9,0,,,0,0,,
455,0x1803e00000008000,3,ECI_CMD_MRSP_VICDHI,544972049.830000,8000,108994409966,,15,,0,1,,,,2,8000,5,,,,,0,,0
456,0x2804300000008100,5,ECI_CMD_MREQ_RLDX,544972054.945000,8100,108994410989,,0,,,1,,,1,0,8100,7,,,,0,4,0,
457,0x2804300000008200,5,ECI_CMD_MREQ_RLDX,544972054.960000,8200,108994410992,,0,,,1,,,1,0,8200,7,,,,0,4,0,
458,0x2804300000008300,5,ECI_CMD_MREQ_RLDX,544972054.975000,8300,108994410995,,0,,,1,,,1,0,8300,7,,,,0,4,0,
459,0x2844300000008400,5,ECI_CMD_MREQ_RLDX,544972054.990000,8400,108994410998,,0,,,1,,,17,0,8400,7,,,,0,4,0,
460,0x2840300000008500,5,ECI_CMD_MREQ_RLDX,544972055.005000,8500,108994411001,,0,,,1,,,16,0,8500,7,,,,0,4,0,
461,0x2840300000008600,5,ECI_CMD_MREQ_RLDX,544972055.020000,8600,108994411004,,0,,,1,,,16,0,8600,7,,,,0,4,0,
462,0x5007c00000008100,10,ECI_CMD_MRSP_PEMD,544972055.795000,8100,108994411159,0,15,0,,,0,,1,4,8100,5,0,,0,,0,,0
463,0x5007c00000008200,10,ECI_CMD_MRSP_PEMD,544972055.970000,8200,108994411194,0,15,0,,,0,,1,4,8200,5,0,,0,,0,,0
464,0x5007c00000008300,10,ECI_CMD_MRSP_PEMD,544972056.150000,8300,108994411230,0,15,0,,,0,,1,4,8300,5,0,,0,,0,,0
465,0x0007e00000008100,0,ECI_CMD_MRSP_VICD,544972056.180000,8100,108994411236,,15,,,1,,,,2,8100,5,,1,,,,,0
466,0x5047c00000008400,10,ECI_CMD_MRSP_PEMD,544972056.325000,8400,108994411265,0,15,0,,,0,,17,4,8400,5,0,,0,,0,,0
467,0x0007e00000008200,0,ECI_CMD_MRSP_VICD,544972056.365000,8200,108994411273,,15,,,1,,,,2,8200,5,,1,,,,,0
468,0x5043c00000008500,10,ECI_CMD_MRSP_PEMD,544972056.505000,8500,108994411301,0,15,0,,,0,,16,4,8500,5,0,,0,,0,,0
469,0x0007e00000008300,0,ECI_CMD_MRSP_VICD,544972056.545000,8300,108994411309,,15,,,1,,,,2,8300,5,,1,,,,,0
470,0x5043c00000008600,10,ECI_CMD_MRSP_PEMD,544972056.680000,8600,108994411336,0,15,0,,,0,,16,4,8600,5,0,,0,,0,,0
471,0x0007e00000008400,0,ECI_CMD_MRSP_VICD,544972056.715000,8400,108994411343,,15,,,1,,,,2,8400,5,,1,,,,,0
472,0x0007e00000008500,0,ECI_CMD_MRSP_VICD,544972056.900000,8500,108994411380,,15,,,1,,,,2,8500,5,,1,,,,,0
473,0x0007e00000008600,0,ECI_CMD_MRSP_VICD,544972057.070000,8600,108994411414,,15,,,1,,,,2,8600,5,,1,,,,,0
474,0x0003e00000008000,0,ECI_CMD_MREQ_RLDD,544972057.165000,8000,108994411433,,15,,,1,,,0,0,8000,7,,,,0,0,0,
475,0x4803c00000008000,9,ECI_CMD_MRSP_PSHA,544972060.105000,8000,108994412021,0,15,0,,,0,,0,4,8000,5,0,,0,,0,,0
476,0x3803e00000008000,7,ECI_CMD_MREQ_RC2D_S,544972063.295000,8000,108994412659,,15,,,1,,,0,0,8000,7,,,,0,0,0,
477,0x2800300000008100,5,ECI_CMD_MREQ_RLDX,544972063.405000,8100,108994412681,,0,,,1,,,0,0,8100,7,,,,0,4,0,
478,0x2804300000008200,5,ECI_CMD_MREQ_RLDX,544972063.420000,8200,108994412684,,0,,,1,,,1,0,8200,7,,,,0,4,0,
479,0x2804300000008300,5,ECI_CMD_MREQ_RLDX,544972063.435000,8300,108994412687,,0,,,1,,,1,0,8300,7,,,,0,4,0,
480,0x2844300000008400,5,ECI_CMD_MREQ_RLDX,544972063.450000,8400,108994412690,,0,,,1,,,17,0,8400,7,,,,0,4,0,
481,0x2840300000008500,5,ECI_CMD_MREQ_RLDX,544972063.465000,8500,108994412693,,0,,,1,,,16,0,8500,7,,,,0,4,0,
482,0x2840300000008600,5,ECI_CMD_MREQ_RLDX,544972063.480000,8600,108994412696,,0,,,1,,,16,0,8600,7,,,,0,4,0,
483,0x5000000000008000,10,ECI_CMD_MRSP_PEMD,544972063.685000,8000,108994412737,0,0,0,,,0,,0,3,8000,11,0,,0,,0,,0
484,0x5003c00000008100,10,ECI_CMD_MRSP_PEMD,544972064.345000,8100,108994412869,0,15,0,,,0,,0,4,8100,5,0,,0,,0,,0
485,0x5007c00000008200,10,ECI_CMD_MRSP_PEMD,544972064.520000,8200,108994412904,0,15,0,,,0,,1,4,8200,5,0,,0,,0,,0
486,0x5007c00000008300,10,ECI_CMD_MRSP_PEMD,544972064.695000,8300,108994412939,0,15,0,,,0,,1,4,8300,5,0,,0,,0,,0
487,0x0007e00000008100,0,ECI_CMD_MRSP_VICD,544972064.735000,8100,108994412947,,15,,,1,,,,2,8100,5,,1,,,,,0
488,0x5047c00000008400,10,ECI_CMD_MRSP_PEMD,544972064.875000,8400,108994412975,0,15,0,,,0,,17,4,8400,5,0,,0,,0,,0
489,0x0007e00000008200,0,ECI_CMD_MRSP_VICD,544972064.900000,8200,108994412980,,15,,,1,,,,2,8200,5,,1,,,,,0
490,0x5043c00000008500,10,ECI_CMD_MRSP_PEMD,544972065.050000,8500,108994413010,0,15,0,,,0,,16,4,8500,5,0,,0,,0,,0
491,0x0007e00000008300,0,ECI_CMD_MRSP_VICD,544972065.085000,8300,108994413017,,15,,,1,,,,2,8300,5,,1,,,,,0
492,0x5043c00000008600,10,ECI_CMD_MRSP_PEMD,544972065.230000,8600,108994413046,0,15,0,,,0,,16,4,8600,5,0,,0,,0,,0
493,0x0007e00000008400,0,ECI_CMD_MRSP_VICD,544972065.265000,8400,108994413053,,15,,,1,,,,2,8400,5,,1,,,,,0
494,0x0007e00000008500,0,ECI_CMD_MRSP_VICD,544972065.445000,8500,108994413089,,15,,,1,,,,2,8500,5,,1,,,,,0
495,0x0007e00000008600,0,ECI_CMD_MRSP_VICD,544972065.620000,8600,108994413124,,15,,,1,,,,2,8600,5,,1,,,,,0
496,0x5803e40000008000,11,ECI_CMD_MFWD_FEVX_EH,544972066.400000,8000,108994413280,,15,,0,1,,1,,5,8000,9,0,,,0,0,,
497,0x1803e00000008000,3,ECI_CMD_MRSP_VICDHI,544972066.780000,8000,108994413356,,15,,0,1,,,,2,8000,5,,,,,0,,0
498,0x2800300000008100,5,ECI_CMD_MREQ_RLDX,544972071.910000,8100,108994414382,,0,,,1,,,0,0,8100,7,,,,0,4,0,
499,0x2804300000008200,5,ECI_CMD_MREQ_RLDX,544972071.925000,8200,108994414385,,0,,,1,,,1,0,8200,7,,,,0,4,0,
500,0x2800300000008300,5,ECI_CMD_MREQ_RLDX,544972071.940000,8300,108994414388,,0,,,1,,,0,0,8300,7,,,,0,4,0,
501,0x2840300000008400,5,ECI_CMD_MREQ_RLDX,544972071.955000,8400,108994414391,,0,,,1,,,16,0,8400,7,,,,0,4,0,
502,0x2844300000008500,5,ECI_CMD_MREQ_RLDX,544972071.970000,8500,108994414394,,0,,,1,,,17,0,8500,7,,,,0,4,0,
503,0x2840300000008600,5,ECI_CMD_MREQ_RLDX,544972071.985000,8600,108994414397,,0,,,1,,,16,0,8600,7,,,,0,4,0,
504,0x5003c00000008100,10,ECI_CMD_MRSP_PEMD,544972072.760000,8100,108994414552,0,15,0,,,0,,0,4,8100,5,0,,0,,0,,0
505,0x5007c00000008200,10,ECI_CMD_MRSP_PEMD,544972072.940000,8200,108994414588,0,15,0,,,0,,1,4,8200,5,0,,0,,0,,0
506,0x5003c00000008300,10,ECI_CMD_MRSP_PEMD,544972073.115000,8300,108994414623,0,15,0,,,0,,0,4,8300,5,0,,0,,0,,0
507,0x0007e00000008100,0,ECI_CMD_MRSP_VICD,544972073.155000,8100,108994414631,,15,,,1,,,,2,8100,5,,1,,,,,0
508,0x5043c00000008400,10,ECI_CMD_MRSP_PEMD,544972073.295000,8400,108994414659,0,15,0,,,0,,16,4,8400,5,0,,0,,0,,0
509,0x0007e00000008200,0,ECI_CMD_MRSP_VICD,544972073.340000,8200,108994414668,,15,,,1,,,,2,8200,5,,1,,,,,0
510,0x5047c00000008500,10,ECI_CMD_MRSP_PEMD,544972073.470000,8500,108994414694,0,15,0,,,0,,17,4,8500,5,0,,0,,0,,0
511,0x0007e00000008300,0,ECI_CMD_MRSP_VICD,544972073.510000,8300,108994414702,,15,,,1,,,,2,8300,5,,1,,,,,0
512,0x5043c00000008600,10,ECI_CMD_MRSP_PEMD,544972073.650000,8600,108994414730,0,15,0,,,0,,16,4,8600,5,0,,0,,0,,0
513,0x0007e00000008400,0,ECI_CMD_MRSP_VICD,544972073.690000,8400,108994414738,,15,,,1,,,,2,8400,5,,1,,,,,0
514,0x0007e00000008500,0,ECI_CMD_MRSP_VICD,544972073.870000,8500,108994414774,,15,,,1,,,,2,8500,5,,1,,,,,0
515,0x0007e00000008600,0,ECI_CMD_MRSP_VICD,544972074.050000,8600,108994414810,,15,,,1,,,,2,8600,5,,1,,,,,0
516,0x0003e00000008000,0,ECI_CMD_MREQ_RLDD,544972074.130000,8000,108994414826,,15,,,1,,,0,0,8000,7,,,,0,0,0,
517,0x4803c00000008000,9,ECI_CMD_MRSP_PSHA,544972077.080000,8000,108994415416,0,15,0,,,0,,0,4,8000,5,0,,0,,0,,0
518,0x7003e40000000000,14,ECI_CMD_MFWD_SINV_H,544972078.470000,0,108994415694,,15,,0,1,,1,,5,0,9,0,,,0,0,,
519,0x2000200000000000,4,ECI_CMD_MRSP_HAKD,544972078.795000,0,108994415759,,0,,0,1,,,,1,0,11,,,,,0,,0
520,0x3803e00000008000,7,ECI_CMD_MREQ_RC2D_S,544972081.745000,8000,108994416349,,15,,,1,,,0,0,8000,7,,,,0,0,0,
521,0x2800300000008100,5,ECI_CMD_MREQ_RLDX,544972081.855000,8100,108994416371,,0,,,1,,,0,0,8100,7,,,,0,4,0,
522,0x2800300000008200,5,ECI_CMD_MREQ_RLDX,544972081.870000,8200,108994416374,,0,,,1,,,0,0,8200,7,,,,0,4,0,
523,0x2800300000008300,5,ECI_CMD_MREQ_RLDX,544972081.885000,8300,108994416377,,0,,,1,,,0,0,8300,7,,,,0,4,0,
524,0x2844300000008400,5,ECI_CMD_MREQ_RLDX,544972081.900000,8400,108994416380,,0,,,1,,,17,0,8400,7,,,,0,4,0,
525,0x2840300000008500,5,ECI_CMD_MREQ_RLDX,544972081.915000,8500,108994416383,,0,,,1,,,16,0,8500,7,,,,0,4,0,
526,0x2844300000008600,5,ECI_CMD_MREQ_RLDX,544972081.930000,8600,108994416386,,0,,,1,,,17,0,8600,7,,,,0,4,0,
527,0x5000000000008000,10,ECI_CMD_MRSP_PEMD,544972082.135000,8000,108994416427,0,0,0,,,0,,0,3,8000,11,0,,0,,0,,0
528,0x5003c00000008100,10,ECI_CMD_MRSP_PEMD,544972082.795000,8100,108994416559,0,15,0,,,0,,0,4,8100,5,0,,0,,0,,0
17,0x5003c00000008200,10,ECI_CMD_MRSP_PEMD,544972082.970000,8200,108994416594,0,15,0,,,0,,0,4,8200,5,0,,0,,0,,0
18,0x5003c00000008300,10,ECI_CMD_MRSP_PEMD,544972083.145000,8300,108994416629,0,15,0,,,0,,0,4,8300,5,0,,0,,0,,0
19,0x0007e00000008100,0,ECI_CMD_MRSP_VICD,544972083.190000,8100,108994416638,,15,,,1,,,,2,8100,5,,1,,,,,0
20,0x5047c00000008400,10,ECI_CMD_MRSP_PEMD,544972083.325000,8400,108994416665,0,15,0,,,0,,17,4,8400,5,0,,0,,0,,0
21,0x0007e00000008200,0,ECI_CMD_MRSP_VICD,544972083.365000,8200,108994416673,,15,,,1,,,,2,8200,5,,1,,,,,0
22,0x5043c00000008500,10,ECI_CMD_MRSP_PEMD,544972083.500000,8500,108994416700,0,15,0,,,0,,16,4,8500,5,0,,0,,0,,0
23,0x0007e00000008300,0,ECI_CMD_MRSP_VICD,544972083.535000,8300,108994416707,,15,,,1,,,,2,8300,5,,1,,,,,0
24,0x5047c00000008600,10,ECI_CMD_MRSP_PEMD,544972083.680000,8600,108994416736,0,15,0,,,0,,17,4,8600,5,0,,0,,0,,0
25,0x0007e00000008400,0,ECI_CMD_MRSP_VICD,544972083.720000,8400,108994416744,,15,,,1,,,,2,8400,5,,1,,,,,0
26,0x0007e00000008500,0,ECI_CMD_MRSP_VICD,544972083.890000,8500,108994416778,,15,,,1,,,,2,8500,5,,1,,,,,0
27,0x0007e00000008600,0,ECI_CMD_MRSP_VICD,544972084.075000,8600,108994416815,,15,,,1,,,,2,8600,5,,1,,,,,0
28,0x5803e40000008000,11,ECI_CMD_MFWD_FEVX_EH,544972084.890000,8000,108994416978,,15,,0,1,,1,,5,8000,9,0,,,0,0,,
29,0x1803e00000008000,3,ECI_CMD_MRSP_VICDHI,544972085.275000,8000,108994417055,,15,,0,1,,,,2,8000,5,,,,,0,,0
30,0x0007e00000000000,0,ECI_CMD_MREQ_RLDD,544972087.670000,0,108994417534,,15,,,1,,,1,0,0,7,,,,0,0,0,
31,0x4807c00000000000,9,ECI_CMD_MRSP_PSHA,544972089.955000,0,108994417991,0,15,0,,,0,,1,4,0,5,0,,0,,0,,0
32,0x2800300000008100,5,ECI_CMD_MREQ_RLDX,544972092.010000,8100,108994418402,,0,,,1,,,0,0,8100,7,,,,0,4,0,
33,0x2800300000008200,5,ECI_CMD_MREQ_RLDX,544972092.025000,8200,108994418405,,0,,,1,,,0,0,8200,7,,,,0,4,0,
34,0x2800300000008300,5,ECI_CMD_MREQ_RLDX,544972092.040000,8300,108994418408,,0,,,1,,,0,0,8300,7,,,,0,4,0,
35,0x2840300000008400,5,ECI_CMD_MREQ_RLDX,544972092.055000,8400,108994418411,,0,,,1,,,16,0,8400,7,,,,0,4,0,
36,0x2840300000008500,5,ECI_CMD_MREQ_RLDX,544972092.070000,8500,108994418414,,0,,,1,,,16,0,8500,7,,,,0,4,0,
37,0x2840300000008600,5,ECI_CMD_MREQ_RLDX,544972092.085000,8600,108994418417,,0,,,1,,,16,0,8600,7,,,,0,4,0,
38,0x5003c00000008100,10,ECI_CMD_MRSP_PEMD,544972092.855000,8100,108994418571,0,15,0,,,0,,0,4,8100,5,0,,0,,0,,0
39,0x5003c00000008200,10,ECI_CMD_MRSP_PEMD,544972093.035000,8200,108994418607,0,15,0,,,0,,0,4,8200,5,0,,0,,0,,0
40,0x5003c00000008300,10,ECI_CMD_MRSP_PEMD,544972093.210000,8300,108994418642,0,15,0,,,0,,0,4,8300,5,0,,0,,0,,0
41,0x0007e00000008100,0,ECI_CMD_MRSP_VICD,544972093.245000,8100,108994418649,,15,,,1,,,,2,8100,5,,1,,,,,0
42,0x5043c00000008400,10,ECI_CMD_MRSP_PEMD,544972093.385000,8400,108994418677,0,15,0,,,0,,16,4,8400,5,0,,0,,0,,0
43,0x0007e00000008200,0,ECI_CMD_MRSP_VICD,544972093.430000,8200,108994418686,,15,,,1,,,,2,8200,5,,1,,,,,0
44,0x5043c00000008500,10,ECI_CMD_MRSP_PEMD,544972093.565000,8500,108994418713,0,15,0,,,0,,16,4,8500,5,0,,0,,0,,0
45,0x0007e00000008300,0,ECI_CMD_MRSP_VICD,544972093.605000,8300,108994418721,,15,,,1,,,,2,8300,5,,1,,,,,0
46,0x5043c00000008600,10,ECI_CMD_MRSP_PEMD,544972093.740000,8600,108994418748,0,15,0,,,0,,16,4,8600,5,0,,0,,0,,0
47,0x0007e00000008400,0,ECI_CMD_MRSP_VICD,544972093.775000,8400,108994418755,,15,,,1,,,,2,8400,5,,1,,,,,0
48,0x0007e00000008500,0,ECI_CMD_MRSP_VICD,544972093.960000,8500,108994418792,,15,,,1,,,,2,8500,5,,1,,,,,0
49,0x0007e00000008600,0,ECI_CMD_MRSP_VICD,544972094.130000,8600,108994418826,,15,,,1,,,,2,8600,5,,1,,,,,0
50,0x0003e00000008000,0,ECI_CMD_MREQ_RLDD,544972094.225000,8000,108994418845,,15,,,1,,,0,0,8000,7,,,,0,0,0,
